campaign_id,campaign_name,ad_group,keyword,match_type,theme,geo_level
to-israel,Air Ambulance TO Israel,Core High Intent,air ambulance to israel,Exact,to_israel,global
to-israel,Air Ambulance TO Israel,Core High Intent,air ambulance to israel,Phrase,to_israel,global
to-israel,Air Ambulance TO Israel,Core High Intent,medical flight to israel,Exact,to_israel,global
to-israel,Air Ambulance TO Israel,Core High Intent,medical flight to israel,Phrase,to_israel,global
to-israel,Air Ambulance TO Israel,Core High Intent,fly patient to israel,Exact,to_israel,global
to-israel,Air Ambulance TO Israel,Core High Intent,fly patient to israel,Phrase,to_israel,global
to-israel,Air Ambulance TO Israel,Core High Intent,medical repatriation to israel,Exact,to_israel,global
to-israel,Air Ambulance TO Israel,Core High Intent,medical repatriation to israel,Phrase,to_israel,global
to-israel,Air Ambulance TO Israel,Core High Intent,emergency medical flight to israel,Exact,to_israel,global
to-israel,Air Ambulance TO Israel,Core High Intent,emergency medical flight to israel,Phrase,to_israel,global
to-israel,Air Ambulance TO Israel,Core High Intent,private air ambulance to israel,Exact,to_israel,global
to-israel,Air Ambulance TO Israel,Core High Intent,private air ambulance to israel,Phrase,to_israel,global
to-israel,Air Ambulance TO Israel,Core High Intent,icu air ambulance to israel,Exact,to_israel,global
to-israel,Air Ambulance TO Israel,Core High Intent,icu air ambulance to israel,Phrase,to_israel,global
to-israel,Air Ambulance TO Israel,Core High Intent,patient transfer to israel,Exact,to_israel,global
to-israel,Air Ambulance TO Israel,Core High Intent,patient transfer to israel,Phrase,to_israel,global
to-israel,Air Ambulance TO Israel,Core High Intent,medical transport to israel,Exact,to_israel,global
to-israel,Air Ambulance TO Israel,Core High Intent,medical transport to israel,Phrase,to_israel,global
to-israel,Air Ambulance TO Israel,Core High Intent,critical care flight to israel,Exact,to_israel,global
to-israel,Air Ambulance TO Israel,Core High Intent,critical care flight to israel,Phrase,to_israel,global
to-israel,Air Ambulance TO Israel,Core High Intent,air ambulance israel from abroad,Exact,to_israel,global
to-israel,Air Ambulance TO Israel,Core High Intent,air ambulance israel from abroad,Phrase,to_israel,global
to-israel,Air Ambulance TO Israel,Core High Intent,bring patient home to israel,Exact,to_israel,global
to-israel,Air Ambulance TO Israel,Core High Intent,bring patient home to israel,Phrase,to_israel,global
to-israel,Air Ambulance TO Israel,Core High Intent,medical evacuation to israel,Exact,to_israel,global
to-israel,Air Ambulance TO Israel,Core High Intent,medical evacuation to israel,Phrase,to_israel,global
to-israel,Air Ambulance TO Israel,Core High Intent,medevac to israel,Exact,to_israel,global
to-israel,Air Ambulance TO Israel,Core High Intent,medevac to israel,Phrase,to_israel,global
to-israel,Air Ambulance TO Israel,Core High Intent,international air ambulance israel,Exact,to_israel,global
to-israel,Air Ambulance TO Israel,Core High Intent,international air ambulance israel,Phrase,to_israel,global
to-israel,Air Ambulance TO Israel,Core High Intent,air ambulance tel aviv,Exact,to_israel,global
to-israel,Air Ambulance TO Israel,Core High Intent,air ambulance tel aviv,Phrase,to_israel,global
to-israel,Air Ambulance TO Israel,Core High Intent,medical flight tel aviv,Exact,to_israel,global
to-israel,Air Ambulance TO Israel,Core High Intent,medical flight tel aviv,Phrase,to_israel,global
to-israel,Air Ambulance TO Israel,Core High Intent,air ambulance jerusalem,Exact,to_israel,global
to-israel,Air Ambulance TO Israel,Core High Intent,air ambulance jerusalem,Phrase,to_israel,global
from-israel,Air Ambulance FROM Israel,Core High Intent,air ambulance from israel,Exact,from_israel,global
from-israel,Air Ambulance FROM Israel,Core High Intent,air ambulance from israel,Phrase,from_israel,global
from-israel,Air Ambulance FROM Israel,Core High Intent,medical flight from israel,Exact,from_israel,global
from-israel,Air Ambulance FROM Israel,Core High Intent,medical flight from israel,Phrase,from_israel,global
from-israel,Air Ambulance FROM Israel,Core High Intent,fly patient from israel,Exact,from_israel,global
from-israel,Air Ambulance FROM Israel,Core High Intent,fly patient from israel,Phrase,from_israel,global
from-israel,Air Ambulance FROM Israel,Core High Intent,medical repatriation from israel,Exact,from_israel,global
from-israel,Air Ambulance FROM Israel,Core High Intent,medical repatriation from israel,Phrase,from_israel,global
from-israel,Air Ambulance FROM Israel,Core High Intent,emergency medical flight from israel,Exact,from_israel,global
from-israel,Air Ambulance FROM Israel,Core High Intent,emergency medical flight from israel,Phrase,from_israel,global
from-israel,Air Ambulance FROM Israel,Core High Intent,private air ambulance from israel,Exact,from_israel,global
from-israel,Air Ambulance FROM Israel,Core High Intent,private air ambulance from israel,Phrase,from_israel,global
from-israel,Air Ambulance FROM Israel,Core High Intent,patient transfer from israel,Exact,from_israel,global
from-israel,Air Ambulance FROM Israel,Core High Intent,patient transfer from israel,Phrase,from_israel,global
from-israel,Air Ambulance FROM Israel,Core High Intent,medical transport from israel,Exact,from_israel,global
from-israel,Air Ambulance FROM Israel,Core High Intent,medical transport from israel,Phrase,from_israel,global
from-israel,Air Ambulance FROM Israel,Core High Intent,air ambulance out of israel,Exact,from_israel,global
from-israel,Air Ambulance FROM Israel,Core High Intent,air ambulance out of israel,Phrase,from_israel,global
from-israel,Air Ambulance FROM Israel,Core High Intent,leave israel medical flight,Exact,from_israel,global
from-israel,Air Ambulance FROM Israel,Core High Intent,leave israel medical flight,Phrase,from_israel,global
from-israel,Air Ambulance FROM Israel,Core High Intent,international transfer from israel,Exact,from_israel,global
from-israel,Air Ambulance FROM Israel,Core High Intent,international transfer from israel,Phrase,from_israel,global
from-israel,Air Ambulance FROM Israel,Core High Intent,icu transport from israel,Exact,from_israel,global
from-israel,Air Ambulance FROM Israel,Core High Intent,icu transport from israel,Phrase,from_israel,global
from-israel,Air Ambulance FROM Israel,Core High Intent,air ambulance tel aviv to abroad,Exact,from_israel,global
from-israel,Air Ambulance FROM Israel,Core High Intent,air ambulance tel aviv to abroad,Phrase,from_israel,global
medical-repatriation,Medical Repatriation,Core High Intent,medical repatriation,Exact,repatriation,global
medical-repatriation,Medical Repatriation,Core High Intent,medical repatriation,Phrase,repatriation,global
medical-repatriation,Medical Repatriation,Core High Intent,medical repatriation israel,Exact,repatriation,global
medical-repatriation,Medical Repatriation,Core High Intent,medical repatriation israel,Phrase,repatriation,global
medical-repatriation,Medical Repatriation,Core High Intent,patient repatriation flight,Exact,repatriation,global
medical-repatriation,Medical Repatriation,Core High Intent,patient repatriation flight,Phrase,repatriation,global
medical-repatriation,Medical Repatriation,Core High Intent,repatriation medical flight,Exact,repatriation,global
medical-repatriation,Medical Repatriation,Core High Intent,repatriation medical flight,Phrase,repatriation,global
medical-repatriation,Medical Repatriation,Core High Intent,repatriation air ambulance,Exact,repatriation,global
medical-repatriation,Medical Repatriation,Core High Intent,repatriation air ambulance,Phrase,repatriation,global
medical-repatriation,Medical Repatriation,Core High Intent,fly home medical repatriation,Exact,repatriation,global
medical-repatriation,Medical Repatriation,Core High Intent,fly home medical repatriation,Phrase,repatriation,global
medical-repatriation,Medical Repatriation,Core High Intent,international medical repatriation,Exact,repatriation,global
medical-repatriation,Medical Repatriation,Core High Intent,international medical repatriation,Phrase,repatriation,global
medical-repatriation,Medical Repatriation,Core High Intent,repatriation with medical escort,Exact,repatriation,global
medical-repatriation,Medical Repatriation,Core High Intent,repatriation with medical escort,Phrase,repatriation,global
medical-repatriation,Medical Repatriation,Core High Intent,private medical repatriation,Exact,repatriation,global
medical-repatriation,Medical Repatriation,Core High Intent,private medical repatriation,Phrase,repatriation,global
medical-repatriation,Medical Repatriation,Core High Intent,emergency medical repatriation,Exact,repatriation,global
medical-repatriation,Medical Repatriation,Core High Intent,emergency medical repatriation,Phrase,repatriation,global
intl-patient-transfer,International Patient Transfer,Core High Intent,international patient transfer,Exact,transfer,global
intl-patient-transfer,International Patient Transfer,Core High Intent,international patient transfer,Phrase,transfer,global
intl-patient-transfer,International Patient Transfer,Core High Intent,international medical transport,Exact,transfer,global
intl-patient-transfer,International Patient Transfer,Core High Intent,international medical transport,Phrase,transfer,global
intl-patient-transfer,International Patient Transfer,Core High Intent,cross border patient transfer,Exact,transfer,global
intl-patient-transfer,International Patient Transfer,Core High Intent,cross border patient transfer,Phrase,transfer,global
intl-patient-transfer,International Patient Transfer,Core High Intent,overseas patient transfer,Exact,transfer,global
intl-patient-transfer,International Patient Transfer,Core High Intent,overseas patient transfer,Phrase,transfer,global
intl-patient-transfer,International Patient Transfer,Core High Intent,hospital to hospital air transfer,Exact,transfer,global
intl-patient-transfer,International Patient Transfer,Core High Intent,hospital to hospital air transfer,Phrase,transfer,global
intl-patient-transfer,International Patient Transfer,Core High Intent,international hospital transfer,Exact,transfer,global
intl-patient-transfer,International Patient Transfer,Core High Intent,international hospital transfer,Phrase,transfer,global
intl-patient-transfer,International Patient Transfer,Core High Intent,long distance patient transfer,Exact,transfer,global
intl-patient-transfer,International Patient Transfer,Core High Intent,long distance patient transfer,Phrase,transfer,global
intl-patient-transfer,International Patient Transfer,Core High Intent,international critical care transfer,Exact,transfer,global
intl-patient-transfer,International Patient Transfer,Core High Intent,international critical care transfer,Phrase,transfer,global
intl-patient-transfer,International Patient Transfer,Core High Intent,patient transfer israel,Exact,transfer,global
intl-patient-transfer,International Patient Transfer,Core High Intent,patient transfer israel,Phrase,transfer,global
intl-patient-transfer,International Patient Transfer,Core High Intent,medical transfer flight,Exact,transfer,global
intl-patient-transfer,International Patient Transfer,Core High Intent,medical transfer flight,Phrase,transfer,global
icu-air-ambulance,ICU Air Ambulance,Core High Intent,icu air ambulance,Exact,icu,global
icu-air-ambulance,ICU Air Ambulance,Core High Intent,icu air ambulance,Phrase,icu,global
icu-air-ambulance,ICU Air Ambulance,Core High Intent,icu medical flight,Exact,icu,global
icu-air-ambulance,ICU Air Ambulance,Core High Intent,icu medical flight,Phrase,icu,global
icu-air-ambulance,ICU Air Ambulance,Core High Intent,intensive care air ambulance,Exact,icu,global
icu-air-ambulance,ICU Air Ambulance,Core High Intent,intensive care air ambulance,Phrase,icu,global
icu-air-ambulance,ICU Air Ambulance,Core High Intent,critical care air ambulance,Exact,icu,global
icu-air-ambulance,ICU Air Ambulance,Core High Intent,critical care air ambulance,Phrase,icu,global
icu-air-ambulance,ICU Air Ambulance,Core High Intent,icu patient transport flight,Exact,icu,global
icu-air-ambulance,ICU Air Ambulance,Core High Intent,icu patient transport flight,Phrase,icu,global
icu-air-ambulance,ICU Air Ambulance,Core High Intent,ventilator air ambulance,Exact,icu,global
icu-air-ambulance,ICU Air Ambulance,Core High Intent,ventilator air ambulance,Phrase,icu,global
icu-air-ambulance,ICU Air Ambulance,Core High Intent,critical care medical flight,Exact,icu,global
icu-air-ambulance,ICU Air Ambulance,Core High Intent,critical care medical flight,Phrase,icu,global
icu-air-ambulance,ICU Air Ambulance,Core High Intent,mobile icu flight,Exact,icu,global
icu-air-ambulance,ICU Air Ambulance,Core High Intent,mobile icu flight,Phrase,icu,global
icu-air-ambulance,ICU Air Ambulance,Core High Intent,icu transport israel,Exact,icu,global
icu-air-ambulance,ICU Air Ambulance,Core High Intent,icu transport israel,Phrase,icu,global
icu-air-ambulance,ICU Air Ambulance,Core High Intent,intensive care medical transport,Exact,icu,global
icu-air-ambulance,ICU Air Ambulance,Core High Intent,intensive care medical transport,Phrase,icu,global
emergency-medical-flight,Emergency Medical Flight,Core High Intent,emergency medical flight,Exact,emergency,global
emergency-medical-flight,Emergency Medical Flight,Core High Intent,emergency medical flight,Phrase,emergency,global
emergency-medical-flight,Emergency Medical Flight,Core High Intent,emergency air ambulance,Exact,emergency,global
emergency-medical-flight,Emergency Medical Flight,Core High Intent,emergency air ambulance,Phrase,emergency,global
emergency-medical-flight,Emergency Medical Flight,Core High Intent,urgent medical flight,Exact,emergency,global
emergency-medical-flight,Emergency Medical Flight,Core High Intent,urgent medical flight,Phrase,emergency,global
emergency-medical-flight,Emergency Medical Flight,Core High Intent,emergency patient transfer flight,Exact,emergency,global
emergency-medical-flight,Emergency Medical Flight,Core High Intent,emergency patient transfer flight,Phrase,emergency,global
emergency-medical-flight,Emergency Medical Flight,Core High Intent,24 hour air ambulance,Exact,emergency,global
emergency-medical-flight,Emergency Medical Flight,Core High Intent,24 hour air ambulance,Phrase,emergency,global
emergency-medical-flight,Emergency Medical Flight,Core High Intent,emergency medevac,Exact,emergency,global
emergency-medical-flight,Emergency Medical Flight,Core High Intent,emergency medevac,Phrase,emergency,global
emergency-medical-flight,Emergency Medical Flight,Core High Intent,urgent air ambulance israel,Exact,emergency,global
emergency-medical-flight,Emergency Medical Flight,Core High Intent,urgent air ambulance israel,Phrase,emergency,global
emergency-medical-flight,Emergency Medical Flight,Core High Intent,emergency medical transport flight,Exact,emergency,global
emergency-medical-flight,Emergency Medical Flight,Core High Intent,emergency medical transport flight,Phrase,emergency,global
emergency-medical-flight,Emergency Medical Flight,Core High Intent,same day air ambulance,Exact,emergency,global
emergency-medical-flight,Emergency Medical Flight,Core High Intent,same day air ambulance,Phrase,emergency,global
emergency-medical-flight,Emergency Medical Flight,Core High Intent,emergency medical evacuation flight,Exact,emergency,global
emergency-medical-flight,Emergency Medical Flight,Core High Intent,emergency medical evacuation flight,Phrase,emergency,global
private-air-ambulance,Private Air Ambulance,Core High Intent,private air ambulance,Exact,private,global
private-air-ambulance,Private Air Ambulance,Core High Intent,private air ambulance,Phrase,private,global
private-air-ambulance,Private Air Ambulance,Core High Intent,private medical flight,Exact,private,global
private-air-ambulance,Private Air Ambulance,Core High Intent,private medical flight,Phrase,private,global
private-air-ambulance,Private Air Ambulance,Core High Intent,private jet air ambulance,Exact,private,global
private-air-ambulance,Private Air Ambulance,Core High Intent,private jet air ambulance,Phrase,private,global
private-air-ambulance,Private Air Ambulance,Core High Intent,private air ambulance israel,Exact,private,global
private-air-ambulance,Private Air Ambulance,Core High Intent,private air ambulance israel,Phrase,private,global
private-air-ambulance,Private Air Ambulance,Core High Intent,charter air ambulance,Exact,private,global
private-air-ambulance,Private Air Ambulance,Core High Intent,charter air ambulance,Phrase,private,global
private-air-ambulance,Private Air Ambulance,Core High Intent,private critical care flight,Exact,private,global
private-air-ambulance,Private Air Ambulance,Core High Intent,private critical care flight,Phrase,private,global
private-air-ambulance,Private Air Ambulance,Core High Intent,private medical jet,Exact,private,global
private-air-ambulance,Private Air Ambulance,Core High Intent,private medical jet,Phrase,private,global
private-air-ambulance,Private Air Ambulance,Core High Intent,hire private air ambulance,Exact,private,global
private-air-ambulance,Private Air Ambulance,Core High Intent,hire private air ambulance,Phrase,private,global
private-air-ambulance,Private Air Ambulance,Core High Intent,private ambulance flight,Exact,private,global
private-air-ambulance,Private Air Ambulance,Core High Intent,private ambulance flight,Phrase,private,global
private-air-ambulance,Private Air Ambulance,Core High Intent,family paid air ambulance,Exact,private,global
private-air-ambulance,Private Air Ambulance,Core High Intent,family paid air ambulance,Phrase,private,global
medical-escort,Medical Escort Flights,Core High Intent,medical escort flight,Exact,escort,global
medical-escort,Medical Escort Flights,Core High Intent,medical escort flight,Phrase,escort,global
medical-escort,Medical Escort Flights,Core High Intent,flight medical escort,Exact,escort,global
medical-escort,Medical Escort Flights,Core High Intent,flight medical escort,Phrase,escort,global
medical-escort,Medical Escort Flights,Core High Intent,doctor escort flight,Exact,escort,global
medical-escort,Medical Escort Flights,Core High Intent,doctor escort flight,Phrase,escort,global
medical-escort,Medical Escort Flights,Core High Intent,paramedic escort flight,Exact,escort,global
medical-escort,Medical Escort Flights,Core High Intent,paramedic escort flight,Phrase,escort,global
medical-escort,Medical Escort Flights,Core High Intent,medical escort israel,Exact,escort,global
medical-escort,Medical Escort Flights,Core High Intent,medical escort israel,Phrase,escort,global
medical-escort,Medical Escort Flights,Core High Intent,nurse escort flight,Exact,escort,global
medical-escort,Medical Escort Flights,Core High Intent,nurse escort flight,Phrase,escort,global
medical-escort,Medical Escort Flights,Core High Intent,international medical escort,Exact,escort,global
medical-escort,Medical Escort Flights,Core High Intent,international medical escort,Phrase,escort,global
medical-escort,Medical Escort Flights,Core High Intent,medical companion flight,Exact,escort,global
medical-escort,Medical Escort Flights,Core High Intent,medical companion flight,Phrase,escort,global
medical-escort,Medical Escort Flights,Core High Intent,flight nurse escort,Exact,escort,global
medical-escort,Medical Escort Flights,Core High Intent,flight nurse escort,Phrase,escort,global
medical-escort,Medical Escort Flights,Core High Intent,medical escort service,Exact,escort,global
medical-escort,Medical Escort Flights,Core High Intent,medical escort service,Phrase,escort,global
commercial-escort,Commercial Flight Medical Escort,Core High Intent,commercial flight medical escort,Exact,commercial_escort,global
commercial-escort,Commercial Flight Medical Escort,Core High Intent,commercial flight medical escort,Phrase,commercial_escort,global
commercial-escort,Commercial Flight Medical Escort,Core High Intent,medical escort commercial flight,Exact,commercial_escort,global
commercial-escort,Commercial Flight Medical Escort,Core High Intent,medical escort commercial flight,Phrase,commercial_escort,global
commercial-escort,Commercial Flight Medical Escort,Core High Intent,doctor on commercial flight,Exact,commercial_escort,global
commercial-escort,Commercial Flight Medical Escort,Core High Intent,doctor on commercial flight,Phrase,commercial_escort,global
commercial-escort,Commercial Flight Medical Escort,Core High Intent,paramedic commercial flight escort,Exact,commercial_escort,global
commercial-escort,Commercial Flight Medical Escort,Core High Intent,paramedic commercial flight escort,Phrase,commercial_escort,global
commercial-escort,Commercial Flight Medical Escort,Core High Intent,airline medical escort,Exact,commercial_escort,global
commercial-escort,Commercial Flight Medical Escort,Core High Intent,airline medical escort,Phrase,commercial_escort,global
commercial-escort,Commercial Flight Medical Escort,Core High Intent,commercial stretcher medical escort,Exact,commercial_escort,global
commercial-escort,Commercial Flight Medical Escort,Core High Intent,commercial stretcher medical escort,Phrase,commercial_escort,global
commercial-escort,Commercial Flight Medical Escort,Core High Intent,fit to fly medical escort,Exact,commercial_escort,global
commercial-escort,Commercial Flight Medical Escort,Core High Intent,fit to fly medical escort,Phrase,commercial_escort,global
commercial-escort,Commercial Flight Medical Escort,Core High Intent,scheduled flight medical escort,Exact,commercial_escort,global
commercial-escort,Commercial Flight Medical Escort,Core High Intent,scheduled flight medical escort,Phrase,commercial_escort,global
commercial-escort,Commercial Flight Medical Escort,Core High Intent,economy medical escort flight,Exact,commercial_escort,global
commercial-escort,Commercial Flight Medical Escort,Core High Intent,economy medical escort flight,Phrase,commercial_escort,global
commercial-escort,Commercial Flight Medical Escort,Core High Intent,commercial air medical escort israel,Exact,commercial_escort,global
commercial-escort,Commercial Flight Medical Escort,Core High Intent,commercial air medical escort israel,Phrase,commercial_escort,global
stretcher-flights,Stretcher Flights,Core High Intent,stretcher flight,Exact,stretcher,global
stretcher-flights,Stretcher Flights,Core High Intent,stretcher flight,Phrase,stretcher,global
stretcher-flights,Stretcher Flights,Core High Intent,stretcher air ambulance,Exact,stretcher,global
stretcher-flights,Stretcher Flights,Core High Intent,stretcher air ambulance,Phrase,stretcher,global
stretcher-flights,Stretcher Flights,Core High Intent,airline stretcher service,Exact,stretcher,global
stretcher-flights,Stretcher Flights,Core High Intent,airline stretcher service,Phrase,stretcher,global
stretcher-flights,Stretcher Flights,Core High Intent,stretcher medical flight,Exact,stretcher,global
stretcher-flights,Stretcher Flights,Core High Intent,stretcher medical flight,Phrase,stretcher,global
stretcher-flights,Stretcher Flights,Core High Intent,commercial stretcher flight,Exact,stretcher,global
stretcher-flights,Stretcher Flights,Core High Intent,commercial stretcher flight,Phrase,stretcher,global
stretcher-flights,Stretcher Flights,Core High Intent,stretcher transport flight,Exact,stretcher,global
stretcher-flights,Stretcher Flights,Core High Intent,stretcher transport flight,Phrase,stretcher,global
stretcher-flights,Stretcher Flights,Core High Intent,patient stretcher flight israel,Exact,stretcher,global
stretcher-flights,Stretcher Flights,Core High Intent,patient stretcher flight israel,Phrase,stretcher,global
stretcher-flights,Stretcher Flights,Core High Intent,book stretcher on flight,Exact,stretcher,global
stretcher-flights,Stretcher Flights,Core High Intent,book stretcher on flight,Phrase,stretcher,global
stretcher-flights,Stretcher Flights,Core High Intent,international stretcher flight,Exact,stretcher,global
stretcher-flights,Stretcher Flights,Core High Intent,international stretcher flight,Phrase,stretcher,global
stretcher-flights,Stretcher Flights,Core High Intent,hospital stretcher flight,Exact,stretcher,global
stretcher-flights,Stretcher Flights,Core High Intent,hospital stretcher flight,Phrase,stretcher,global
bed-to-bed,Bed to Bed Medical Transport,Core High Intent,bed to bed medical transport,Exact,bed_to_bed,global
bed-to-bed,Bed to Bed Medical Transport,Core High Intent,bed to bed medical transport,Phrase,bed_to_bed,global
bed-to-bed,Bed to Bed Medical Transport,Core High Intent,bedside to bedside air ambulance,Exact,bed_to_bed,global
bed-to-bed,Bed to Bed Medical Transport,Core High Intent,bedside to bedside air ambulance,Phrase,bed_to_bed,global
bed-to-bed,Bed to Bed Medical Transport,Core High Intent,bed to bed air ambulance,Exact,bed_to_bed,global
bed-to-bed,Bed to Bed Medical Transport,Core High Intent,bed to bed air ambulance,Phrase,bed_to_bed,global
bed-to-bed,Bed to Bed Medical Transport,Core High Intent,door to door medical flight,Exact,bed_to_bed,global
bed-to-bed,Bed to Bed Medical Transport,Core High Intent,door to door medical flight,Phrase,bed_to_bed,global
bed-to-bed,Bed to Bed Medical Transport,Core High Intent,hospital bed to bed transfer,Exact,bed_to_bed,global
bed-to-bed,Bed to Bed Medical Transport,Core High Intent,hospital bed to bed transfer,Phrase,bed_to_bed,global
bed-to-bed,Bed to Bed Medical Transport,Core High Intent,bedside to bedside transport,Exact,bed_to_bed,global
bed-to-bed,Bed to Bed Medical Transport,Core High Intent,bedside to bedside transport,Phrase,bed_to_bed,global
bed-to-bed,Bed to Bed Medical Transport,Core High Intent,complete medical transfer bed to bed,Exact,bed_to_bed,global
bed-to-bed,Bed to Bed Medical Transport,Core High Intent,complete medical transfer bed to bed,Phrase,bed_to_bed,global
bed-to-bed,Bed to Bed Medical Transport,Core High Intent,bed to bed patient transfer israel,Exact,bed_to_bed,global
bed-to-bed,Bed to Bed Medical Transport,Core High Intent,bed to bed patient transfer israel,Phrase,bed_to_bed,global
bed-to-bed,Bed to Bed Medical Transport,Core High Intent,ground and air bed to bed,Exact,bed_to_bed,global
bed-to-bed,Bed to Bed Medical Transport,Core High Intent,ground and air bed to bed,Phrase,bed_to_bed,global
bed-to-bed,Bed to Bed Medical Transport,Core High Intent,seamless bed to bed medical transport,Exact,bed_to_bed,global
bed-to-bed,Bed to Bed Medical Transport,Core High Intent,seamless bed to bed medical transport,Phrase,bed_to_bed,global
to-israel,Air Ambulance TO Israel,Country — United States,air ambulance from united states to israel,Exact,country,US
to-israel,Air Ambulance TO Israel,Country — United States,air ambulance from united states to israel,Phrase,country,US
to-israel,Air Ambulance TO Israel,Country — United States,air ambulance to israel from united states,Exact,country,US
to-israel,Air Ambulance TO Israel,Country — United States,air ambulance to israel from united states,Phrase,country,US
to-israel,Air Ambulance TO Israel,Country — United States,medical flight from united states to israel,Exact,country,US
to-israel,Air Ambulance TO Israel,Country — United States,medical flight from united states to israel,Phrase,country,US
to-israel,Air Ambulance TO Israel,Country — United States,medical repatriation from united states to israel,Exact,country,US
to-israel,Air Ambulance TO Israel,Country — United States,medical repatriation from united states to israel,Phrase,country,US
to-israel,Air Ambulance TO Israel,Country — United States,private air ambulance united states israel,Exact,country,US
to-israel,Air Ambulance TO Israel,Country — United States,private air ambulance united states israel,Phrase,country,US
to-israel,Air Ambulance TO Israel,Country — United States,emergency medical flight united states israel,Exact,country,US
to-israel,Air Ambulance TO Israel,Country — United States,emergency medical flight united states israel,Phrase,country,US
to-israel,Air Ambulance TO Israel,Country — United States,icu air ambulance united states to israel,Exact,country,US
to-israel,Air Ambulance TO Israel,Country — United States,icu air ambulance united states to israel,Phrase,country,US
to-israel,Air Ambulance TO Israel,Country — United States,patient transfer from united states to israel,Exact,country,US
to-israel,Air Ambulance TO Israel,Country — United States,patient transfer from united states to israel,Phrase,country,US
to-israel,Air Ambulance TO Israel,Country — United States,medical escort from united states to israel,Exact,country,US
to-israel,Air Ambulance TO Israel,Country — United States,medical escort from united states to israel,Phrase,country,US
to-israel,Air Ambulance TO Israel,Country — United States,air ambulance from israel to united states,Exact,country,US
to-israel,Air Ambulance TO Israel,Country — United States,air ambulance from israel to united states,Phrase,country,US
to-israel,Air Ambulance TO Israel,Country — Canada,air ambulance from canada to israel,Exact,country,CA
to-israel,Air Ambulance TO Israel,Country — Canada,air ambulance from canada to israel,Phrase,country,CA
to-israel,Air Ambulance TO Israel,Country — Canada,air ambulance to israel from canada,Exact,country,CA
to-israel,Air Ambulance TO Israel,Country — Canada,air ambulance to israel from canada,Phrase,country,CA
to-israel,Air Ambulance TO Israel,Country — Canada,medical flight from canada to israel,Exact,country,CA
to-israel,Air Ambulance TO Israel,Country — Canada,medical flight from canada to israel,Phrase,country,CA
to-israel,Air Ambulance TO Israel,Country — Canada,medical repatriation from canada to israel,Exact,country,CA
to-israel,Air Ambulance TO Israel,Country — Canada,medical repatriation from canada to israel,Phrase,country,CA
to-israel,Air Ambulance TO Israel,Country — Canada,private air ambulance canada israel,Exact,country,CA
to-israel,Air Ambulance TO Israel,Country — Canada,private air ambulance canada israel,Phrase,country,CA
to-israel,Air Ambulance TO Israel,Country — Canada,emergency medical flight canada israel,Exact,country,CA
to-israel,Air Ambulance TO Israel,Country — Canada,emergency medical flight canada israel,Phrase,country,CA
to-israel,Air Ambulance TO Israel,Country — Canada,icu air ambulance canada to israel,Exact,country,CA
to-israel,Air Ambulance TO Israel,Country — Canada,icu air ambulance canada to israel,Phrase,country,CA
to-israel,Air Ambulance TO Israel,Country — Canada,patient transfer from canada to israel,Exact,country,CA
to-israel,Air Ambulance TO Israel,Country — Canada,patient transfer from canada to israel,Phrase,country,CA
to-israel,Air Ambulance TO Israel,Country — Canada,medical escort from canada to israel,Exact,country,CA
to-israel,Air Ambulance TO Israel,Country — Canada,medical escort from canada to israel,Phrase,country,CA
to-israel,Air Ambulance TO Israel,Country — Canada,air ambulance from israel to canada,Exact,country,CA
to-israel,Air Ambulance TO Israel,Country — Canada,air ambulance from israel to canada,Phrase,country,CA
to-israel,Air Ambulance TO Israel,Country — United Kingdom,air ambulance from united kingdom to israel,Exact,country,GB
to-israel,Air Ambulance TO Israel,Country — United Kingdom,air ambulance from united kingdom to israel,Phrase,country,GB
to-israel,Air Ambulance TO Israel,Country — United Kingdom,air ambulance to israel from united kingdom,Exact,country,GB
to-israel,Air Ambulance TO Israel,Country — United Kingdom,air ambulance to israel from united kingdom,Phrase,country,GB
to-israel,Air Ambulance TO Israel,Country — United Kingdom,medical flight from united kingdom to israel,Exact,country,GB
to-israel,Air Ambulance TO Israel,Country — United Kingdom,medical flight from united kingdom to israel,Phrase,country,GB
to-israel,Air Ambulance TO Israel,Country — United Kingdom,medical repatriation from united kingdom to israel,Exact,country,GB
to-israel,Air Ambulance TO Israel,Country — United Kingdom,medical repatriation from united kingdom to israel,Phrase,country,GB
to-israel,Air Ambulance TO Israel,Country — United Kingdom,private air ambulance united kingdom israel,Exact,country,GB
to-israel,Air Ambulance TO Israel,Country — United Kingdom,private air ambulance united kingdom israel,Phrase,country,GB
to-israel,Air Ambulance TO Israel,Country — United Kingdom,emergency medical flight united kingdom israel,Exact,country,GB
to-israel,Air Ambulance TO Israel,Country — United Kingdom,emergency medical flight united kingdom israel,Phrase,country,GB
to-israel,Air Ambulance TO Israel,Country — United Kingdom,icu air ambulance united kingdom to israel,Exact,country,GB
to-israel,Air Ambulance TO Israel,Country — United Kingdom,icu air ambulance united kingdom to israel,Phrase,country,GB
to-israel,Air Ambulance TO Israel,Country — United Kingdom,patient transfer from united kingdom to israel,Exact,country,GB
to-israel,Air Ambulance TO Israel,Country — United Kingdom,patient transfer from united kingdom to israel,Phrase,country,GB
to-israel,Air Ambulance TO Israel,Country — United Kingdom,medical escort from united kingdom to israel,Exact,country,GB
to-israel,Air Ambulance TO Israel,Country — United Kingdom,medical escort from united kingdom to israel,Phrase,country,GB
to-israel,Air Ambulance TO Israel,Country — United Kingdom,air ambulance from israel to united kingdom,Exact,country,GB
to-israel,Air Ambulance TO Israel,Country — United Kingdom,air ambulance from israel to united kingdom,Phrase,country,GB
to-israel,Air Ambulance TO Israel,Country — France,air ambulance from france to israel,Exact,country,FR
to-israel,Air Ambulance TO Israel,Country — France,air ambulance from france to israel,Phrase,country,FR
to-israel,Air Ambulance TO Israel,Country — France,air ambulance to israel from france,Exact,country,FR
to-israel,Air Ambulance TO Israel,Country — France,air ambulance to israel from france,Phrase,country,FR
to-israel,Air Ambulance TO Israel,Country — France,medical flight from france to israel,Exact,country,FR
to-israel,Air Ambulance TO Israel,Country — France,medical flight from france to israel,Phrase,country,FR
to-israel,Air Ambulance TO Israel,Country — France,medical repatriation from france to israel,Exact,country,FR
to-israel,Air Ambulance TO Israel,Country — France,medical repatriation from france to israel,Phrase,country,FR
to-israel,Air Ambulance TO Israel,Country — France,private air ambulance france israel,Exact,country,FR
to-israel,Air Ambulance TO Israel,Country — France,private air ambulance france israel,Phrase,country,FR
to-israel,Air Ambulance TO Israel,Country — France,emergency medical flight france israel,Exact,country,FR
to-israel,Air Ambulance TO Israel,Country — France,emergency medical flight france israel,Phrase,country,FR
to-israel,Air Ambulance TO Israel,Country — France,icu air ambulance france to israel,Exact,country,FR
to-israel,Air Ambulance TO Israel,Country — France,icu air ambulance france to israel,Phrase,country,FR
to-israel,Air Ambulance TO Israel,Country — France,patient transfer from france to israel,Exact,country,FR
to-israel,Air Ambulance TO Israel,Country — France,patient transfer from france to israel,Phrase,country,FR
to-israel,Air Ambulance TO Israel,Country — France,medical escort from france to israel,Exact,country,FR
to-israel,Air Ambulance TO Israel,Country — France,medical escort from france to israel,Phrase,country,FR
to-israel,Air Ambulance TO Israel,Country — France,air ambulance from israel to france,Exact,country,FR
to-israel,Air Ambulance TO Israel,Country — France,air ambulance from israel to france,Phrase,country,FR
to-israel,Air Ambulance TO Israel,Country — Germany,air ambulance from germany to israel,Exact,country,DE
to-israel,Air Ambulance TO Israel,Country — Germany,air ambulance from germany to israel,Phrase,country,DE
to-israel,Air Ambulance TO Israel,Country — Germany,air ambulance to israel from germany,Exact,country,DE
to-israel,Air Ambulance TO Israel,Country — Germany,air ambulance to israel from germany,Phrase,country,DE
to-israel,Air Ambulance TO Israel,Country — Germany,medical flight from germany to israel,Exact,country,DE
to-israel,Air Ambulance TO Israel,Country — Germany,medical flight from germany to israel,Phrase,country,DE
to-israel,Air Ambulance TO Israel,Country — Germany,medical repatriation from germany to israel,Exact,country,DE
to-israel,Air Ambulance TO Israel,Country — Germany,medical repatriation from germany to israel,Phrase,country,DE
to-israel,Air Ambulance TO Israel,Country — Germany,private air ambulance germany israel,Exact,country,DE
to-israel,Air Ambulance TO Israel,Country — Germany,private air ambulance germany israel,Phrase,country,DE
to-israel,Air Ambulance TO Israel,Country — Germany,emergency medical flight germany israel,Exact,country,DE
to-israel,Air Ambulance TO Israel,Country — Germany,emergency medical flight germany israel,Phrase,country,DE
to-israel,Air Ambulance TO Israel,Country — Germany,icu air ambulance germany to israel,Exact,country,DE
to-israel,Air Ambulance TO Israel,Country — Germany,icu air ambulance germany to israel,Phrase,country,DE
to-israel,Air Ambulance TO Israel,Country — Germany,patient transfer from germany to israel,Exact,country,DE
to-israel,Air Ambulance TO Israel,Country — Germany,patient transfer from germany to israel,Phrase,country,DE
to-israel,Air Ambulance TO Israel,Country — Germany,medical escort from germany to israel,Exact,country,DE
to-israel,Air Ambulance TO Israel,Country — Germany,medical escort from germany to israel,Phrase,country,DE
to-israel,Air Ambulance TO Israel,Country — Germany,air ambulance from israel to germany,Exact,country,DE
to-israel,Air Ambulance TO Israel,Country — Germany,air ambulance from israel to germany,Phrase,country,DE
to-israel,Air Ambulance TO Israel,Country — Switzerland,air ambulance from switzerland to israel,Exact,country,CH
to-israel,Air Ambulance TO Israel,Country — Switzerland,air ambulance from switzerland to israel,Phrase,country,CH
to-israel,Air Ambulance TO Israel,Country — Switzerland,air ambulance to israel from switzerland,Exact,country,CH
to-israel,Air Ambulance TO Israel,Country — Switzerland,air ambulance to israel from switzerland,Phrase,country,CH
to-israel,Air Ambulance TO Israel,Country — Switzerland,medical flight from switzerland to israel,Exact,country,CH
to-israel,Air Ambulance TO Israel,Country — Switzerland,medical flight from switzerland to israel,Phrase,country,CH
to-israel,Air Ambulance TO Israel,Country — Switzerland,medical repatriation from switzerland to israel,Exact,country,CH
to-israel,Air Ambulance TO Israel,Country — Switzerland,medical repatriation from switzerland to israel,Phrase,country,CH
to-israel,Air Ambulance TO Israel,Country — Switzerland,private air ambulance switzerland israel,Exact,country,CH
to-israel,Air Ambulance TO Israel,Country — Switzerland,private air ambulance switzerland israel,Phrase,country,CH
to-israel,Air Ambulance TO Israel,Country — Switzerland,emergency medical flight switzerland israel,Exact,country,CH
to-israel,Air Ambulance TO Israel,Country — Switzerland,emergency medical flight switzerland israel,Phrase,country,CH
to-israel,Air Ambulance TO Israel,Country — Switzerland,icu air ambulance switzerland to israel,Exact,country,CH
to-israel,Air Ambulance TO Israel,Country — Switzerland,icu air ambulance switzerland to israel,Phrase,country,CH
to-israel,Air Ambulance TO Israel,Country — Switzerland,patient transfer from switzerland to israel,Exact,country,CH
to-israel,Air Ambulance TO Israel,Country — Switzerland,patient transfer from switzerland to israel,Phrase,country,CH
to-israel,Air Ambulance TO Israel,Country — Switzerland,medical escort from switzerland to israel,Exact,country,CH
to-israel,Air Ambulance TO Israel,Country — Switzerland,medical escort from switzerland to israel,Phrase,country,CH
to-israel,Air Ambulance TO Israel,Country — Switzerland,air ambulance from israel to switzerland,Exact,country,CH
to-israel,Air Ambulance TO Israel,Country — Switzerland,air ambulance from israel to switzerland,Phrase,country,CH
to-israel,Air Ambulance TO Israel,Country — Italy,air ambulance from italy to israel,Exact,country,IT
to-israel,Air Ambulance TO Israel,Country — Italy,air ambulance from italy to israel,Phrase,country,IT
to-israel,Air Ambulance TO Israel,Country — Italy,air ambulance to israel from italy,Exact,country,IT
to-israel,Air Ambulance TO Israel,Country — Italy,air ambulance to israel from italy,Phrase,country,IT
to-israel,Air Ambulance TO Israel,Country — Italy,medical flight from italy to israel,Exact,country,IT
to-israel,Air Ambulance TO Israel,Country — Italy,medical flight from italy to israel,Phrase,country,IT
to-israel,Air Ambulance TO Israel,Country — Italy,medical repatriation from italy to israel,Exact,country,IT
to-israel,Air Ambulance TO Israel,Country — Italy,medical repatriation from italy to israel,Phrase,country,IT
to-israel,Air Ambulance TO Israel,Country — Italy,private air ambulance italy israel,Exact,country,IT
to-israel,Air Ambulance TO Israel,Country — Italy,private air ambulance italy israel,Phrase,country,IT
to-israel,Air Ambulance TO Israel,Country — Italy,emergency medical flight italy israel,Exact,country,IT
to-israel,Air Ambulance TO Israel,Country — Italy,emergency medical flight italy israel,Phrase,country,IT
to-israel,Air Ambulance TO Israel,Country — Italy,icu air ambulance italy to israel,Exact,country,IT
to-israel,Air Ambulance TO Israel,Country — Italy,icu air ambulance italy to israel,Phrase,country,IT
to-israel,Air Ambulance TO Israel,Country — Italy,patient transfer from italy to israel,Exact,country,IT
to-israel,Air Ambulance TO Israel,Country — Italy,patient transfer from italy to israel,Phrase,country,IT
to-israel,Air Ambulance TO Israel,Country — Italy,medical escort from italy to israel,Exact,country,IT
to-israel,Air Ambulance TO Israel,Country — Italy,medical escort from italy to israel,Phrase,country,IT
to-israel,Air Ambulance TO Israel,Country — Italy,air ambulance from israel to italy,Exact,country,IT
to-israel,Air Ambulance TO Israel,Country — Italy,air ambulance from israel to italy,Phrase,country,IT
to-israel,Air Ambulance TO Israel,Country — Spain,air ambulance from spain to israel,Exact,country,ES
to-israel,Air Ambulance TO Israel,Country — Spain,air ambulance from spain to israel,Phrase,country,ES
to-israel,Air Ambulance TO Israel,Country — Spain,air ambulance to israel from spain,Exact,country,ES
to-israel,Air Ambulance TO Israel,Country — Spain,air ambulance to israel from spain,Phrase,country,ES
to-israel,Air Ambulance TO Israel,Country — Spain,medical flight from spain to israel,Exact,country,ES
to-israel,Air Ambulance TO Israel,Country — Spain,medical flight from spain to israel,Phrase,country,ES
to-israel,Air Ambulance TO Israel,Country — Spain,medical repatriation from spain to israel,Exact,country,ES
to-israel,Air Ambulance TO Israel,Country — Spain,medical repatriation from spain to israel,Phrase,country,ES
to-israel,Air Ambulance TO Israel,Country — Spain,private air ambulance spain israel,Exact,country,ES
to-israel,Air Ambulance TO Israel,Country — Spain,private air ambulance spain israel,Phrase,country,ES
to-israel,Air Ambulance TO Israel,Country — Spain,emergency medical flight spain israel,Exact,country,ES
to-israel,Air Ambulance TO Israel,Country — Spain,emergency medical flight spain israel,Phrase,country,ES
to-israel,Air Ambulance TO Israel,Country — Spain,icu air ambulance spain to israel,Exact,country,ES
to-israel,Air Ambulance TO Israel,Country — Spain,icu air ambulance spain to israel,Phrase,country,ES
to-israel,Air Ambulance TO Israel,Country — Spain,patient transfer from spain to israel,Exact,country,ES
to-israel,Air Ambulance TO Israel,Country — Spain,patient transfer from spain to israel,Phrase,country,ES
to-israel,Air Ambulance TO Israel,Country — Spain,medical escort from spain to israel,Exact,country,ES
to-israel,Air Ambulance TO Israel,Country — Spain,medical escort from spain to israel,Phrase,country,ES
to-israel,Air Ambulance TO Israel,Country — Spain,air ambulance from israel to spain,Exact,country,ES
to-israel,Air Ambulance TO Israel,Country — Spain,air ambulance from israel to spain,Phrase,country,ES
to-israel,Air Ambulance TO Israel,Country — Portugal,air ambulance from portugal to israel,Exact,country,PT
to-israel,Air Ambulance TO Israel,Country — Portugal,air ambulance from portugal to israel,Phrase,country,PT
to-israel,Air Ambulance TO Israel,Country — Portugal,air ambulance to israel from portugal,Exact,country,PT
to-israel,Air Ambulance TO Israel,Country — Portugal,air ambulance to israel from portugal,Phrase,country,PT
to-israel,Air Ambulance TO Israel,Country — Portugal,medical flight from portugal to israel,Exact,country,PT
to-israel,Air Ambulance TO Israel,Country — Portugal,medical flight from portugal to israel,Phrase,country,PT
to-israel,Air Ambulance TO Israel,Country — Portugal,medical repatriation from portugal to israel,Exact,country,PT
to-israel,Air Ambulance TO Israel,Country — Portugal,medical repatriation from portugal to israel,Phrase,country,PT
to-israel,Air Ambulance TO Israel,Country — Portugal,private air ambulance portugal israel,Exact,country,PT
to-israel,Air Ambulance TO Israel,Country — Portugal,private air ambulance portugal israel,Phrase,country,PT
to-israel,Air Ambulance TO Israel,Country — Portugal,emergency medical flight portugal israel,Exact,country,PT
to-israel,Air Ambulance TO Israel,Country — Portugal,emergency medical flight portugal israel,Phrase,country,PT
to-israel,Air Ambulance TO Israel,Country — Portugal,icu air ambulance portugal to israel,Exact,country,PT
to-israel,Air Ambulance TO Israel,Country — Portugal,icu air ambulance portugal to israel,Phrase,country,PT
to-israel,Air Ambulance TO Israel,Country — Portugal,patient transfer from portugal to israel,Exact,country,PT
to-israel,Air Ambulance TO Israel,Country — Portugal,patient transfer from portugal to israel,Phrase,country,PT
to-israel,Air Ambulance TO Israel,Country — Portugal,medical escort from portugal to israel,Exact,country,PT
to-israel,Air Ambulance TO Israel,Country — Portugal,medical escort from portugal to israel,Phrase,country,PT
to-israel,Air Ambulance TO Israel,Country — Portugal,air ambulance from israel to portugal,Exact,country,PT
to-israel,Air Ambulance TO Israel,Country — Portugal,air ambulance from israel to portugal,Phrase,country,PT
to-israel,Air Ambulance TO Israel,Country — Netherlands,air ambulance from netherlands to israel,Exact,country,NL
to-israel,Air Ambulance TO Israel,Country — Netherlands,air ambulance from netherlands to israel,Phrase,country,NL
to-israel,Air Ambulance TO Israel,Country — Netherlands,air ambulance to israel from netherlands,Exact,country,NL
to-israel,Air Ambulance TO Israel,Country — Netherlands,air ambulance to israel from netherlands,Phrase,country,NL
to-israel,Air Ambulance TO Israel,Country — Netherlands,medical flight from netherlands to israel,Exact,country,NL
to-israel,Air Ambulance TO Israel,Country — Netherlands,medical flight from netherlands to israel,Phrase,country,NL
to-israel,Air Ambulance TO Israel,Country — Netherlands,medical repatriation from netherlands to israel,Exact,country,NL
to-israel,Air Ambulance TO Israel,Country — Netherlands,medical repatriation from netherlands to israel,Phrase,country,NL
to-israel,Air Ambulance TO Israel,Country — Netherlands,private air ambulance netherlands israel,Exact,country,NL
to-israel,Air Ambulance TO Israel,Country — Netherlands,private air ambulance netherlands israel,Phrase,country,NL
to-israel,Air Ambulance TO Israel,Country — Netherlands,emergency medical flight netherlands israel,Exact,country,NL
to-israel,Air Ambulance TO Israel,Country — Netherlands,emergency medical flight netherlands israel,Phrase,country,NL
to-israel,Air Ambulance TO Israel,Country — Netherlands,icu air ambulance netherlands to israel,Exact,country,NL
to-israel,Air Ambulance TO Israel,Country — Netherlands,icu air ambulance netherlands to israel,Phrase,country,NL
to-israel,Air Ambulance TO Israel,Country — Netherlands,patient transfer from netherlands to israel,Exact,country,NL
to-israel,Air Ambulance TO Israel,Country — Netherlands,patient transfer from netherlands to israel,Phrase,country,NL
to-israel,Air Ambulance TO Israel,Country — Netherlands,medical escort from netherlands to israel,Exact,country,NL
to-israel,Air Ambulance TO Israel,Country — Netherlands,medical escort from netherlands to israel,Phrase,country,NL
to-israel,Air Ambulance TO Israel,Country — Netherlands,air ambulance from israel to netherlands,Exact,country,NL
to-israel,Air Ambulance TO Israel,Country — Netherlands,air ambulance from israel to netherlands,Phrase,country,NL
to-israel,Air Ambulance TO Israel,Country — Belgium,air ambulance from belgium to israel,Exact,country,BE
to-israel,Air Ambulance TO Israel,Country — Belgium,air ambulance from belgium to israel,Phrase,country,BE
to-israel,Air Ambulance TO Israel,Country — Belgium,air ambulance to israel from belgium,Exact,country,BE
to-israel,Air Ambulance TO Israel,Country — Belgium,air ambulance to israel from belgium,Phrase,country,BE
to-israel,Air Ambulance TO Israel,Country — Belgium,medical flight from belgium to israel,Exact,country,BE
to-israel,Air Ambulance TO Israel,Country — Belgium,medical flight from belgium to israel,Phrase,country,BE
to-israel,Air Ambulance TO Israel,Country — Belgium,medical repatriation from belgium to israel,Exact,country,BE
to-israel,Air Ambulance TO Israel,Country — Belgium,medical repatriation from belgium to israel,Phrase,country,BE
to-israel,Air Ambulance TO Israel,Country — Belgium,private air ambulance belgium israel,Exact,country,BE
to-israel,Air Ambulance TO Israel,Country — Belgium,private air ambulance belgium israel,Phrase,country,BE
to-israel,Air Ambulance TO Israel,Country — Belgium,emergency medical flight belgium israel,Exact,country,BE
to-israel,Air Ambulance TO Israel,Country — Belgium,emergency medical flight belgium israel,Phrase,country,BE
to-israel,Air Ambulance TO Israel,Country — Belgium,icu air ambulance belgium to israel,Exact,country,BE
to-israel,Air Ambulance TO Israel,Country — Belgium,icu air ambulance belgium to israel,Phrase,country,BE
to-israel,Air Ambulance TO Israel,Country — Belgium,patient transfer from belgium to israel,Exact,country,BE
to-israel,Air Ambulance TO Israel,Country — Belgium,patient transfer from belgium to israel,Phrase,country,BE
to-israel,Air Ambulance TO Israel,Country — Belgium,medical escort from belgium to israel,Exact,country,BE
to-israel,Air Ambulance TO Israel,Country — Belgium,medical escort from belgium to israel,Phrase,country,BE
to-israel,Air Ambulance TO Israel,Country — Belgium,air ambulance from israel to belgium,Exact,country,BE
to-israel,Air Ambulance TO Israel,Country — Belgium,air ambulance from israel to belgium,Phrase,country,BE
to-israel,Air Ambulance TO Israel,Country — Austria,air ambulance from austria to israel,Exact,country,AT
to-israel,Air Ambulance TO Israel,Country — Austria,air ambulance from austria to israel,Phrase,country,AT
to-israel,Air Ambulance TO Israel,Country — Austria,air ambulance to israel from austria,Exact,country,AT
to-israel,Air Ambulance TO Israel,Country — Austria,air ambulance to israel from austria,Phrase,country,AT
to-israel,Air Ambulance TO Israel,Country — Austria,medical flight from austria to israel,Exact,country,AT
to-israel,Air Ambulance TO Israel,Country — Austria,medical flight from austria to israel,Phrase,country,AT
to-israel,Air Ambulance TO Israel,Country — Austria,medical repatriation from austria to israel,Exact,country,AT
to-israel,Air Ambulance TO Israel,Country — Austria,medical repatriation from austria to israel,Phrase,country,AT
to-israel,Air Ambulance TO Israel,Country — Austria,private air ambulance austria israel,Exact,country,AT
to-israel,Air Ambulance TO Israel,Country — Austria,private air ambulance austria israel,Phrase,country,AT
to-israel,Air Ambulance TO Israel,Country — Austria,emergency medical flight austria israel,Exact,country,AT
to-israel,Air Ambulance TO Israel,Country — Austria,emergency medical flight austria israel,Phrase,country,AT
to-israel,Air Ambulance TO Israel,Country — Austria,icu air ambulance austria to israel,Exact,country,AT
to-israel,Air Ambulance TO Israel,Country — Austria,icu air ambulance austria to israel,Phrase,country,AT
to-israel,Air Ambulance TO Israel,Country — Austria,patient transfer from austria to israel,Exact,country,AT
to-israel,Air Ambulance TO Israel,Country — Austria,patient transfer from austria to israel,Phrase,country,AT
to-israel,Air Ambulance TO Israel,Country — Austria,medical escort from austria to israel,Exact,country,AT
to-israel,Air Ambulance TO Israel,Country — Austria,medical escort from austria to israel,Phrase,country,AT
to-israel,Air Ambulance TO Israel,Country — Austria,air ambulance from israel to austria,Exact,country,AT
to-israel,Air Ambulance TO Israel,Country — Austria,air ambulance from israel to austria,Phrase,country,AT
to-israel,Air Ambulance TO Israel,Country — Ireland,air ambulance from ireland to israel,Exact,country,IE
to-israel,Air Ambulance TO Israel,Country — Ireland,air ambulance from ireland to israel,Phrase,country,IE
to-israel,Air Ambulance TO Israel,Country — Ireland,air ambulance to israel from ireland,Exact,country,IE
to-israel,Air Ambulance TO Israel,Country — Ireland,air ambulance to israel from ireland,Phrase,country,IE
to-israel,Air Ambulance TO Israel,Country — Ireland,medical flight from ireland to israel,Exact,country,IE
to-israel,Air Ambulance TO Israel,Country — Ireland,medical flight from ireland to israel,Phrase,country,IE
to-israel,Air Ambulance TO Israel,Country — Ireland,medical repatriation from ireland to israel,Exact,country,IE
to-israel,Air Ambulance TO Israel,Country — Ireland,medical repatriation from ireland to israel,Phrase,country,IE
to-israel,Air Ambulance TO Israel,Country — Ireland,private air ambulance ireland israel,Exact,country,IE
to-israel,Air Ambulance TO Israel,Country — Ireland,private air ambulance ireland israel,Phrase,country,IE
to-israel,Air Ambulance TO Israel,Country — Ireland,emergency medical flight ireland israel,Exact,country,IE
to-israel,Air Ambulance TO Israel,Country — Ireland,emergency medical flight ireland israel,Phrase,country,IE
to-israel,Air Ambulance TO Israel,Country — Ireland,icu air ambulance ireland to israel,Exact,country,IE
to-israel,Air Ambulance TO Israel,Country — Ireland,icu air ambulance ireland to israel,Phrase,country,IE
to-israel,Air Ambulance TO Israel,Country — Ireland,patient transfer from ireland to israel,Exact,country,IE
to-israel,Air Ambulance TO Israel,Country — Ireland,patient transfer from ireland to israel,Phrase,country,IE
to-israel,Air Ambulance TO Israel,Country — Ireland,medical escort from ireland to israel,Exact,country,IE
to-israel,Air Ambulance TO Israel,Country — Ireland,medical escort from ireland to israel,Phrase,country,IE
to-israel,Air Ambulance TO Israel,Country — Ireland,air ambulance from israel to ireland,Exact,country,IE
to-israel,Air Ambulance TO Israel,Country — Ireland,air ambulance from israel to ireland,Phrase,country,IE
to-israel,Air Ambulance TO Israel,Country — Greece,air ambulance from greece to israel,Exact,country,GR
to-israel,Air Ambulance TO Israel,Country — Greece,air ambulance from greece to israel,Phrase,country,GR
to-israel,Air Ambulance TO Israel,Country — Greece,air ambulance to israel from greece,Exact,country,GR
to-israel,Air Ambulance TO Israel,Country — Greece,air ambulance to israel from greece,Phrase,country,GR
to-israel,Air Ambulance TO Israel,Country — Greece,medical flight from greece to israel,Exact,country,GR
to-israel,Air Ambulance TO Israel,Country — Greece,medical flight from greece to israel,Phrase,country,GR
to-israel,Air Ambulance TO Israel,Country — Greece,medical repatriation from greece to israel,Exact,country,GR
to-israel,Air Ambulance TO Israel,Country — Greece,medical repatriation from greece to israel,Phrase,country,GR
to-israel,Air Ambulance TO Israel,Country — Greece,private air ambulance greece israel,Exact,country,GR
to-israel,Air Ambulance TO Israel,Country — Greece,private air ambulance greece israel,Phrase,country,GR
to-israel,Air Ambulance TO Israel,Country — Greece,emergency medical flight greece israel,Exact,country,GR
to-israel,Air Ambulance TO Israel,Country — Greece,emergency medical flight greece israel,Phrase,country,GR
to-israel,Air Ambulance TO Israel,Country — Greece,icu air ambulance greece to israel,Exact,country,GR
to-israel,Air Ambulance TO Israel,Country — Greece,icu air ambulance greece to israel,Phrase,country,GR
to-israel,Air Ambulance TO Israel,Country — Greece,patient transfer from greece to israel,Exact,country,GR
to-israel,Air Ambulance TO Israel,Country — Greece,patient transfer from greece to israel,Phrase,country,GR
to-israel,Air Ambulance TO Israel,Country — Greece,medical escort from greece to israel,Exact,country,GR
to-israel,Air Ambulance TO Israel,Country — Greece,medical escort from greece to israel,Phrase,country,GR
to-israel,Air Ambulance TO Israel,Country — Greece,air ambulance from israel to greece,Exact,country,GR
to-israel,Air Ambulance TO Israel,Country — Greece,air ambulance from israel to greece,Phrase,country,GR
to-israel,Air Ambulance TO Israel,Country — Cyprus,air ambulance from cyprus to israel,Exact,country,CY
to-israel,Air Ambulance TO Israel,Country — Cyprus,air ambulance from cyprus to israel,Phrase,country,CY
to-israel,Air Ambulance TO Israel,Country — Cyprus,air ambulance to israel from cyprus,Exact,country,CY
to-israel,Air Ambulance TO Israel,Country — Cyprus,air ambulance to israel from cyprus,Phrase,country,CY
to-israel,Air Ambulance TO Israel,Country — Cyprus,medical flight from cyprus to israel,Exact,country,CY
to-israel,Air Ambulance TO Israel,Country — Cyprus,medical flight from cyprus to israel,Phrase,country,CY
to-israel,Air Ambulance TO Israel,Country — Cyprus,medical repatriation from cyprus to israel,Exact,country,CY
to-israel,Air Ambulance TO Israel,Country — Cyprus,medical repatriation from cyprus to israel,Phrase,country,CY
to-israel,Air Ambulance TO Israel,Country — Cyprus,private air ambulance cyprus israel,Exact,country,CY
to-israel,Air Ambulance TO Israel,Country — Cyprus,private air ambulance cyprus israel,Phrase,country,CY
to-israel,Air Ambulance TO Israel,Country — Cyprus,emergency medical flight cyprus israel,Exact,country,CY
to-israel,Air Ambulance TO Israel,Country — Cyprus,emergency medical flight cyprus israel,Phrase,country,CY
to-israel,Air Ambulance TO Israel,Country — Cyprus,icu air ambulance cyprus to israel,Exact,country,CY
to-israel,Air Ambulance TO Israel,Country — Cyprus,icu air ambulance cyprus to israel,Phrase,country,CY
to-israel,Air Ambulance TO Israel,Country — Cyprus,patient transfer from cyprus to israel,Exact,country,CY
to-israel,Air Ambulance TO Israel,Country — Cyprus,patient transfer from cyprus to israel,Phrase,country,CY
to-israel,Air Ambulance TO Israel,Country — Cyprus,medical escort from cyprus to israel,Exact,country,CY
to-israel,Air Ambulance TO Israel,Country — Cyprus,medical escort from cyprus to israel,Phrase,country,CY
to-israel,Air Ambulance TO Israel,Country — Cyprus,air ambulance from israel to cyprus,Exact,country,CY
to-israel,Air Ambulance TO Israel,Country — Cyprus,air ambulance from israel to cyprus,Phrase,country,CY
to-israel,Air Ambulance TO Israel,Country — Poland,air ambulance from poland to israel,Exact,country,PL
to-israel,Air Ambulance TO Israel,Country — Poland,air ambulance from poland to israel,Phrase,country,PL
to-israel,Air Ambulance TO Israel,Country — Poland,air ambulance to israel from poland,Exact,country,PL
to-israel,Air Ambulance TO Israel,Country — Poland,air ambulance to israel from poland,Phrase,country,PL
to-israel,Air Ambulance TO Israel,Country — Poland,medical flight from poland to israel,Exact,country,PL
to-israel,Air Ambulance TO Israel,Country — Poland,medical flight from poland to israel,Phrase,country,PL
to-israel,Air Ambulance TO Israel,Country — Poland,medical repatriation from poland to israel,Exact,country,PL
to-israel,Air Ambulance TO Israel,Country — Poland,medical repatriation from poland to israel,Phrase,country,PL
to-israel,Air Ambulance TO Israel,Country — Poland,private air ambulance poland israel,Exact,country,PL
to-israel,Air Ambulance TO Israel,Country — Poland,private air ambulance poland israel,Phrase,country,PL
to-israel,Air Ambulance TO Israel,Country — Poland,emergency medical flight poland israel,Exact,country,PL
to-israel,Air Ambulance TO Israel,Country — Poland,emergency medical flight poland israel,Phrase,country,PL
to-israel,Air Ambulance TO Israel,Country — Poland,icu air ambulance poland to israel,Exact,country,PL
to-israel,Air Ambulance TO Israel,Country — Poland,icu air ambulance poland to israel,Phrase,country,PL
to-israel,Air Ambulance TO Israel,Country — Poland,patient transfer from poland to israel,Exact,country,PL
to-israel,Air Ambulance TO Israel,Country — Poland,patient transfer from poland to israel,Phrase,country,PL
to-israel,Air Ambulance TO Israel,Country — Poland,medical escort from poland to israel,Exact,country,PL
to-israel,Air Ambulance TO Israel,Country — Poland,medical escort from poland to israel,Phrase,country,PL
to-israel,Air Ambulance TO Israel,Country — Poland,air ambulance from israel to poland,Exact,country,PL
to-israel,Air Ambulance TO Israel,Country — Poland,air ambulance from israel to poland,Phrase,country,PL
to-israel,Air Ambulance TO Israel,Country — Czech Republic,air ambulance from czech republic to israel,Exact,country,CZ
to-israel,Air Ambulance TO Israel,Country — Czech Republic,air ambulance from czech republic to israel,Phrase,country,CZ
to-israel,Air Ambulance TO Israel,Country — Czech Republic,air ambulance to israel from czech republic,Exact,country,CZ
to-israel,Air Ambulance TO Israel,Country — Czech Republic,air ambulance to israel from czech republic,Phrase,country,CZ
to-israel,Air Ambulance TO Israel,Country — Czech Republic,medical flight from czech republic to israel,Exact,country,CZ
to-israel,Air Ambulance TO Israel,Country — Czech Republic,medical flight from czech republic to israel,Phrase,country,CZ
to-israel,Air Ambulance TO Israel,Country — Czech Republic,medical repatriation from czech republic to israel,Exact,country,CZ
to-israel,Air Ambulance TO Israel,Country — Czech Republic,medical repatriation from czech republic to israel,Phrase,country,CZ
to-israel,Air Ambulance TO Israel,Country — Czech Republic,private air ambulance czech republic israel,Exact,country,CZ
to-israel,Air Ambulance TO Israel,Country — Czech Republic,private air ambulance czech republic israel,Phrase,country,CZ
to-israel,Air Ambulance TO Israel,Country — Czech Republic,emergency medical flight czech republic israel,Exact,country,CZ
to-israel,Air Ambulance TO Israel,Country — Czech Republic,emergency medical flight czech republic israel,Phrase,country,CZ
to-israel,Air Ambulance TO Israel,Country — Czech Republic,icu air ambulance czech republic to israel,Exact,country,CZ
to-israel,Air Ambulance TO Israel,Country — Czech Republic,icu air ambulance czech republic to israel,Phrase,country,CZ
to-israel,Air Ambulance TO Israel,Country — Czech Republic,patient transfer from czech republic to israel,Exact,country,CZ
to-israel,Air Ambulance TO Israel,Country — Czech Republic,patient transfer from czech republic to israel,Phrase,country,CZ
to-israel,Air Ambulance TO Israel,Country — Czech Republic,medical escort from czech republic to israel,Exact,country,CZ
to-israel,Air Ambulance TO Israel,Country — Czech Republic,medical escort from czech republic to israel,Phrase,country,CZ
to-israel,Air Ambulance TO Israel,Country — Czech Republic,air ambulance from israel to czech republic,Exact,country,CZ
to-israel,Air Ambulance TO Israel,Country — Czech Republic,air ambulance from israel to czech republic,Phrase,country,CZ
to-israel,Air Ambulance TO Israel,Country — Hungary,air ambulance from hungary to israel,Exact,country,HU
to-israel,Air Ambulance TO Israel,Country — Hungary,air ambulance from hungary to israel,Phrase,country,HU
to-israel,Air Ambulance TO Israel,Country — Hungary,air ambulance to israel from hungary,Exact,country,HU
to-israel,Air Ambulance TO Israel,Country — Hungary,air ambulance to israel from hungary,Phrase,country,HU
to-israel,Air Ambulance TO Israel,Country — Hungary,medical flight from hungary to israel,Exact,country,HU
to-israel,Air Ambulance TO Israel,Country — Hungary,medical flight from hungary to israel,Phrase,country,HU
to-israel,Air Ambulance TO Israel,Country — Hungary,medical repatriation from hungary to israel,Exact,country,HU
to-israel,Air Ambulance TO Israel,Country — Hungary,medical repatriation from hungary to israel,Phrase,country,HU
to-israel,Air Ambulance TO Israel,Country — Hungary,private air ambulance hungary israel,Exact,country,HU
to-israel,Air Ambulance TO Israel,Country — Hungary,private air ambulance hungary israel,Phrase,country,HU
to-israel,Air Ambulance TO Israel,Country — Hungary,emergency medical flight hungary israel,Exact,country,HU
to-israel,Air Ambulance TO Israel,Country — Hungary,emergency medical flight hungary israel,Phrase,country,HU
to-israel,Air Ambulance TO Israel,Country — Hungary,icu air ambulance hungary to israel,Exact,country,HU
to-israel,Air Ambulance TO Israel,Country — Hungary,icu air ambulance hungary to israel,Phrase,country,HU
to-israel,Air Ambulance TO Israel,Country — Hungary,patient transfer from hungary to israel,Exact,country,HU
to-israel,Air Ambulance TO Israel,Country — Hungary,patient transfer from hungary to israel,Phrase,country,HU
to-israel,Air Ambulance TO Israel,Country — Hungary,medical escort from hungary to israel,Exact,country,HU
to-israel,Air Ambulance TO Israel,Country — Hungary,medical escort from hungary to israel,Phrase,country,HU
to-israel,Air Ambulance TO Israel,Country — Hungary,air ambulance from israel to hungary,Exact,country,HU
to-israel,Air Ambulance TO Israel,Country — Hungary,air ambulance from israel to hungary,Phrase,country,HU
to-israel,Air Ambulance TO Israel,Country — Romania,air ambulance from romania to israel,Exact,country,RO
to-israel,Air Ambulance TO Israel,Country — Romania,air ambulance from romania to israel,Phrase,country,RO
to-israel,Air Ambulance TO Israel,Country — Romania,air ambulance to israel from romania,Exact,country,RO
to-israel,Air Ambulance TO Israel,Country — Romania,air ambulance to israel from romania,Phrase,country,RO
to-israel,Air Ambulance TO Israel,Country — Romania,medical flight from romania to israel,Exact,country,RO
to-israel,Air Ambulance TO Israel,Country — Romania,medical flight from romania to israel,Phrase,country,RO
to-israel,Air Ambulance TO Israel,Country — Romania,medical repatriation from romania to israel,Exact,country,RO
to-israel,Air Ambulance TO Israel,Country — Romania,medical repatriation from romania to israel,Phrase,country,RO
to-israel,Air Ambulance TO Israel,Country — Romania,private air ambulance romania israel,Exact,country,RO
to-israel,Air Ambulance TO Israel,Country — Romania,private air ambulance romania israel,Phrase,country,RO
to-israel,Air Ambulance TO Israel,Country — Romania,emergency medical flight romania israel,Exact,country,RO
to-israel,Air Ambulance TO Israel,Country — Romania,emergency medical flight romania israel,Phrase,country,RO
to-israel,Air Ambulance TO Israel,Country — Romania,icu air ambulance romania to israel,Exact,country,RO
to-israel,Air Ambulance TO Israel,Country — Romania,icu air ambulance romania to israel,Phrase,country,RO
to-israel,Air Ambulance TO Israel,Country — Romania,patient transfer from romania to israel,Exact,country,RO
to-israel,Air Ambulance TO Israel,Country — Romania,patient transfer from romania to israel,Phrase,country,RO
to-israel,Air Ambulance TO Israel,Country — Romania,medical escort from romania to israel,Exact,country,RO
to-israel,Air Ambulance TO Israel,Country — Romania,medical escort from romania to israel,Phrase,country,RO
to-israel,Air Ambulance TO Israel,Country — Romania,air ambulance from israel to romania,Exact,country,RO
to-israel,Air Ambulance TO Israel,Country — Romania,air ambulance from israel to romania,Phrase,country,RO
to-israel,Air Ambulance TO Israel,Country — Bulgaria,air ambulance from bulgaria to israel,Exact,country,BG
to-israel,Air Ambulance TO Israel,Country — Bulgaria,air ambulance from bulgaria to israel,Phrase,country,BG
to-israel,Air Ambulance TO Israel,Country — Bulgaria,air ambulance to israel from bulgaria,Exact,country,BG
to-israel,Air Ambulance TO Israel,Country — Bulgaria,air ambulance to israel from bulgaria,Phrase,country,BG
to-israel,Air Ambulance TO Israel,Country — Bulgaria,medical flight from bulgaria to israel,Exact,country,BG
to-israel,Air Ambulance TO Israel,Country — Bulgaria,medical flight from bulgaria to israel,Phrase,country,BG
to-israel,Air Ambulance TO Israel,Country — Bulgaria,medical repatriation from bulgaria to israel,Exact,country,BG
to-israel,Air Ambulance TO Israel,Country — Bulgaria,medical repatriation from bulgaria to israel,Phrase,country,BG
to-israel,Air Ambulance TO Israel,Country — Bulgaria,private air ambulance bulgaria israel,Exact,country,BG
to-israel,Air Ambulance TO Israel,Country — Bulgaria,private air ambulance bulgaria israel,Phrase,country,BG
to-israel,Air Ambulance TO Israel,Country — Bulgaria,emergency medical flight bulgaria israel,Exact,country,BG
to-israel,Air Ambulance TO Israel,Country — Bulgaria,emergency medical flight bulgaria israel,Phrase,country,BG
to-israel,Air Ambulance TO Israel,Country — Bulgaria,icu air ambulance bulgaria to israel,Exact,country,BG
to-israel,Air Ambulance TO Israel,Country — Bulgaria,icu air ambulance bulgaria to israel,Phrase,country,BG
to-israel,Air Ambulance TO Israel,Country — Bulgaria,patient transfer from bulgaria to israel,Exact,country,BG
to-israel,Air Ambulance TO Israel,Country — Bulgaria,patient transfer from bulgaria to israel,Phrase,country,BG
to-israel,Air Ambulance TO Israel,Country — Bulgaria,medical escort from bulgaria to israel,Exact,country,BG
to-israel,Air Ambulance TO Israel,Country — Bulgaria,medical escort from bulgaria to israel,Phrase,country,BG
to-israel,Air Ambulance TO Israel,Country — Bulgaria,air ambulance from israel to bulgaria,Exact,country,BG
to-israel,Air Ambulance TO Israel,Country — Bulgaria,air ambulance from israel to bulgaria,Phrase,country,BG
to-israel,Air Ambulance TO Israel,Country — Croatia,air ambulance from croatia to israel,Exact,country,HR
to-israel,Air Ambulance TO Israel,Country — Croatia,air ambulance from croatia to israel,Phrase,country,HR
to-israel,Air Ambulance TO Israel,Country — Croatia,air ambulance to israel from croatia,Exact,country,HR
to-israel,Air Ambulance TO Israel,Country — Croatia,air ambulance to israel from croatia,Phrase,country,HR
to-israel,Air Ambulance TO Israel,Country — Croatia,medical flight from croatia to israel,Exact,country,HR
to-israel,Air Ambulance TO Israel,Country — Croatia,medical flight from croatia to israel,Phrase,country,HR
to-israel,Air Ambulance TO Israel,Country — Croatia,medical repatriation from croatia to israel,Exact,country,HR
to-israel,Air Ambulance TO Israel,Country — Croatia,medical repatriation from croatia to israel,Phrase,country,HR
to-israel,Air Ambulance TO Israel,Country — Croatia,private air ambulance croatia israel,Exact,country,HR
to-israel,Air Ambulance TO Israel,Country — Croatia,private air ambulance croatia israel,Phrase,country,HR
to-israel,Air Ambulance TO Israel,Country — Croatia,emergency medical flight croatia israel,Exact,country,HR
to-israel,Air Ambulance TO Israel,Country — Croatia,emergency medical flight croatia israel,Phrase,country,HR
to-israel,Air Ambulance TO Israel,Country — Croatia,icu air ambulance croatia to israel,Exact,country,HR
to-israel,Air Ambulance TO Israel,Country — Croatia,icu air ambulance croatia to israel,Phrase,country,HR
to-israel,Air Ambulance TO Israel,Country — Croatia,patient transfer from croatia to israel,Exact,country,HR
to-israel,Air Ambulance TO Israel,Country — Croatia,patient transfer from croatia to israel,Phrase,country,HR
to-israel,Air Ambulance TO Israel,Country — Croatia,medical escort from croatia to israel,Exact,country,HR
to-israel,Air Ambulance TO Israel,Country — Croatia,medical escort from croatia to israel,Phrase,country,HR
to-israel,Air Ambulance TO Israel,Country — Croatia,air ambulance from israel to croatia,Exact,country,HR
to-israel,Air Ambulance TO Israel,Country — Croatia,air ambulance from israel to croatia,Phrase,country,HR
to-israel,Air Ambulance TO Israel,Country — Serbia,air ambulance from serbia to israel,Exact,country,RS
to-israel,Air Ambulance TO Israel,Country — Serbia,air ambulance from serbia to israel,Phrase,country,RS
to-israel,Air Ambulance TO Israel,Country — Serbia,air ambulance to israel from serbia,Exact,country,RS
to-israel,Air Ambulance TO Israel,Country — Serbia,air ambulance to israel from serbia,Phrase,country,RS
to-israel,Air Ambulance TO Israel,Country — Serbia,medical flight from serbia to israel,Exact,country,RS
to-israel,Air Ambulance TO Israel,Country — Serbia,medical flight from serbia to israel,Phrase,country,RS
to-israel,Air Ambulance TO Israel,Country — Serbia,medical repatriation from serbia to israel,Exact,country,RS
to-israel,Air Ambulance TO Israel,Country — Serbia,medical repatriation from serbia to israel,Phrase,country,RS
to-israel,Air Ambulance TO Israel,Country — Serbia,private air ambulance serbia israel,Exact,country,RS
to-israel,Air Ambulance TO Israel,Country — Serbia,private air ambulance serbia israel,Phrase,country,RS
to-israel,Air Ambulance TO Israel,Country — Serbia,emergency medical flight serbia israel,Exact,country,RS
to-israel,Air Ambulance TO Israel,Country — Serbia,emergency medical flight serbia israel,Phrase,country,RS
to-israel,Air Ambulance TO Israel,Country — Serbia,icu air ambulance serbia to israel,Exact,country,RS
to-israel,Air Ambulance TO Israel,Country — Serbia,icu air ambulance serbia to israel,Phrase,country,RS
to-israel,Air Ambulance TO Israel,Country — Serbia,patient transfer from serbia to israel,Exact,country,RS
to-israel,Air Ambulance TO Israel,Country — Serbia,patient transfer from serbia to israel,Phrase,country,RS
to-israel,Air Ambulance TO Israel,Country — Serbia,medical escort from serbia to israel,Exact,country,RS
to-israel,Air Ambulance TO Israel,Country — Serbia,medical escort from serbia to israel,Phrase,country,RS
to-israel,Air Ambulance TO Israel,Country — Serbia,air ambulance from israel to serbia,Exact,country,RS
to-israel,Air Ambulance TO Israel,Country — Serbia,air ambulance from israel to serbia,Phrase,country,RS
to-israel,Air Ambulance TO Israel,Country — Slovenia,air ambulance from slovenia to israel,Exact,country,SI
to-israel,Air Ambulance TO Israel,Country — Slovenia,air ambulance from slovenia to israel,Phrase,country,SI
to-israel,Air Ambulance TO Israel,Country — Slovenia,air ambulance to israel from slovenia,Exact,country,SI
to-israel,Air Ambulance TO Israel,Country — Slovenia,air ambulance to israel from slovenia,Phrase,country,SI
to-israel,Air Ambulance TO Israel,Country — Slovenia,medical flight from slovenia to israel,Exact,country,SI
to-israel,Air Ambulance TO Israel,Country — Slovenia,medical flight from slovenia to israel,Phrase,country,SI
to-israel,Air Ambulance TO Israel,Country — Slovenia,medical repatriation from slovenia to israel,Exact,country,SI
to-israel,Air Ambulance TO Israel,Country — Slovenia,medical repatriation from slovenia to israel,Phrase,country,SI
to-israel,Air Ambulance TO Israel,Country — Slovenia,private air ambulance slovenia israel,Exact,country,SI
to-israel,Air Ambulance TO Israel,Country — Slovenia,private air ambulance slovenia israel,Phrase,country,SI
to-israel,Air Ambulance TO Israel,Country — Slovenia,emergency medical flight slovenia israel,Exact,country,SI
to-israel,Air Ambulance TO Israel,Country — Slovenia,emergency medical flight slovenia israel,Phrase,country,SI
to-israel,Air Ambulance TO Israel,Country — Slovenia,icu air ambulance slovenia to israel,Exact,country,SI
to-israel,Air Ambulance TO Israel,Country — Slovenia,icu air ambulance slovenia to israel,Phrase,country,SI
to-israel,Air Ambulance TO Israel,Country — Slovenia,patient transfer from slovenia to israel,Exact,country,SI
to-israel,Air Ambulance TO Israel,Country — Slovenia,patient transfer from slovenia to israel,Phrase,country,SI
to-israel,Air Ambulance TO Israel,Country — Slovenia,medical escort from slovenia to israel,Exact,country,SI
to-israel,Air Ambulance TO Israel,Country — Slovenia,medical escort from slovenia to israel,Phrase,country,SI
to-israel,Air Ambulance TO Israel,Country — Slovenia,air ambulance from israel to slovenia,Exact,country,SI
to-israel,Air Ambulance TO Israel,Country — Slovenia,air ambulance from israel to slovenia,Phrase,country,SI
to-israel,Air Ambulance TO Israel,Country — Montenegro,air ambulance from montenegro to israel,Exact,country,ME
to-israel,Air Ambulance TO Israel,Country — Montenegro,air ambulance from montenegro to israel,Phrase,country,ME
to-israel,Air Ambulance TO Israel,Country — Montenegro,air ambulance to israel from montenegro,Exact,country,ME
to-israel,Air Ambulance TO Israel,Country — Montenegro,air ambulance to israel from montenegro,Phrase,country,ME
to-israel,Air Ambulance TO Israel,Country — Montenegro,medical flight from montenegro to israel,Exact,country,ME
to-israel,Air Ambulance TO Israel,Country — Montenegro,medical flight from montenegro to israel,Phrase,country,ME
to-israel,Air Ambulance TO Israel,Country — Montenegro,medical repatriation from montenegro to israel,Exact,country,ME
to-israel,Air Ambulance TO Israel,Country — Montenegro,medical repatriation from montenegro to israel,Phrase,country,ME
to-israel,Air Ambulance TO Israel,Country — Montenegro,private air ambulance montenegro israel,Exact,country,ME
to-israel,Air Ambulance TO Israel,Country — Montenegro,private air ambulance montenegro israel,Phrase,country,ME
to-israel,Air Ambulance TO Israel,Country — Montenegro,emergency medical flight montenegro israel,Exact,country,ME
to-israel,Air Ambulance TO Israel,Country — Montenegro,emergency medical flight montenegro israel,Phrase,country,ME
to-israel,Air Ambulance TO Israel,Country — Montenegro,icu air ambulance montenegro to israel,Exact,country,ME
to-israel,Air Ambulance TO Israel,Country — Montenegro,icu air ambulance montenegro to israel,Phrase,country,ME
to-israel,Air Ambulance TO Israel,Country — Montenegro,patient transfer from montenegro to israel,Exact,country,ME
to-israel,Air Ambulance TO Israel,Country — Montenegro,patient transfer from montenegro to israel,Phrase,country,ME
to-israel,Air Ambulance TO Israel,Country — Montenegro,medical escort from montenegro to israel,Exact,country,ME
to-israel,Air Ambulance TO Israel,Country — Montenegro,medical escort from montenegro to israel,Phrase,country,ME
to-israel,Air Ambulance TO Israel,Country — Montenegro,air ambulance from israel to montenegro,Exact,country,ME
to-israel,Air Ambulance TO Israel,Country — Montenegro,air ambulance from israel to montenegro,Phrase,country,ME
to-israel,Air Ambulance TO Israel,Country — Georgia,air ambulance from georgia to israel,Exact,country,GE
to-israel,Air Ambulance TO Israel,Country — Georgia,air ambulance from georgia to israel,Phrase,country,GE
to-israel,Air Ambulance TO Israel,Country — Georgia,air ambulance to israel from georgia,Exact,country,GE
to-israel,Air Ambulance TO Israel,Country — Georgia,air ambulance to israel from georgia,Phrase,country,GE
to-israel,Air Ambulance TO Israel,Country — Georgia,medical flight from georgia to israel,Exact,country,GE
to-israel,Air Ambulance TO Israel,Country — Georgia,medical flight from georgia to israel,Phrase,country,GE
to-israel,Air Ambulance TO Israel,Country — Georgia,medical repatriation from georgia to israel,Exact,country,GE
to-israel,Air Ambulance TO Israel,Country — Georgia,medical repatriation from georgia to israel,Phrase,country,GE
to-israel,Air Ambulance TO Israel,Country — Georgia,private air ambulance georgia israel,Exact,country,GE
to-israel,Air Ambulance TO Israel,Country — Georgia,private air ambulance georgia israel,Phrase,country,GE
to-israel,Air Ambulance TO Israel,Country — Georgia,emergency medical flight georgia israel,Exact,country,GE
to-israel,Air Ambulance TO Israel,Country — Georgia,emergency medical flight georgia israel,Phrase,country,GE
to-israel,Air Ambulance TO Israel,Country — Georgia,icu air ambulance georgia to israel,Exact,country,GE
to-israel,Air Ambulance TO Israel,Country — Georgia,icu air ambulance georgia to israel,Phrase,country,GE
to-israel,Air Ambulance TO Israel,Country — Georgia,patient transfer from georgia to israel,Exact,country,GE
to-israel,Air Ambulance TO Israel,Country — Georgia,patient transfer from georgia to israel,Phrase,country,GE
to-israel,Air Ambulance TO Israel,Country — Georgia,medical escort from georgia to israel,Exact,country,GE
to-israel,Air Ambulance TO Israel,Country — Georgia,medical escort from georgia to israel,Phrase,country,GE
to-israel,Air Ambulance TO Israel,Country — Georgia,air ambulance from israel to georgia,Exact,country,GE
to-israel,Air Ambulance TO Israel,Country — Georgia,air ambulance from israel to georgia,Phrase,country,GE
to-israel,Air Ambulance TO Israel,Country — United Arab Emirates,air ambulance from united arab emirates to israel,Exact,country,AE
to-israel,Air Ambulance TO Israel,Country — United Arab Emirates,air ambulance from united arab emirates to israel,Phrase,country,AE
to-israel,Air Ambulance TO Israel,Country — United Arab Emirates,air ambulance to israel from united arab emirates,Exact,country,AE
to-israel,Air Ambulance TO Israel,Country — United Arab Emirates,air ambulance to israel from united arab emirates,Phrase,country,AE
to-israel,Air Ambulance TO Israel,Country — United Arab Emirates,medical flight from united arab emirates to israel,Exact,country,AE
to-israel,Air Ambulance TO Israel,Country — United Arab Emirates,medical flight from united arab emirates to israel,Phrase,country,AE
to-israel,Air Ambulance TO Israel,Country — United Arab Emirates,medical repatriation from united arab emirates to israel,Exact,country,AE
to-israel,Air Ambulance TO Israel,Country — United Arab Emirates,medical repatriation from united arab emirates to israel,Phrase,country,AE
to-israel,Air Ambulance TO Israel,Country — United Arab Emirates,private air ambulance united arab emirates israel,Exact,country,AE
to-israel,Air Ambulance TO Israel,Country — United Arab Emirates,private air ambulance united arab emirates israel,Phrase,country,AE
to-israel,Air Ambulance TO Israel,Country — United Arab Emirates,emergency medical flight united arab emirates israel,Exact,country,AE
to-israel,Air Ambulance TO Israel,Country — United Arab Emirates,emergency medical flight united arab emirates israel,Phrase,country,AE
to-israel,Air Ambulance TO Israel,Country — United Arab Emirates,icu air ambulance united arab emirates to israel,Exact,country,AE
to-israel,Air Ambulance TO Israel,Country — United Arab Emirates,icu air ambulance united arab emirates to israel,Phrase,country,AE
to-israel,Air Ambulance TO Israel,Country — United Arab Emirates,patient transfer from united arab emirates to israel,Exact,country,AE
to-israel,Air Ambulance TO Israel,Country — United Arab Emirates,patient transfer from united arab emirates to israel,Phrase,country,AE
to-israel,Air Ambulance TO Israel,Country — United Arab Emirates,medical escort from united arab emirates to israel,Exact,country,AE
to-israel,Air Ambulance TO Israel,Country — United Arab Emirates,medical escort from united arab emirates to israel,Phrase,country,AE
to-israel,Air Ambulance TO Israel,Country — United Arab Emirates,air ambulance from israel to united arab emirates,Exact,country,AE
to-israel,Air Ambulance TO Israel,Country — United Arab Emirates,air ambulance from israel to united arab emirates,Phrase,country,AE
to-israel,Air Ambulance TO Israel,Country — Thailand,air ambulance from thailand to israel,Exact,country,TH
to-israel,Air Ambulance TO Israel,Country — Thailand,air ambulance from thailand to israel,Phrase,country,TH
to-israel,Air Ambulance TO Israel,Country — Thailand,air ambulance to israel from thailand,Exact,country,TH
to-israel,Air Ambulance TO Israel,Country — Thailand,air ambulance to israel from thailand,Phrase,country,TH
to-israel,Air Ambulance TO Israel,Country — Thailand,medical flight from thailand to israel,Exact,country,TH
to-israel,Air Ambulance TO Israel,Country — Thailand,medical flight from thailand to israel,Phrase,country,TH
to-israel,Air Ambulance TO Israel,Country — Thailand,medical repatriation from thailand to israel,Exact,country,TH
to-israel,Air Ambulance TO Israel,Country — Thailand,medical repatriation from thailand to israel,Phrase,country,TH
to-israel,Air Ambulance TO Israel,Country — Thailand,private air ambulance thailand israel,Exact,country,TH
to-israel,Air Ambulance TO Israel,Country — Thailand,private air ambulance thailand israel,Phrase,country,TH
to-israel,Air Ambulance TO Israel,Country — Thailand,emergency medical flight thailand israel,Exact,country,TH
to-israel,Air Ambulance TO Israel,Country — Thailand,emergency medical flight thailand israel,Phrase,country,TH
to-israel,Air Ambulance TO Israel,Country — Thailand,icu air ambulance thailand to israel,Exact,country,TH
to-israel,Air Ambulance TO Israel,Country — Thailand,icu air ambulance thailand to israel,Phrase,country,TH
to-israel,Air Ambulance TO Israel,Country — Thailand,patient transfer from thailand to israel,Exact,country,TH
to-israel,Air Ambulance TO Israel,Country — Thailand,patient transfer from thailand to israel,Phrase,country,TH
to-israel,Air Ambulance TO Israel,Country — Thailand,medical escort from thailand to israel,Exact,country,TH
to-israel,Air Ambulance TO Israel,Country — Thailand,medical escort from thailand to israel,Phrase,country,TH
to-israel,Air Ambulance TO Israel,Country — Thailand,air ambulance from israel to thailand,Exact,country,TH
to-israel,Air Ambulance TO Israel,Country — Thailand,air ambulance from israel to thailand,Phrase,country,TH
to-israel,Air Ambulance TO Israel,Country — Japan,air ambulance from japan to israel,Exact,country,JP
to-israel,Air Ambulance TO Israel,Country — Japan,air ambulance from japan to israel,Phrase,country,JP
to-israel,Air Ambulance TO Israel,Country — Japan,air ambulance to israel from japan,Exact,country,JP
to-israel,Air Ambulance TO Israel,Country — Japan,air ambulance to israel from japan,Phrase,country,JP
to-israel,Air Ambulance TO Israel,Country — Japan,medical flight from japan to israel,Exact,country,JP
to-israel,Air Ambulance TO Israel,Country — Japan,medical flight from japan to israel,Phrase,country,JP
to-israel,Air Ambulance TO Israel,Country — Japan,medical repatriation from japan to israel,Exact,country,JP
to-israel,Air Ambulance TO Israel,Country — Japan,medical repatriation from japan to israel,Phrase,country,JP
to-israel,Air Ambulance TO Israel,Country — Japan,private air ambulance japan israel,Exact,country,JP
to-israel,Air Ambulance TO Israel,Country — Japan,private air ambulance japan israel,Phrase,country,JP
to-israel,Air Ambulance TO Israel,Country — Japan,emergency medical flight japan israel,Exact,country,JP
to-israel,Air Ambulance TO Israel,Country — Japan,emergency medical flight japan israel,Phrase,country,JP
to-israel,Air Ambulance TO Israel,Country — Japan,icu air ambulance japan to israel,Exact,country,JP
to-israel,Air Ambulance TO Israel,Country — Japan,icu air ambulance japan to israel,Phrase,country,JP
to-israel,Air Ambulance TO Israel,Country — Japan,patient transfer from japan to israel,Exact,country,JP
to-israel,Air Ambulance TO Israel,Country — Japan,patient transfer from japan to israel,Phrase,country,JP
to-israel,Air Ambulance TO Israel,Country — Japan,medical escort from japan to israel,Exact,country,JP
to-israel,Air Ambulance TO Israel,Country — Japan,medical escort from japan to israel,Phrase,country,JP
to-israel,Air Ambulance TO Israel,Country — Japan,air ambulance from israel to japan,Exact,country,JP
to-israel,Air Ambulance TO Israel,Country — Japan,air ambulance from israel to japan,Phrase,country,JP
to-israel,Air Ambulance TO Israel,Country — Singapore,air ambulance from singapore to israel,Exact,country,SG
to-israel,Air Ambulance TO Israel,Country — Singapore,air ambulance from singapore to israel,Phrase,country,SG
to-israel,Air Ambulance TO Israel,Country — Singapore,air ambulance to israel from singapore,Exact,country,SG
to-israel,Air Ambulance TO Israel,Country — Singapore,air ambulance to israel from singapore,Phrase,country,SG
to-israel,Air Ambulance TO Israel,Country — Singapore,medical flight from singapore to israel,Exact,country,SG
to-israel,Air Ambulance TO Israel,Country — Singapore,medical flight from singapore to israel,Phrase,country,SG
to-israel,Air Ambulance TO Israel,Country — Singapore,medical repatriation from singapore to israel,Exact,country,SG
to-israel,Air Ambulance TO Israel,Country — Singapore,medical repatriation from singapore to israel,Phrase,country,SG
to-israel,Air Ambulance TO Israel,Country — Singapore,private air ambulance singapore israel,Exact,country,SG
to-israel,Air Ambulance TO Israel,Country — Singapore,private air ambulance singapore israel,Phrase,country,SG
to-israel,Air Ambulance TO Israel,Country — Singapore,emergency medical flight singapore israel,Exact,country,SG
to-israel,Air Ambulance TO Israel,Country — Singapore,emergency medical flight singapore israel,Phrase,country,SG
to-israel,Air Ambulance TO Israel,Country — Singapore,icu air ambulance singapore to israel,Exact,country,SG
to-israel,Air Ambulance TO Israel,Country — Singapore,icu air ambulance singapore to israel,Phrase,country,SG
to-israel,Air Ambulance TO Israel,Country — Singapore,patient transfer from singapore to israel,Exact,country,SG
to-israel,Air Ambulance TO Israel,Country — Singapore,patient transfer from singapore to israel,Phrase,country,SG
to-israel,Air Ambulance TO Israel,Country — Singapore,medical escort from singapore to israel,Exact,country,SG
to-israel,Air Ambulance TO Israel,Country — Singapore,medical escort from singapore to israel,Phrase,country,SG
to-israel,Air Ambulance TO Israel,Country — Singapore,air ambulance from israel to singapore,Exact,country,SG
to-israel,Air Ambulance TO Israel,Country — Singapore,air ambulance from israel to singapore,Phrase,country,SG
to-israel,Air Ambulance TO Israel,Country — Australia,air ambulance from australia to israel,Exact,country,AU
to-israel,Air Ambulance TO Israel,Country — Australia,air ambulance from australia to israel,Phrase,country,AU
to-israel,Air Ambulance TO Israel,Country — Australia,air ambulance to israel from australia,Exact,country,AU
to-israel,Air Ambulance TO Israel,Country — Australia,air ambulance to israel from australia,Phrase,country,AU
to-israel,Air Ambulance TO Israel,Country — Australia,medical flight from australia to israel,Exact,country,AU
to-israel,Air Ambulance TO Israel,Country — Australia,medical flight from australia to israel,Phrase,country,AU
to-israel,Air Ambulance TO Israel,Country — Australia,medical repatriation from australia to israel,Exact,country,AU
to-israel,Air Ambulance TO Israel,Country — Australia,medical repatriation from australia to israel,Phrase,country,AU
to-israel,Air Ambulance TO Israel,Country — Australia,private air ambulance australia israel,Exact,country,AU
to-israel,Air Ambulance TO Israel,Country — Australia,private air ambulance australia israel,Phrase,country,AU
to-israel,Air Ambulance TO Israel,Country — Australia,emergency medical flight australia israel,Exact,country,AU
to-israel,Air Ambulance TO Israel,Country — Australia,emergency medical flight australia israel,Phrase,country,AU
to-israel,Air Ambulance TO Israel,Country — Australia,icu air ambulance australia to israel,Exact,country,AU
to-israel,Air Ambulance TO Israel,Country — Australia,icu air ambulance australia to israel,Phrase,country,AU
to-israel,Air Ambulance TO Israel,Country — Australia,patient transfer from australia to israel,Exact,country,AU
to-israel,Air Ambulance TO Israel,Country — Australia,patient transfer from australia to israel,Phrase,country,AU
to-israel,Air Ambulance TO Israel,Country — Australia,medical escort from australia to israel,Exact,country,AU
to-israel,Air Ambulance TO Israel,Country — Australia,medical escort from australia to israel,Phrase,country,AU
to-israel,Air Ambulance TO Israel,Country — Australia,air ambulance from israel to australia,Exact,country,AU
to-israel,Air Ambulance TO Israel,Country — Australia,air ambulance from israel to australia,Phrase,country,AU
to-israel,Air Ambulance TO Israel,Country — South Africa,air ambulance from south africa to israel,Exact,country,ZA
to-israel,Air Ambulance TO Israel,Country — South Africa,air ambulance from south africa to israel,Phrase,country,ZA
to-israel,Air Ambulance TO Israel,Country — South Africa,air ambulance to israel from south africa,Exact,country,ZA
to-israel,Air Ambulance TO Israel,Country — South Africa,air ambulance to israel from south africa,Phrase,country,ZA
to-israel,Air Ambulance TO Israel,Country — South Africa,medical flight from south africa to israel,Exact,country,ZA
to-israel,Air Ambulance TO Israel,Country — South Africa,medical flight from south africa to israel,Phrase,country,ZA
to-israel,Air Ambulance TO Israel,Country — South Africa,medical repatriation from south africa to israel,Exact,country,ZA
to-israel,Air Ambulance TO Israel,Country — South Africa,medical repatriation from south africa to israel,Phrase,country,ZA
to-israel,Air Ambulance TO Israel,Country — South Africa,private air ambulance south africa israel,Exact,country,ZA
to-israel,Air Ambulance TO Israel,Country — South Africa,private air ambulance south africa israel,Phrase,country,ZA
to-israel,Air Ambulance TO Israel,Country — South Africa,emergency medical flight south africa israel,Exact,country,ZA
to-israel,Air Ambulance TO Israel,Country — South Africa,emergency medical flight south africa israel,Phrase,country,ZA
to-israel,Air Ambulance TO Israel,Country — South Africa,icu air ambulance south africa to israel,Exact,country,ZA
to-israel,Air Ambulance TO Israel,Country — South Africa,icu air ambulance south africa to israel,Phrase,country,ZA
to-israel,Air Ambulance TO Israel,Country — South Africa,patient transfer from south africa to israel,Exact,country,ZA
to-israel,Air Ambulance TO Israel,Country — South Africa,patient transfer from south africa to israel,Phrase,country,ZA
to-israel,Air Ambulance TO Israel,Country — South Africa,medical escort from south africa to israel,Exact,country,ZA
to-israel,Air Ambulance TO Israel,Country — South Africa,medical escort from south africa to israel,Phrase,country,ZA
to-israel,Air Ambulance TO Israel,Country — South Africa,air ambulance from israel to south africa,Exact,country,ZA
to-israel,Air Ambulance TO Israel,Country — South Africa,air ambulance from israel to south africa,Phrase,country,ZA
to-israel,Air Ambulance TO Israel,Country — Morocco,air ambulance from morocco to israel,Exact,country,MA
to-israel,Air Ambulance TO Israel,Country — Morocco,air ambulance from morocco to israel,Phrase,country,MA
to-israel,Air Ambulance TO Israel,Country — Morocco,air ambulance to israel from morocco,Exact,country,MA
to-israel,Air Ambulance TO Israel,Country — Morocco,air ambulance to israel from morocco,Phrase,country,MA
to-israel,Air Ambulance TO Israel,Country — Morocco,medical flight from morocco to israel,Exact,country,MA
to-israel,Air Ambulance TO Israel,Country — Morocco,medical flight from morocco to israel,Phrase,country,MA
to-israel,Air Ambulance TO Israel,Country — Morocco,medical repatriation from morocco to israel,Exact,country,MA
to-israel,Air Ambulance TO Israel,Country — Morocco,medical repatriation from morocco to israel,Phrase,country,MA
to-israel,Air Ambulance TO Israel,Country — Morocco,private air ambulance morocco israel,Exact,country,MA
to-israel,Air Ambulance TO Israel,Country — Morocco,private air ambulance morocco israel,Phrase,country,MA
to-israel,Air Ambulance TO Israel,Country — Morocco,emergency medical flight morocco israel,Exact,country,MA
to-israel,Air Ambulance TO Israel,Country — Morocco,emergency medical flight morocco israel,Phrase,country,MA
to-israel,Air Ambulance TO Israel,Country — Morocco,icu air ambulance morocco to israel,Exact,country,MA
to-israel,Air Ambulance TO Israel,Country — Morocco,icu air ambulance morocco to israel,Phrase,country,MA
to-israel,Air Ambulance TO Israel,Country — Morocco,patient transfer from morocco to israel,Exact,country,MA
to-israel,Air Ambulance TO Israel,Country — Morocco,patient transfer from morocco to israel,Phrase,country,MA
to-israel,Air Ambulance TO Israel,Country — Morocco,medical escort from morocco to israel,Exact,country,MA
to-israel,Air Ambulance TO Israel,Country — Morocco,medical escort from morocco to israel,Phrase,country,MA
to-israel,Air Ambulance TO Israel,Country — Morocco,air ambulance from israel to morocco,Exact,country,MA
to-israel,Air Ambulance TO Israel,Country — Morocco,air ambulance from israel to morocco,Phrase,country,MA
to-israel,Air Ambulance TO Israel,City — New York,air ambulance new york to israel,Phrase,city,New York
to-israel,Air Ambulance TO Israel,City — New York,air ambulance israel to new york,Phrase,city,New York
to-israel,Air Ambulance TO Israel,City — New York,medical flight new york to israel,Phrase,city,New York
to-israel,Air Ambulance TO Israel,City — New York,medical flight from new york to israel,Phrase,city,New York
to-israel,Air Ambulance TO Israel,City — New York,medical repatriation from new york,Phrase,city,New York
to-israel,Air Ambulance TO Israel,City — New York,patient transfer new york israel,Phrase,city,New York
to-israel,Air Ambulance TO Israel,City — New York,icu air ambulance new york,Phrase,city,New York
to-israel,Air Ambulance TO Israel,City — New York,emergency medical flight new york,Phrase,city,New York
to-israel,Air Ambulance TO Israel,City — New York,private air ambulance new york,Phrase,city,New York
to-israel,Air Ambulance TO Israel,City — New York,medical escort flight new york,Phrase,city,New York
to-israel,Air Ambulance TO Israel,City — New York,stretcher flight new york israel,Phrase,city,New York
to-israel,Air Ambulance TO Israel,City — New York,bed to bed medical transport new york,Phrase,city,New York
to-israel,Air Ambulance TO Israel,City — New York,air ambulance nyc to israel,Phrase,city,New York
to-israel,Air Ambulance TO Israel,City — New York,air ambulance israel to nyc,Phrase,city,New York
to-israel,Air Ambulance TO Israel,City — New York,medical flight nyc to israel,Phrase,city,New York
to-israel,Air Ambulance TO Israel,City — New York,medical flight from nyc to israel,Phrase,city,New York
to-israel,Air Ambulance TO Israel,City — New York,medical repatriation from nyc,Phrase,city,New York
to-israel,Air Ambulance TO Israel,City — New York,patient transfer nyc israel,Phrase,city,New York
to-israel,Air Ambulance TO Israel,City — New York,icu air ambulance nyc,Phrase,city,New York
to-israel,Air Ambulance TO Israel,City — New York,emergency medical flight nyc,Phrase,city,New York
to-israel,Air Ambulance TO Israel,City — New York,private air ambulance nyc,Phrase,city,New York
to-israel,Air Ambulance TO Israel,City — New York,medical escort flight nyc,Phrase,city,New York
to-israel,Air Ambulance TO Israel,City — New York,stretcher flight nyc israel,Phrase,city,New York
to-israel,Air Ambulance TO Israel,City — New York,bed to bed medical transport nyc,Phrase,city,New York
to-israel,Air Ambulance TO Israel,City — New York,air ambulance new york city to israel,Phrase,city,New York
to-israel,Air Ambulance TO Israel,City — New York,air ambulance israel to new york city,Phrase,city,New York
to-israel,Air Ambulance TO Israel,City — New York,medical flight new york city to israel,Phrase,city,New York
to-israel,Air Ambulance TO Israel,City — New York,medical flight from new york city to israel,Phrase,city,New York
to-israel,Air Ambulance TO Israel,City — New York,medical repatriation from new york city,Phrase,city,New York
to-israel,Air Ambulance TO Israel,City — New York,patient transfer new york city israel,Phrase,city,New York
to-israel,Air Ambulance TO Israel,City — New York,icu air ambulance new york city,Phrase,city,New York
to-israel,Air Ambulance TO Israel,City — New York,emergency medical flight new york city,Phrase,city,New York
to-israel,Air Ambulance TO Israel,City — New York,private air ambulance new york city,Phrase,city,New York
to-israel,Air Ambulance TO Israel,City — New York,medical escort flight new york city,Phrase,city,New York
to-israel,Air Ambulance TO Israel,City — New York,stretcher flight new york city israel,Phrase,city,New York
to-israel,Air Ambulance TO Israel,City — New York,bed to bed medical transport new york city,Phrase,city,New York
to-israel,Air Ambulance TO Israel,City — New York,air ambulance jfk to israel,Phrase,city,New York
to-israel,Air Ambulance TO Israel,City — New York,air ambulance israel to jfk,Phrase,city,New York
to-israel,Air Ambulance TO Israel,City — New York,medical flight jfk to israel,Phrase,city,New York
to-israel,Air Ambulance TO Israel,City — New York,medical flight from jfk to israel,Phrase,city,New York
to-israel,Air Ambulance TO Israel,City — New York,medical repatriation from jfk,Phrase,city,New York
to-israel,Air Ambulance TO Israel,City — New York,patient transfer jfk israel,Phrase,city,New York
to-israel,Air Ambulance TO Israel,City — New York,icu air ambulance jfk,Phrase,city,New York
to-israel,Air Ambulance TO Israel,City — New York,emergency medical flight jfk,Phrase,city,New York
to-israel,Air Ambulance TO Israel,City — New York,private air ambulance jfk,Phrase,city,New York
to-israel,Air Ambulance TO Israel,City — New York,medical escort flight jfk,Phrase,city,New York
to-israel,Air Ambulance TO Israel,City — New York,stretcher flight jfk israel,Phrase,city,New York
to-israel,Air Ambulance TO Israel,City — New York,bed to bed medical transport jfk,Phrase,city,New York
to-israel,Air Ambulance TO Israel,City — New York,air ambulance newark to israel,Phrase,city,New York
to-israel,Air Ambulance TO Israel,City — New York,air ambulance israel to newark,Phrase,city,New York
to-israel,Air Ambulance TO Israel,City — New York,medical flight newark to israel,Phrase,city,New York
to-israel,Air Ambulance TO Israel,City — New York,medical flight from newark to israel,Phrase,city,New York
to-israel,Air Ambulance TO Israel,City — New York,medical repatriation from newark,Phrase,city,New York
to-israel,Air Ambulance TO Israel,City — New York,patient transfer newark israel,Phrase,city,New York
to-israel,Air Ambulance TO Israel,City — New York,icu air ambulance newark,Phrase,city,New York
to-israel,Air Ambulance TO Israel,City — New York,emergency medical flight newark,Phrase,city,New York
to-israel,Air Ambulance TO Israel,City — New York,private air ambulance newark,Phrase,city,New York
to-israel,Air Ambulance TO Israel,City — New York,medical escort flight newark,Phrase,city,New York
to-israel,Air Ambulance TO Israel,City — New York,stretcher flight newark israel,Phrase,city,New York
to-israel,Air Ambulance TO Israel,City — New York,bed to bed medical transport newark,Phrase,city,New York
to-israel,Air Ambulance TO Israel,City — New York,air ambulance united states to israel,Phrase,city,New York
to-israel,Air Ambulance TO Israel,City — New York,air ambulance israel to united states,Phrase,city,New York
to-israel,Air Ambulance TO Israel,City — New York,medical flight united states to israel,Phrase,city,New York
to-israel,Air Ambulance TO Israel,City — New York,medical repatriation from united states,Phrase,city,New York
to-israel,Air Ambulance TO Israel,City — New York,patient transfer united states israel,Phrase,city,New York
to-israel,Air Ambulance TO Israel,City — New York,icu air ambulance united states,Phrase,city,New York
to-israel,Air Ambulance TO Israel,City — New York,emergency medical flight united states,Phrase,city,New York
to-israel,Air Ambulance TO Israel,City — New York,private air ambulance united states,Phrase,city,New York
to-israel,Air Ambulance TO Israel,City — New York,medical escort flight united states,Phrase,city,New York
to-israel,Air Ambulance TO Israel,City — New York,stretcher flight united states israel,Phrase,city,New York
to-israel,Air Ambulance TO Israel,City — New York,bed to bed medical transport united states,Phrase,city,New York
from-israel,Air Ambulance FROM Israel,City — New York,air ambulance from israel to new york,Phrase,city_from,New York
from-israel,Air Ambulance FROM Israel,City — New York,medical flight israel to new york,Phrase,city_from,New York
from-israel,Air Ambulance FROM Israel,City — New York,patient transfer israel to new york,Phrase,city_from,New York
to-israel,Air Ambulance TO Israel,City — Miami,air ambulance miami to israel,Phrase,city,Miami
to-israel,Air Ambulance TO Israel,City — Miami,air ambulance israel to miami,Phrase,city,Miami
to-israel,Air Ambulance TO Israel,City — Miami,medical flight miami to israel,Phrase,city,Miami
to-israel,Air Ambulance TO Israel,City — Miami,medical flight from miami to israel,Phrase,city,Miami
to-israel,Air Ambulance TO Israel,City — Miami,medical repatriation from miami,Phrase,city,Miami
to-israel,Air Ambulance TO Israel,City — Miami,patient transfer miami israel,Phrase,city,Miami
to-israel,Air Ambulance TO Israel,City — Miami,icu air ambulance miami,Phrase,city,Miami
to-israel,Air Ambulance TO Israel,City — Miami,emergency medical flight miami,Phrase,city,Miami
to-israel,Air Ambulance TO Israel,City — Miami,private air ambulance miami,Phrase,city,Miami
to-israel,Air Ambulance TO Israel,City — Miami,medical escort flight miami,Phrase,city,Miami
to-israel,Air Ambulance TO Israel,City — Miami,stretcher flight miami israel,Phrase,city,Miami
to-israel,Air Ambulance TO Israel,City — Miami,bed to bed medical transport miami,Phrase,city,Miami
to-israel,Air Ambulance TO Israel,City — Miami,air ambulance mia to israel,Phrase,city,Miami
to-israel,Air Ambulance TO Israel,City — Miami,air ambulance israel to mia,Phrase,city,Miami
to-israel,Air Ambulance TO Israel,City — Miami,medical flight mia to israel,Phrase,city,Miami
to-israel,Air Ambulance TO Israel,City — Miami,medical flight from mia to israel,Phrase,city,Miami
to-israel,Air Ambulance TO Israel,City — Miami,medical repatriation from mia,Phrase,city,Miami
to-israel,Air Ambulance TO Israel,City — Miami,patient transfer mia israel,Phrase,city,Miami
to-israel,Air Ambulance TO Israel,City — Miami,icu air ambulance mia,Phrase,city,Miami
to-israel,Air Ambulance TO Israel,City — Miami,emergency medical flight mia,Phrase,city,Miami
to-israel,Air Ambulance TO Israel,City — Miami,private air ambulance mia,Phrase,city,Miami
to-israel,Air Ambulance TO Israel,City — Miami,medical escort flight mia,Phrase,city,Miami
to-israel,Air Ambulance TO Israel,City — Miami,stretcher flight mia israel,Phrase,city,Miami
to-israel,Air Ambulance TO Israel,City — Miami,bed to bed medical transport mia,Phrase,city,Miami
from-israel,Air Ambulance FROM Israel,City — Miami,air ambulance from israel to miami,Phrase,city_from,Miami
from-israel,Air Ambulance FROM Israel,City — Miami,medical flight israel to miami,Phrase,city_from,Miami
from-israel,Air Ambulance FROM Israel,City — Miami,patient transfer israel to miami,Phrase,city_from,Miami
to-israel,Air Ambulance TO Israel,City — Fort Lauderdale,air ambulance fort lauderdale to israel,Phrase,city,Fort Lauderdale
to-israel,Air Ambulance TO Israel,City — Fort Lauderdale,air ambulance israel to fort lauderdale,Phrase,city,Fort Lauderdale
to-israel,Air Ambulance TO Israel,City — Fort Lauderdale,medical flight fort lauderdale to israel,Phrase,city,Fort Lauderdale
to-israel,Air Ambulance TO Israel,City — Fort Lauderdale,medical flight from fort lauderdale to israel,Phrase,city,Fort Lauderdale
to-israel,Air Ambulance TO Israel,City — Fort Lauderdale,medical repatriation from fort lauderdale,Phrase,city,Fort Lauderdale
to-israel,Air Ambulance TO Israel,City — Fort Lauderdale,patient transfer fort lauderdale israel,Phrase,city,Fort Lauderdale
to-israel,Air Ambulance TO Israel,City — Fort Lauderdale,icu air ambulance fort lauderdale,Phrase,city,Fort Lauderdale
to-israel,Air Ambulance TO Israel,City — Fort Lauderdale,emergency medical flight fort lauderdale,Phrase,city,Fort Lauderdale
to-israel,Air Ambulance TO Israel,City — Fort Lauderdale,private air ambulance fort lauderdale,Phrase,city,Fort Lauderdale
to-israel,Air Ambulance TO Israel,City — Fort Lauderdale,medical escort flight fort lauderdale,Phrase,city,Fort Lauderdale
to-israel,Air Ambulance TO Israel,City — Fort Lauderdale,stretcher flight fort lauderdale israel,Phrase,city,Fort Lauderdale
to-israel,Air Ambulance TO Israel,City — Fort Lauderdale,bed to bed medical transport fort lauderdale,Phrase,city,Fort Lauderdale
to-israel,Air Ambulance TO Israel,City — Fort Lauderdale,air ambulance fll to israel,Phrase,city,Fort Lauderdale
to-israel,Air Ambulance TO Israel,City — Fort Lauderdale,air ambulance israel to fll,Phrase,city,Fort Lauderdale
to-israel,Air Ambulance TO Israel,City — Fort Lauderdale,medical flight fll to israel,Phrase,city,Fort Lauderdale
to-israel,Air Ambulance TO Israel,City — Fort Lauderdale,medical flight from fll to israel,Phrase,city,Fort Lauderdale
to-israel,Air Ambulance TO Israel,City — Fort Lauderdale,medical repatriation from fll,Phrase,city,Fort Lauderdale
to-israel,Air Ambulance TO Israel,City — Fort Lauderdale,patient transfer fll israel,Phrase,city,Fort Lauderdale
to-israel,Air Ambulance TO Israel,City — Fort Lauderdale,icu air ambulance fll,Phrase,city,Fort Lauderdale
to-israel,Air Ambulance TO Israel,City — Fort Lauderdale,emergency medical flight fll,Phrase,city,Fort Lauderdale
to-israel,Air Ambulance TO Israel,City — Fort Lauderdale,private air ambulance fll,Phrase,city,Fort Lauderdale
to-israel,Air Ambulance TO Israel,City — Fort Lauderdale,medical escort flight fll,Phrase,city,Fort Lauderdale
to-israel,Air Ambulance TO Israel,City — Fort Lauderdale,stretcher flight fll israel,Phrase,city,Fort Lauderdale
to-israel,Air Ambulance TO Israel,City — Fort Lauderdale,bed to bed medical transport fll,Phrase,city,Fort Lauderdale
from-israel,Air Ambulance FROM Israel,City — Fort Lauderdale,air ambulance from israel to fort lauderdale,Phrase,city_from,Fort Lauderdale
from-israel,Air Ambulance FROM Israel,City — Fort Lauderdale,medical flight israel to fort lauderdale,Phrase,city_from,Fort Lauderdale
from-israel,Air Ambulance FROM Israel,City — Fort Lauderdale,patient transfer israel to fort lauderdale,Phrase,city_from,Fort Lauderdale
to-israel,Air Ambulance TO Israel,City — Boston,air ambulance boston to israel,Phrase,city,Boston
to-israel,Air Ambulance TO Israel,City — Boston,air ambulance israel to boston,Phrase,city,Boston
to-israel,Air Ambulance TO Israel,City — Boston,medical flight boston to israel,Phrase,city,Boston
to-israel,Air Ambulance TO Israel,City — Boston,medical flight from boston to israel,Phrase,city,Boston
to-israel,Air Ambulance TO Israel,City — Boston,medical repatriation from boston,Phrase,city,Boston
to-israel,Air Ambulance TO Israel,City — Boston,patient transfer boston israel,Phrase,city,Boston
to-israel,Air Ambulance TO Israel,City — Boston,icu air ambulance boston,Phrase,city,Boston
to-israel,Air Ambulance TO Israel,City — Boston,emergency medical flight boston,Phrase,city,Boston
to-israel,Air Ambulance TO Israel,City — Boston,private air ambulance boston,Phrase,city,Boston
to-israel,Air Ambulance TO Israel,City — Boston,medical escort flight boston,Phrase,city,Boston
to-israel,Air Ambulance TO Israel,City — Boston,stretcher flight boston israel,Phrase,city,Boston
to-israel,Air Ambulance TO Israel,City — Boston,bed to bed medical transport boston,Phrase,city,Boston
to-israel,Air Ambulance TO Israel,City — Boston,air ambulance bos to israel,Phrase,city,Boston
to-israel,Air Ambulance TO Israel,City — Boston,air ambulance israel to bos,Phrase,city,Boston
to-israel,Air Ambulance TO Israel,City — Boston,medical flight bos to israel,Phrase,city,Boston
to-israel,Air Ambulance TO Israel,City — Boston,medical flight from bos to israel,Phrase,city,Boston
to-israel,Air Ambulance TO Israel,City — Boston,medical repatriation from bos,Phrase,city,Boston
to-israel,Air Ambulance TO Israel,City — Boston,patient transfer bos israel,Phrase,city,Boston
to-israel,Air Ambulance TO Israel,City — Boston,icu air ambulance bos,Phrase,city,Boston
to-israel,Air Ambulance TO Israel,City — Boston,emergency medical flight bos,Phrase,city,Boston
to-israel,Air Ambulance TO Israel,City — Boston,private air ambulance bos,Phrase,city,Boston
to-israel,Air Ambulance TO Israel,City — Boston,medical escort flight bos,Phrase,city,Boston
to-israel,Air Ambulance TO Israel,City — Boston,stretcher flight bos israel,Phrase,city,Boston
to-israel,Air Ambulance TO Israel,City — Boston,bed to bed medical transport bos,Phrase,city,Boston
from-israel,Air Ambulance FROM Israel,City — Boston,air ambulance from israel to boston,Phrase,city_from,Boston
from-israel,Air Ambulance FROM Israel,City — Boston,medical flight israel to boston,Phrase,city_from,Boston
from-israel,Air Ambulance FROM Israel,City — Boston,patient transfer israel to boston,Phrase,city_from,Boston
to-israel,Air Ambulance TO Israel,City — Los Angeles,air ambulance los angeles to israel,Phrase,city,Los Angeles
to-israel,Air Ambulance TO Israel,City — Los Angeles,air ambulance israel to los angeles,Phrase,city,Los Angeles
to-israel,Air Ambulance TO Israel,City — Los Angeles,medical flight los angeles to israel,Phrase,city,Los Angeles
to-israel,Air Ambulance TO Israel,City — Los Angeles,medical flight from los angeles to israel,Phrase,city,Los Angeles
to-israel,Air Ambulance TO Israel,City — Los Angeles,medical repatriation from los angeles,Phrase,city,Los Angeles
to-israel,Air Ambulance TO Israel,City — Los Angeles,patient transfer los angeles israel,Phrase,city,Los Angeles
to-israel,Air Ambulance TO Israel,City — Los Angeles,icu air ambulance los angeles,Phrase,city,Los Angeles
to-israel,Air Ambulance TO Israel,City — Los Angeles,emergency medical flight los angeles,Phrase,city,Los Angeles
to-israel,Air Ambulance TO Israel,City — Los Angeles,private air ambulance los angeles,Phrase,city,Los Angeles
to-israel,Air Ambulance TO Israel,City — Los Angeles,medical escort flight los angeles,Phrase,city,Los Angeles
to-israel,Air Ambulance TO Israel,City — Los Angeles,stretcher flight los angeles israel,Phrase,city,Los Angeles
to-israel,Air Ambulance TO Israel,City — Los Angeles,bed to bed medical transport los angeles,Phrase,city,Los Angeles
to-israel,Air Ambulance TO Israel,City — Los Angeles,air ambulance la to israel,Phrase,city,Los Angeles
to-israel,Air Ambulance TO Israel,City — Los Angeles,air ambulance israel to la,Phrase,city,Los Angeles
to-israel,Air Ambulance TO Israel,City — Los Angeles,medical flight la to israel,Phrase,city,Los Angeles
to-israel,Air Ambulance TO Israel,City — Los Angeles,medical flight from la to israel,Phrase,city,Los Angeles
to-israel,Air Ambulance TO Israel,City — Los Angeles,medical repatriation from la,Phrase,city,Los Angeles
to-israel,Air Ambulance TO Israel,City — Los Angeles,patient transfer la israel,Phrase,city,Los Angeles
to-israel,Air Ambulance TO Israel,City — Los Angeles,icu air ambulance la,Phrase,city,Los Angeles
to-israel,Air Ambulance TO Israel,City — Los Angeles,emergency medical flight la,Phrase,city,Los Angeles
to-israel,Air Ambulance TO Israel,City — Los Angeles,private air ambulance la,Phrase,city,Los Angeles
to-israel,Air Ambulance TO Israel,City — Los Angeles,medical escort flight la,Phrase,city,Los Angeles
to-israel,Air Ambulance TO Israel,City — Los Angeles,stretcher flight la israel,Phrase,city,Los Angeles
to-israel,Air Ambulance TO Israel,City — Los Angeles,bed to bed medical transport la,Phrase,city,Los Angeles
to-israel,Air Ambulance TO Israel,City — Los Angeles,air ambulance lax to israel,Phrase,city,Los Angeles
to-israel,Air Ambulance TO Israel,City — Los Angeles,air ambulance israel to lax,Phrase,city,Los Angeles
to-israel,Air Ambulance TO Israel,City — Los Angeles,medical flight lax to israel,Phrase,city,Los Angeles
to-israel,Air Ambulance TO Israel,City — Los Angeles,medical flight from lax to israel,Phrase,city,Los Angeles
to-israel,Air Ambulance TO Israel,City — Los Angeles,medical repatriation from lax,Phrase,city,Los Angeles
to-israel,Air Ambulance TO Israel,City — Los Angeles,patient transfer lax israel,Phrase,city,Los Angeles
to-israel,Air Ambulance TO Israel,City — Los Angeles,icu air ambulance lax,Phrase,city,Los Angeles
to-israel,Air Ambulance TO Israel,City — Los Angeles,emergency medical flight lax,Phrase,city,Los Angeles
to-israel,Air Ambulance TO Israel,City — Los Angeles,private air ambulance lax,Phrase,city,Los Angeles
to-israel,Air Ambulance TO Israel,City — Los Angeles,medical escort flight lax,Phrase,city,Los Angeles
to-israel,Air Ambulance TO Israel,City — Los Angeles,stretcher flight lax israel,Phrase,city,Los Angeles
to-israel,Air Ambulance TO Israel,City — Los Angeles,bed to bed medical transport lax,Phrase,city,Los Angeles
from-israel,Air Ambulance FROM Israel,City — Los Angeles,air ambulance from israel to los angeles,Phrase,city_from,Los Angeles
from-israel,Air Ambulance FROM Israel,City — Los Angeles,medical flight israel to los angeles,Phrase,city_from,Los Angeles
from-israel,Air Ambulance FROM Israel,City — Los Angeles,patient transfer israel to los angeles,Phrase,city_from,Los Angeles
to-israel,Air Ambulance TO Israel,City — San Francisco,air ambulance san francisco to israel,Phrase,city,San Francisco
to-israel,Air Ambulance TO Israel,City — San Francisco,air ambulance israel to san francisco,Phrase,city,San Francisco
to-israel,Air Ambulance TO Israel,City — San Francisco,medical flight san francisco to israel,Phrase,city,San Francisco
to-israel,Air Ambulance TO Israel,City — San Francisco,medical flight from san francisco to israel,Phrase,city,San Francisco
to-israel,Air Ambulance TO Israel,City — San Francisco,medical repatriation from san francisco,Phrase,city,San Francisco
to-israel,Air Ambulance TO Israel,City — San Francisco,patient transfer san francisco israel,Phrase,city,San Francisco
to-israel,Air Ambulance TO Israel,City — San Francisco,icu air ambulance san francisco,Phrase,city,San Francisco
to-israel,Air Ambulance TO Israel,City — San Francisco,emergency medical flight san francisco,Phrase,city,San Francisco
to-israel,Air Ambulance TO Israel,City — San Francisco,private air ambulance san francisco,Phrase,city,San Francisco
to-israel,Air Ambulance TO Israel,City — San Francisco,medical escort flight san francisco,Phrase,city,San Francisco
to-israel,Air Ambulance TO Israel,City — San Francisco,stretcher flight san francisco israel,Phrase,city,San Francisco
to-israel,Air Ambulance TO Israel,City — San Francisco,bed to bed medical transport san francisco,Phrase,city,San Francisco
to-israel,Air Ambulance TO Israel,City — San Francisco,air ambulance sf to israel,Phrase,city,San Francisco
to-israel,Air Ambulance TO Israel,City — San Francisco,air ambulance israel to sf,Phrase,city,San Francisco
to-israel,Air Ambulance TO Israel,City — San Francisco,medical flight sf to israel,Phrase,city,San Francisco
to-israel,Air Ambulance TO Israel,City — San Francisco,medical flight from sf to israel,Phrase,city,San Francisco
to-israel,Air Ambulance TO Israel,City — San Francisco,medical repatriation from sf,Phrase,city,San Francisco
to-israel,Air Ambulance TO Israel,City — San Francisco,patient transfer sf israel,Phrase,city,San Francisco
to-israel,Air Ambulance TO Israel,City — San Francisco,icu air ambulance sf,Phrase,city,San Francisco
to-israel,Air Ambulance TO Israel,City — San Francisco,emergency medical flight sf,Phrase,city,San Francisco
to-israel,Air Ambulance TO Israel,City — San Francisco,private air ambulance sf,Phrase,city,San Francisco
to-israel,Air Ambulance TO Israel,City — San Francisco,medical escort flight sf,Phrase,city,San Francisco
to-israel,Air Ambulance TO Israel,City — San Francisco,stretcher flight sf israel,Phrase,city,San Francisco
to-israel,Air Ambulance TO Israel,City — San Francisco,bed to bed medical transport sf,Phrase,city,San Francisco
to-israel,Air Ambulance TO Israel,City — San Francisco,air ambulance sfo to israel,Phrase,city,San Francisco
to-israel,Air Ambulance TO Israel,City — San Francisco,air ambulance israel to sfo,Phrase,city,San Francisco
to-israel,Air Ambulance TO Israel,City — San Francisco,medical flight sfo to israel,Phrase,city,San Francisco
to-israel,Air Ambulance TO Israel,City — San Francisco,medical flight from sfo to israel,Phrase,city,San Francisco
to-israel,Air Ambulance TO Israel,City — San Francisco,medical repatriation from sfo,Phrase,city,San Francisco
to-israel,Air Ambulance TO Israel,City — San Francisco,patient transfer sfo israel,Phrase,city,San Francisco
to-israel,Air Ambulance TO Israel,City — San Francisco,icu air ambulance sfo,Phrase,city,San Francisco
to-israel,Air Ambulance TO Israel,City — San Francisco,emergency medical flight sfo,Phrase,city,San Francisco
to-israel,Air Ambulance TO Israel,City — San Francisco,private air ambulance sfo,Phrase,city,San Francisco
to-israel,Air Ambulance TO Israel,City — San Francisco,medical escort flight sfo,Phrase,city,San Francisco
to-israel,Air Ambulance TO Israel,City — San Francisco,stretcher flight sfo israel,Phrase,city,San Francisco
to-israel,Air Ambulance TO Israel,City — San Francisco,bed to bed medical transport sfo,Phrase,city,San Francisco
from-israel,Air Ambulance FROM Israel,City — San Francisco,air ambulance from israel to san francisco,Phrase,city_from,San Francisco
from-israel,Air Ambulance FROM Israel,City — San Francisco,medical flight israel to san francisco,Phrase,city_from,San Francisco
from-israel,Air Ambulance FROM Israel,City — San Francisco,patient transfer israel to san francisco,Phrase,city_from,San Francisco
to-israel,Air Ambulance TO Israel,City — Toronto,air ambulance toronto to israel,Phrase,city,Toronto
to-israel,Air Ambulance TO Israel,City — Toronto,air ambulance israel to toronto,Phrase,city,Toronto
to-israel,Air Ambulance TO Israel,City — Toronto,medical flight toronto to israel,Phrase,city,Toronto
to-israel,Air Ambulance TO Israel,City — Toronto,medical flight from toronto to israel,Phrase,city,Toronto
to-israel,Air Ambulance TO Israel,City — Toronto,medical repatriation from toronto,Phrase,city,Toronto
to-israel,Air Ambulance TO Israel,City — Toronto,patient transfer toronto israel,Phrase,city,Toronto
to-israel,Air Ambulance TO Israel,City — Toronto,icu air ambulance toronto,Phrase,city,Toronto
to-israel,Air Ambulance TO Israel,City — Toronto,emergency medical flight toronto,Phrase,city,Toronto
to-israel,Air Ambulance TO Israel,City — Toronto,private air ambulance toronto,Phrase,city,Toronto
to-israel,Air Ambulance TO Israel,City — Toronto,medical escort flight toronto,Phrase,city,Toronto
to-israel,Air Ambulance TO Israel,City — Toronto,stretcher flight toronto israel,Phrase,city,Toronto
to-israel,Air Ambulance TO Israel,City — Toronto,bed to bed medical transport toronto,Phrase,city,Toronto
to-israel,Air Ambulance TO Israel,City — Toronto,air ambulance yyz to israel,Phrase,city,Toronto
to-israel,Air Ambulance TO Israel,City — Toronto,air ambulance israel to yyz,Phrase,city,Toronto
to-israel,Air Ambulance TO Israel,City — Toronto,medical flight yyz to israel,Phrase,city,Toronto
to-israel,Air Ambulance TO Israel,City — Toronto,medical flight from yyz to israel,Phrase,city,Toronto
to-israel,Air Ambulance TO Israel,City — Toronto,medical repatriation from yyz,Phrase,city,Toronto
to-israel,Air Ambulance TO Israel,City — Toronto,patient transfer yyz israel,Phrase,city,Toronto
to-israel,Air Ambulance TO Israel,City — Toronto,icu air ambulance yyz,Phrase,city,Toronto
to-israel,Air Ambulance TO Israel,City — Toronto,emergency medical flight yyz,Phrase,city,Toronto
to-israel,Air Ambulance TO Israel,City — Toronto,private air ambulance yyz,Phrase,city,Toronto
to-israel,Air Ambulance TO Israel,City — Toronto,medical escort flight yyz,Phrase,city,Toronto
to-israel,Air Ambulance TO Israel,City — Toronto,stretcher flight yyz israel,Phrase,city,Toronto
to-israel,Air Ambulance TO Israel,City — Toronto,bed to bed medical transport yyz,Phrase,city,Toronto
to-israel,Air Ambulance TO Israel,City — Toronto,air ambulance canada to israel,Phrase,city,Toronto
to-israel,Air Ambulance TO Israel,City — Toronto,air ambulance israel to canada,Phrase,city,Toronto
to-israel,Air Ambulance TO Israel,City — Toronto,medical flight canada to israel,Phrase,city,Toronto
to-israel,Air Ambulance TO Israel,City — Toronto,medical repatriation from canada,Phrase,city,Toronto
to-israel,Air Ambulance TO Israel,City — Toronto,patient transfer canada israel,Phrase,city,Toronto
to-israel,Air Ambulance TO Israel,City — Toronto,icu air ambulance canada,Phrase,city,Toronto
to-israel,Air Ambulance TO Israel,City — Toronto,emergency medical flight canada,Phrase,city,Toronto
to-israel,Air Ambulance TO Israel,City — Toronto,private air ambulance canada,Phrase,city,Toronto
to-israel,Air Ambulance TO Israel,City — Toronto,medical escort flight canada,Phrase,city,Toronto
to-israel,Air Ambulance TO Israel,City — Toronto,stretcher flight canada israel,Phrase,city,Toronto
to-israel,Air Ambulance TO Israel,City — Toronto,bed to bed medical transport canada,Phrase,city,Toronto
from-israel,Air Ambulance FROM Israel,City — Toronto,air ambulance from israel to toronto,Phrase,city_from,Toronto
from-israel,Air Ambulance FROM Israel,City — Toronto,medical flight israel to toronto,Phrase,city_from,Toronto
from-israel,Air Ambulance FROM Israel,City — Toronto,patient transfer israel to toronto,Phrase,city_from,Toronto
to-israel,Air Ambulance TO Israel,City — London,air ambulance london to israel,Phrase,city,London
to-israel,Air Ambulance TO Israel,City — London,air ambulance israel to london,Phrase,city,London
to-israel,Air Ambulance TO Israel,City — London,medical flight london to israel,Phrase,city,London
to-israel,Air Ambulance TO Israel,City — London,medical flight from london to israel,Phrase,city,London
to-israel,Air Ambulance TO Israel,City — London,medical repatriation from london,Phrase,city,London
to-israel,Air Ambulance TO Israel,City — London,patient transfer london israel,Phrase,city,London
to-israel,Air Ambulance TO Israel,City — London,icu air ambulance london,Phrase,city,London
to-israel,Air Ambulance TO Israel,City — London,emergency medical flight london,Phrase,city,London
to-israel,Air Ambulance TO Israel,City — London,private air ambulance london,Phrase,city,London
to-israel,Air Ambulance TO Israel,City — London,medical escort flight london,Phrase,city,London
to-israel,Air Ambulance TO Israel,City — London,stretcher flight london israel,Phrase,city,London
to-israel,Air Ambulance TO Israel,City — London,bed to bed medical transport london,Phrase,city,London
to-israel,Air Ambulance TO Israel,City — London,air ambulance lhr to israel,Phrase,city,London
to-israel,Air Ambulance TO Israel,City — London,air ambulance israel to lhr,Phrase,city,London
to-israel,Air Ambulance TO Israel,City — London,medical flight lhr to israel,Phrase,city,London
to-israel,Air Ambulance TO Israel,City — London,medical flight from lhr to israel,Phrase,city,London
to-israel,Air Ambulance TO Israel,City — London,medical repatriation from lhr,Phrase,city,London
to-israel,Air Ambulance TO Israel,City — London,patient transfer lhr israel,Phrase,city,London
to-israel,Air Ambulance TO Israel,City — London,icu air ambulance lhr,Phrase,city,London
to-israel,Air Ambulance TO Israel,City — London,emergency medical flight lhr,Phrase,city,London
to-israel,Air Ambulance TO Israel,City — London,private air ambulance lhr,Phrase,city,London
to-israel,Air Ambulance TO Israel,City — London,medical escort flight lhr,Phrase,city,London
to-israel,Air Ambulance TO Israel,City — London,stretcher flight lhr israel,Phrase,city,London
to-israel,Air Ambulance TO Israel,City — London,bed to bed medical transport lhr,Phrase,city,London
to-israel,Air Ambulance TO Israel,City — London,air ambulance lgw to israel,Phrase,city,London
to-israel,Air Ambulance TO Israel,City — London,air ambulance israel to lgw,Phrase,city,London
to-israel,Air Ambulance TO Israel,City — London,medical flight lgw to israel,Phrase,city,London
to-israel,Air Ambulance TO Israel,City — London,medical flight from lgw to israel,Phrase,city,London
to-israel,Air Ambulance TO Israel,City — London,medical repatriation from lgw,Phrase,city,London
to-israel,Air Ambulance TO Israel,City — London,patient transfer lgw israel,Phrase,city,London
to-israel,Air Ambulance TO Israel,City — London,icu air ambulance lgw,Phrase,city,London
to-israel,Air Ambulance TO Israel,City — London,emergency medical flight lgw,Phrase,city,London
to-israel,Air Ambulance TO Israel,City — London,private air ambulance lgw,Phrase,city,London
to-israel,Air Ambulance TO Israel,City — London,medical escort flight lgw,Phrase,city,London
to-israel,Air Ambulance TO Israel,City — London,stretcher flight lgw israel,Phrase,city,London
to-israel,Air Ambulance TO Israel,City — London,bed to bed medical transport lgw,Phrase,city,London
to-israel,Air Ambulance TO Israel,City — London,air ambulance heathrow to israel,Phrase,city,London
to-israel,Air Ambulance TO Israel,City — London,air ambulance israel to heathrow,Phrase,city,London
to-israel,Air Ambulance TO Israel,City — London,medical flight heathrow to israel,Phrase,city,London
to-israel,Air Ambulance TO Israel,City — London,medical flight from heathrow to israel,Phrase,city,London
to-israel,Air Ambulance TO Israel,City — London,medical repatriation from heathrow,Phrase,city,London
to-israel,Air Ambulance TO Israel,City — London,patient transfer heathrow israel,Phrase,city,London
to-israel,Air Ambulance TO Israel,City — London,icu air ambulance heathrow,Phrase,city,London
to-israel,Air Ambulance TO Israel,City — London,emergency medical flight heathrow,Phrase,city,London
to-israel,Air Ambulance TO Israel,City — London,private air ambulance heathrow,Phrase,city,London
to-israel,Air Ambulance TO Israel,City — London,medical escort flight heathrow,Phrase,city,London
to-israel,Air Ambulance TO Israel,City — London,stretcher flight heathrow israel,Phrase,city,London
to-israel,Air Ambulance TO Israel,City — London,bed to bed medical transport heathrow,Phrase,city,London
to-israel,Air Ambulance TO Israel,City — London,air ambulance united kingdom to israel,Phrase,city,London
to-israel,Air Ambulance TO Israel,City — London,air ambulance israel to united kingdom,Phrase,city,London
to-israel,Air Ambulance TO Israel,City — London,medical flight united kingdom to israel,Phrase,city,London
to-israel,Air Ambulance TO Israel,City — London,medical repatriation from united kingdom,Phrase,city,London
to-israel,Air Ambulance TO Israel,City — London,patient transfer united kingdom israel,Phrase,city,London
to-israel,Air Ambulance TO Israel,City — London,icu air ambulance united kingdom,Phrase,city,London
to-israel,Air Ambulance TO Israel,City — London,emergency medical flight united kingdom,Phrase,city,London
to-israel,Air Ambulance TO Israel,City — London,private air ambulance united kingdom,Phrase,city,London
to-israel,Air Ambulance TO Israel,City — London,medical escort flight united kingdom,Phrase,city,London
to-israel,Air Ambulance TO Israel,City — London,stretcher flight united kingdom israel,Phrase,city,London
to-israel,Air Ambulance TO Israel,City — London,bed to bed medical transport united kingdom,Phrase,city,London
from-israel,Air Ambulance FROM Israel,City — London,air ambulance from israel to london,Phrase,city_from,London
from-israel,Air Ambulance FROM Israel,City — London,medical flight israel to london,Phrase,city_from,London
from-israel,Air Ambulance FROM Israel,City — London,patient transfer israel to london,Phrase,city_from,London
to-israel,Air Ambulance TO Israel,City — Dublin,air ambulance dublin to israel,Phrase,city,Dublin
to-israel,Air Ambulance TO Israel,City — Dublin,air ambulance israel to dublin,Phrase,city,Dublin
to-israel,Air Ambulance TO Israel,City — Dublin,medical flight dublin to israel,Phrase,city,Dublin
to-israel,Air Ambulance TO Israel,City — Dublin,medical flight from dublin to israel,Phrase,city,Dublin
to-israel,Air Ambulance TO Israel,City — Dublin,medical repatriation from dublin,Phrase,city,Dublin
to-israel,Air Ambulance TO Israel,City — Dublin,patient transfer dublin israel,Phrase,city,Dublin
to-israel,Air Ambulance TO Israel,City — Dublin,icu air ambulance dublin,Phrase,city,Dublin
to-israel,Air Ambulance TO Israel,City — Dublin,emergency medical flight dublin,Phrase,city,Dublin
to-israel,Air Ambulance TO Israel,City — Dublin,private air ambulance dublin,Phrase,city,Dublin
to-israel,Air Ambulance TO Israel,City — Dublin,medical escort flight dublin,Phrase,city,Dublin
to-israel,Air Ambulance TO Israel,City — Dublin,stretcher flight dublin israel,Phrase,city,Dublin
to-israel,Air Ambulance TO Israel,City — Dublin,bed to bed medical transport dublin,Phrase,city,Dublin
to-israel,Air Ambulance TO Israel,City — Dublin,air ambulance dub to israel,Phrase,city,Dublin
to-israel,Air Ambulance TO Israel,City — Dublin,air ambulance israel to dub,Phrase,city,Dublin
to-israel,Air Ambulance TO Israel,City — Dublin,medical flight dub to israel,Phrase,city,Dublin
to-israel,Air Ambulance TO Israel,City — Dublin,medical flight from dub to israel,Phrase,city,Dublin
to-israel,Air Ambulance TO Israel,City — Dublin,medical repatriation from dub,Phrase,city,Dublin
to-israel,Air Ambulance TO Israel,City — Dublin,patient transfer dub israel,Phrase,city,Dublin
to-israel,Air Ambulance TO Israel,City — Dublin,icu air ambulance dub,Phrase,city,Dublin
to-israel,Air Ambulance TO Israel,City — Dublin,emergency medical flight dub,Phrase,city,Dublin
to-israel,Air Ambulance TO Israel,City — Dublin,private air ambulance dub,Phrase,city,Dublin
to-israel,Air Ambulance TO Israel,City — Dublin,medical escort flight dub,Phrase,city,Dublin
to-israel,Air Ambulance TO Israel,City — Dublin,stretcher flight dub israel,Phrase,city,Dublin
to-israel,Air Ambulance TO Israel,City — Dublin,bed to bed medical transport dub,Phrase,city,Dublin
to-israel,Air Ambulance TO Israel,City — Dublin,air ambulance ireland to israel,Phrase,city,Dublin
to-israel,Air Ambulance TO Israel,City — Dublin,air ambulance israel to ireland,Phrase,city,Dublin
to-israel,Air Ambulance TO Israel,City — Dublin,medical flight ireland to israel,Phrase,city,Dublin
to-israel,Air Ambulance TO Israel,City — Dublin,medical repatriation from ireland,Phrase,city,Dublin
to-israel,Air Ambulance TO Israel,City — Dublin,patient transfer ireland israel,Phrase,city,Dublin
to-israel,Air Ambulance TO Israel,City — Dublin,icu air ambulance ireland,Phrase,city,Dublin
to-israel,Air Ambulance TO Israel,City — Dublin,emergency medical flight ireland,Phrase,city,Dublin
to-israel,Air Ambulance TO Israel,City — Dublin,private air ambulance ireland,Phrase,city,Dublin
to-israel,Air Ambulance TO Israel,City — Dublin,medical escort flight ireland,Phrase,city,Dublin
to-israel,Air Ambulance TO Israel,City — Dublin,stretcher flight ireland israel,Phrase,city,Dublin
to-israel,Air Ambulance TO Israel,City — Dublin,bed to bed medical transport ireland,Phrase,city,Dublin
from-israel,Air Ambulance FROM Israel,City — Dublin,air ambulance from israel to dublin,Phrase,city_from,Dublin
from-israel,Air Ambulance FROM Israel,City — Dublin,medical flight israel to dublin,Phrase,city_from,Dublin
from-israel,Air Ambulance FROM Israel,City — Dublin,patient transfer israel to dublin,Phrase,city_from,Dublin
to-israel,Air Ambulance TO Israel,City — Paris,air ambulance paris to israel,Phrase,city,Paris
to-israel,Air Ambulance TO Israel,City — Paris,air ambulance israel to paris,Phrase,city,Paris
to-israel,Air Ambulance TO Israel,City — Paris,medical flight paris to israel,Phrase,city,Paris
to-israel,Air Ambulance TO Israel,City — Paris,medical flight from paris to israel,Phrase,city,Paris
to-israel,Air Ambulance TO Israel,City — Paris,medical repatriation from paris,Phrase,city,Paris
to-israel,Air Ambulance TO Israel,City — Paris,patient transfer paris israel,Phrase,city,Paris
to-israel,Air Ambulance TO Israel,City — Paris,icu air ambulance paris,Phrase,city,Paris
to-israel,Air Ambulance TO Israel,City — Paris,emergency medical flight paris,Phrase,city,Paris
to-israel,Air Ambulance TO Israel,City — Paris,private air ambulance paris,Phrase,city,Paris
to-israel,Air Ambulance TO Israel,City — Paris,medical escort flight paris,Phrase,city,Paris
to-israel,Air Ambulance TO Israel,City — Paris,stretcher flight paris israel,Phrase,city,Paris
to-israel,Air Ambulance TO Israel,City — Paris,bed to bed medical transport paris,Phrase,city,Paris
to-israel,Air Ambulance TO Israel,City — Paris,air ambulance cdg to israel,Phrase,city,Paris
to-israel,Air Ambulance TO Israel,City — Paris,air ambulance israel to cdg,Phrase,city,Paris
to-israel,Air Ambulance TO Israel,City — Paris,medical flight cdg to israel,Phrase,city,Paris
to-israel,Air Ambulance TO Israel,City — Paris,medical flight from cdg to israel,Phrase,city,Paris
to-israel,Air Ambulance TO Israel,City — Paris,medical repatriation from cdg,Phrase,city,Paris
to-israel,Air Ambulance TO Israel,City — Paris,patient transfer cdg israel,Phrase,city,Paris
to-israel,Air Ambulance TO Israel,City — Paris,icu air ambulance cdg,Phrase,city,Paris
to-israel,Air Ambulance TO Israel,City — Paris,emergency medical flight cdg,Phrase,city,Paris
to-israel,Air Ambulance TO Israel,City — Paris,private air ambulance cdg,Phrase,city,Paris
to-israel,Air Ambulance TO Israel,City — Paris,medical escort flight cdg,Phrase,city,Paris
to-israel,Air Ambulance TO Israel,City — Paris,stretcher flight cdg israel,Phrase,city,Paris
to-israel,Air Ambulance TO Israel,City — Paris,bed to bed medical transport cdg,Phrase,city,Paris
to-israel,Air Ambulance TO Israel,City — Paris,air ambulance orly to israel,Phrase,city,Paris
to-israel,Air Ambulance TO Israel,City — Paris,air ambulance israel to orly,Phrase,city,Paris
to-israel,Air Ambulance TO Israel,City — Paris,medical flight orly to israel,Phrase,city,Paris
to-israel,Air Ambulance TO Israel,City — Paris,medical flight from orly to israel,Phrase,city,Paris
to-israel,Air Ambulance TO Israel,City — Paris,medical repatriation from orly,Phrase,city,Paris
to-israel,Air Ambulance TO Israel,City — Paris,patient transfer orly israel,Phrase,city,Paris
to-israel,Air Ambulance TO Israel,City — Paris,icu air ambulance orly,Phrase,city,Paris
to-israel,Air Ambulance TO Israel,City — Paris,emergency medical flight orly,Phrase,city,Paris
to-israel,Air Ambulance TO Israel,City — Paris,private air ambulance orly,Phrase,city,Paris
to-israel,Air Ambulance TO Israel,City — Paris,medical escort flight orly,Phrase,city,Paris
to-israel,Air Ambulance TO Israel,City — Paris,stretcher flight orly israel,Phrase,city,Paris
to-israel,Air Ambulance TO Israel,City — Paris,bed to bed medical transport orly,Phrase,city,Paris
to-israel,Air Ambulance TO Israel,City — Paris,air ambulance france to israel,Phrase,city,Paris
to-israel,Air Ambulance TO Israel,City — Paris,air ambulance israel to france,Phrase,city,Paris
to-israel,Air Ambulance TO Israel,City — Paris,medical flight france to israel,Phrase,city,Paris
to-israel,Air Ambulance TO Israel,City — Paris,medical repatriation from france,Phrase,city,Paris
to-israel,Air Ambulance TO Israel,City — Paris,patient transfer france israel,Phrase,city,Paris
to-israel,Air Ambulance TO Israel,City — Paris,icu air ambulance france,Phrase,city,Paris
to-israel,Air Ambulance TO Israel,City — Paris,emergency medical flight france,Phrase,city,Paris
to-israel,Air Ambulance TO Israel,City — Paris,private air ambulance france,Phrase,city,Paris
to-israel,Air Ambulance TO Israel,City — Paris,medical escort flight france,Phrase,city,Paris
to-israel,Air Ambulance TO Israel,City — Paris,stretcher flight france israel,Phrase,city,Paris
to-israel,Air Ambulance TO Israel,City — Paris,bed to bed medical transport france,Phrase,city,Paris
from-israel,Air Ambulance FROM Israel,City — Paris,air ambulance from israel to paris,Phrase,city_from,Paris
from-israel,Air Ambulance FROM Israel,City — Paris,medical flight israel to paris,Phrase,city_from,Paris
from-israel,Air Ambulance FROM Israel,City — Paris,patient transfer israel to paris,Phrase,city_from,Paris
to-israel,Air Ambulance TO Israel,City — Nice,air ambulance nice to israel,Phrase,city,Nice
to-israel,Air Ambulance TO Israel,City — Nice,air ambulance israel to nice,Phrase,city,Nice
to-israel,Air Ambulance TO Israel,City — Nice,medical flight nice to israel,Phrase,city,Nice
to-israel,Air Ambulance TO Israel,City — Nice,medical flight from nice to israel,Phrase,city,Nice
to-israel,Air Ambulance TO Israel,City — Nice,medical repatriation from nice,Phrase,city,Nice
to-israel,Air Ambulance TO Israel,City — Nice,patient transfer nice israel,Phrase,city,Nice
to-israel,Air Ambulance TO Israel,City — Nice,icu air ambulance nice,Phrase,city,Nice
to-israel,Air Ambulance TO Israel,City — Nice,emergency medical flight nice,Phrase,city,Nice
to-israel,Air Ambulance TO Israel,City — Nice,private air ambulance nice,Phrase,city,Nice
to-israel,Air Ambulance TO Israel,City — Nice,medical escort flight nice,Phrase,city,Nice
to-israel,Air Ambulance TO Israel,City — Nice,stretcher flight nice israel,Phrase,city,Nice
to-israel,Air Ambulance TO Israel,City — Nice,bed to bed medical transport nice,Phrase,city,Nice
to-israel,Air Ambulance TO Israel,City — Nice,air ambulance nce to israel,Phrase,city,Nice
to-israel,Air Ambulance TO Israel,City — Nice,air ambulance israel to nce,Phrase,city,Nice
to-israel,Air Ambulance TO Israel,City — Nice,medical flight nce to israel,Phrase,city,Nice
to-israel,Air Ambulance TO Israel,City — Nice,medical flight from nce to israel,Phrase,city,Nice
to-israel,Air Ambulance TO Israel,City — Nice,medical repatriation from nce,Phrase,city,Nice
to-israel,Air Ambulance TO Israel,City — Nice,patient transfer nce israel,Phrase,city,Nice
to-israel,Air Ambulance TO Israel,City — Nice,icu air ambulance nce,Phrase,city,Nice
to-israel,Air Ambulance TO Israel,City — Nice,emergency medical flight nce,Phrase,city,Nice
to-israel,Air Ambulance TO Israel,City — Nice,private air ambulance nce,Phrase,city,Nice
to-israel,Air Ambulance TO Israel,City — Nice,medical escort flight nce,Phrase,city,Nice
to-israel,Air Ambulance TO Israel,City — Nice,stretcher flight nce israel,Phrase,city,Nice
to-israel,Air Ambulance TO Israel,City — Nice,bed to bed medical transport nce,Phrase,city,Nice
from-israel,Air Ambulance FROM Israel,City — Nice,air ambulance from israel to nice,Phrase,city_from,Nice
from-israel,Air Ambulance FROM Israel,City — Nice,medical flight israel to nice,Phrase,city_from,Nice
from-israel,Air Ambulance FROM Israel,City — Nice,patient transfer israel to nice,Phrase,city_from,Nice
to-israel,Air Ambulance TO Israel,City — Lyon,air ambulance lyon to israel,Phrase,city,Lyon
to-israel,Air Ambulance TO Israel,City — Lyon,air ambulance israel to lyon,Phrase,city,Lyon
to-israel,Air Ambulance TO Israel,City — Lyon,medical flight lyon to israel,Phrase,city,Lyon
to-israel,Air Ambulance TO Israel,City — Lyon,medical flight from lyon to israel,Phrase,city,Lyon
to-israel,Air Ambulance TO Israel,City — Lyon,medical repatriation from lyon,Phrase,city,Lyon
to-israel,Air Ambulance TO Israel,City — Lyon,patient transfer lyon israel,Phrase,city,Lyon
to-israel,Air Ambulance TO Israel,City — Lyon,icu air ambulance lyon,Phrase,city,Lyon
to-israel,Air Ambulance TO Israel,City — Lyon,emergency medical flight lyon,Phrase,city,Lyon
to-israel,Air Ambulance TO Israel,City — Lyon,private air ambulance lyon,Phrase,city,Lyon
to-israel,Air Ambulance TO Israel,City — Lyon,medical escort flight lyon,Phrase,city,Lyon
to-israel,Air Ambulance TO Israel,City — Lyon,stretcher flight lyon israel,Phrase,city,Lyon
to-israel,Air Ambulance TO Israel,City — Lyon,bed to bed medical transport lyon,Phrase,city,Lyon
from-israel,Air Ambulance FROM Israel,City — Lyon,air ambulance from israel to lyon,Phrase,city_from,Lyon
from-israel,Air Ambulance FROM Israel,City — Lyon,medical flight israel to lyon,Phrase,city_from,Lyon
from-israel,Air Ambulance FROM Israel,City — Lyon,patient transfer israel to lyon,Phrase,city_from,Lyon
to-israel,Air Ambulance TO Israel,City — Marseille,air ambulance marseille to israel,Phrase,city,Marseille
to-israel,Air Ambulance TO Israel,City — Marseille,air ambulance israel to marseille,Phrase,city,Marseille
to-israel,Air Ambulance TO Israel,City — Marseille,medical flight marseille to israel,Phrase,city,Marseille
to-israel,Air Ambulance TO Israel,City — Marseille,medical flight from marseille to israel,Phrase,city,Marseille
to-israel,Air Ambulance TO Israel,City — Marseille,medical repatriation from marseille,Phrase,city,Marseille
to-israel,Air Ambulance TO Israel,City — Marseille,patient transfer marseille israel,Phrase,city,Marseille
to-israel,Air Ambulance TO Israel,City — Marseille,icu air ambulance marseille,Phrase,city,Marseille
to-israel,Air Ambulance TO Israel,City — Marseille,emergency medical flight marseille,Phrase,city,Marseille
to-israel,Air Ambulance TO Israel,City — Marseille,private air ambulance marseille,Phrase,city,Marseille
to-israel,Air Ambulance TO Israel,City — Marseille,medical escort flight marseille,Phrase,city,Marseille
to-israel,Air Ambulance TO Israel,City — Marseille,stretcher flight marseille israel,Phrase,city,Marseille
to-israel,Air Ambulance TO Israel,City — Marseille,bed to bed medical transport marseille,Phrase,city,Marseille
to-israel,Air Ambulance TO Israel,City — Marseille,air ambulance mrs to israel,Phrase,city,Marseille
to-israel,Air Ambulance TO Israel,City — Marseille,air ambulance israel to mrs,Phrase,city,Marseille
to-israel,Air Ambulance TO Israel,City — Marseille,medical flight mrs to israel,Phrase,city,Marseille
to-israel,Air Ambulance TO Israel,City — Marseille,medical flight from mrs to israel,Phrase,city,Marseille
to-israel,Air Ambulance TO Israel,City — Marseille,medical repatriation from mrs,Phrase,city,Marseille
to-israel,Air Ambulance TO Israel,City — Marseille,patient transfer mrs israel,Phrase,city,Marseille
to-israel,Air Ambulance TO Israel,City — Marseille,icu air ambulance mrs,Phrase,city,Marseille
to-israel,Air Ambulance TO Israel,City — Marseille,emergency medical flight mrs,Phrase,city,Marseille
to-israel,Air Ambulance TO Israel,City — Marseille,private air ambulance mrs,Phrase,city,Marseille
to-israel,Air Ambulance TO Israel,City — Marseille,medical escort flight mrs,Phrase,city,Marseille
to-israel,Air Ambulance TO Israel,City — Marseille,stretcher flight mrs israel,Phrase,city,Marseille
to-israel,Air Ambulance TO Israel,City — Marseille,bed to bed medical transport mrs,Phrase,city,Marseille
from-israel,Air Ambulance FROM Israel,City — Marseille,air ambulance from israel to marseille,Phrase,city_from,Marseille
from-israel,Air Ambulance FROM Israel,City — Marseille,medical flight israel to marseille,Phrase,city_from,Marseille
from-israel,Air Ambulance FROM Israel,City — Marseille,patient transfer israel to marseille,Phrase,city_from,Marseille
to-israel,Air Ambulance TO Israel,City — Berlin,air ambulance berlin to israel,Phrase,city,Berlin
to-israel,Air Ambulance TO Israel,City — Berlin,air ambulance israel to berlin,Phrase,city,Berlin
to-israel,Air Ambulance TO Israel,City — Berlin,medical flight berlin to israel,Phrase,city,Berlin
to-israel,Air Ambulance TO Israel,City — Berlin,medical flight from berlin to israel,Phrase,city,Berlin
to-israel,Air Ambulance TO Israel,City — Berlin,medical repatriation from berlin,Phrase,city,Berlin
to-israel,Air Ambulance TO Israel,City — Berlin,patient transfer berlin israel,Phrase,city,Berlin
to-israel,Air Ambulance TO Israel,City — Berlin,icu air ambulance berlin,Phrase,city,Berlin
to-israel,Air Ambulance TO Israel,City — Berlin,emergency medical flight berlin,Phrase,city,Berlin
to-israel,Air Ambulance TO Israel,City — Berlin,private air ambulance berlin,Phrase,city,Berlin
to-israel,Air Ambulance TO Israel,City — Berlin,medical escort flight berlin,Phrase,city,Berlin
to-israel,Air Ambulance TO Israel,City — Berlin,stretcher flight berlin israel,Phrase,city,Berlin
to-israel,Air Ambulance TO Israel,City — Berlin,bed to bed medical transport berlin,Phrase,city,Berlin
to-israel,Air Ambulance TO Israel,City — Berlin,air ambulance ber to israel,Phrase,city,Berlin
to-israel,Air Ambulance TO Israel,City — Berlin,air ambulance israel to ber,Phrase,city,Berlin
to-israel,Air Ambulance TO Israel,City — Berlin,medical flight ber to israel,Phrase,city,Berlin
to-israel,Air Ambulance TO Israel,City — Berlin,medical flight from ber to israel,Phrase,city,Berlin
to-israel,Air Ambulance TO Israel,City — Berlin,medical repatriation from ber,Phrase,city,Berlin
to-israel,Air Ambulance TO Israel,City — Berlin,patient transfer ber israel,Phrase,city,Berlin
to-israel,Air Ambulance TO Israel,City — Berlin,icu air ambulance ber,Phrase,city,Berlin
to-israel,Air Ambulance TO Israel,City — Berlin,emergency medical flight ber,Phrase,city,Berlin
to-israel,Air Ambulance TO Israel,City — Berlin,private air ambulance ber,Phrase,city,Berlin
to-israel,Air Ambulance TO Israel,City — Berlin,medical escort flight ber,Phrase,city,Berlin
to-israel,Air Ambulance TO Israel,City — Berlin,stretcher flight ber israel,Phrase,city,Berlin
to-israel,Air Ambulance TO Israel,City — Berlin,bed to bed medical transport ber,Phrase,city,Berlin
to-israel,Air Ambulance TO Israel,City — Berlin,air ambulance germany to israel,Phrase,city,Berlin
to-israel,Air Ambulance TO Israel,City — Berlin,air ambulance israel to germany,Phrase,city,Berlin
to-israel,Air Ambulance TO Israel,City — Berlin,medical flight germany to israel,Phrase,city,Berlin
to-israel,Air Ambulance TO Israel,City — Berlin,medical repatriation from germany,Phrase,city,Berlin
to-israel,Air Ambulance TO Israel,City — Berlin,patient transfer germany israel,Phrase,city,Berlin
to-israel,Air Ambulance TO Israel,City — Berlin,icu air ambulance germany,Phrase,city,Berlin
to-israel,Air Ambulance TO Israel,City — Berlin,emergency medical flight germany,Phrase,city,Berlin
to-israel,Air Ambulance TO Israel,City — Berlin,private air ambulance germany,Phrase,city,Berlin
to-israel,Air Ambulance TO Israel,City — Berlin,medical escort flight germany,Phrase,city,Berlin
to-israel,Air Ambulance TO Israel,City — Berlin,stretcher flight germany israel,Phrase,city,Berlin
to-israel,Air Ambulance TO Israel,City — Berlin,bed to bed medical transport germany,Phrase,city,Berlin
from-israel,Air Ambulance FROM Israel,City — Berlin,air ambulance from israel to berlin,Phrase,city_from,Berlin
from-israel,Air Ambulance FROM Israel,City — Berlin,medical flight israel to berlin,Phrase,city_from,Berlin
from-israel,Air Ambulance FROM Israel,City — Berlin,patient transfer israel to berlin,Phrase,city_from,Berlin
to-israel,Air Ambulance TO Israel,City — Frankfurt,air ambulance frankfurt to israel,Phrase,city,Frankfurt
to-israel,Air Ambulance TO Israel,City — Frankfurt,air ambulance israel to frankfurt,Phrase,city,Frankfurt
to-israel,Air Ambulance TO Israel,City — Frankfurt,medical flight frankfurt to israel,Phrase,city,Frankfurt
to-israel,Air Ambulance TO Israel,City — Frankfurt,medical flight from frankfurt to israel,Phrase,city,Frankfurt
to-israel,Air Ambulance TO Israel,City — Frankfurt,medical repatriation from frankfurt,Phrase,city,Frankfurt
to-israel,Air Ambulance TO Israel,City — Frankfurt,patient transfer frankfurt israel,Phrase,city,Frankfurt
to-israel,Air Ambulance TO Israel,City — Frankfurt,icu air ambulance frankfurt,Phrase,city,Frankfurt
to-israel,Air Ambulance TO Israel,City — Frankfurt,emergency medical flight frankfurt,Phrase,city,Frankfurt
to-israel,Air Ambulance TO Israel,City — Frankfurt,private air ambulance frankfurt,Phrase,city,Frankfurt
to-israel,Air Ambulance TO Israel,City — Frankfurt,medical escort flight frankfurt,Phrase,city,Frankfurt
to-israel,Air Ambulance TO Israel,City — Frankfurt,stretcher flight frankfurt israel,Phrase,city,Frankfurt
to-israel,Air Ambulance TO Israel,City — Frankfurt,bed to bed medical transport frankfurt,Phrase,city,Frankfurt
to-israel,Air Ambulance TO Israel,City — Frankfurt,air ambulance fra to israel,Phrase,city,Frankfurt
to-israel,Air Ambulance TO Israel,City — Frankfurt,air ambulance israel to fra,Phrase,city,Frankfurt
to-israel,Air Ambulance TO Israel,City — Frankfurt,medical flight fra to israel,Phrase,city,Frankfurt
to-israel,Air Ambulance TO Israel,City — Frankfurt,medical flight from fra to israel,Phrase,city,Frankfurt
to-israel,Air Ambulance TO Israel,City — Frankfurt,medical repatriation from fra,Phrase,city,Frankfurt
to-israel,Air Ambulance TO Israel,City — Frankfurt,patient transfer fra israel,Phrase,city,Frankfurt
to-israel,Air Ambulance TO Israel,City — Frankfurt,icu air ambulance fra,Phrase,city,Frankfurt
to-israel,Air Ambulance TO Israel,City — Frankfurt,emergency medical flight fra,Phrase,city,Frankfurt
to-israel,Air Ambulance TO Israel,City — Frankfurt,private air ambulance fra,Phrase,city,Frankfurt
to-israel,Air Ambulance TO Israel,City — Frankfurt,medical escort flight fra,Phrase,city,Frankfurt
to-israel,Air Ambulance TO Israel,City — Frankfurt,stretcher flight fra israel,Phrase,city,Frankfurt
to-israel,Air Ambulance TO Israel,City — Frankfurt,bed to bed medical transport fra,Phrase,city,Frankfurt
from-israel,Air Ambulance FROM Israel,City — Frankfurt,air ambulance from israel to frankfurt,Phrase,city_from,Frankfurt
from-israel,Air Ambulance FROM Israel,City — Frankfurt,medical flight israel to frankfurt,Phrase,city_from,Frankfurt
from-israel,Air Ambulance FROM Israel,City — Frankfurt,patient transfer israel to frankfurt,Phrase,city_from,Frankfurt
to-israel,Air Ambulance TO Israel,City — Munich,air ambulance munich to israel,Phrase,city,Munich
to-israel,Air Ambulance TO Israel,City — Munich,air ambulance israel to munich,Phrase,city,Munich
to-israel,Air Ambulance TO Israel,City — Munich,medical flight munich to israel,Phrase,city,Munich
to-israel,Air Ambulance TO Israel,City — Munich,medical flight from munich to israel,Phrase,city,Munich
to-israel,Air Ambulance TO Israel,City — Munich,medical repatriation from munich,Phrase,city,Munich
to-israel,Air Ambulance TO Israel,City — Munich,patient transfer munich israel,Phrase,city,Munich
to-israel,Air Ambulance TO Israel,City — Munich,icu air ambulance munich,Phrase,city,Munich
to-israel,Air Ambulance TO Israel,City — Munich,emergency medical flight munich,Phrase,city,Munich
to-israel,Air Ambulance TO Israel,City — Munich,private air ambulance munich,Phrase,city,Munich
to-israel,Air Ambulance TO Israel,City — Munich,medical escort flight munich,Phrase,city,Munich
to-israel,Air Ambulance TO Israel,City — Munich,stretcher flight munich israel,Phrase,city,Munich
to-israel,Air Ambulance TO Israel,City — Munich,bed to bed medical transport munich,Phrase,city,Munich
to-israel,Air Ambulance TO Israel,City — Munich,air ambulance muc to israel,Phrase,city,Munich
to-israel,Air Ambulance TO Israel,City — Munich,air ambulance israel to muc,Phrase,city,Munich
to-israel,Air Ambulance TO Israel,City — Munich,medical flight muc to israel,Phrase,city,Munich
to-israel,Air Ambulance TO Israel,City — Munich,medical flight from muc to israel,Phrase,city,Munich
to-israel,Air Ambulance TO Israel,City — Munich,medical repatriation from muc,Phrase,city,Munich
to-israel,Air Ambulance TO Israel,City — Munich,patient transfer muc israel,Phrase,city,Munich
to-israel,Air Ambulance TO Israel,City — Munich,icu air ambulance muc,Phrase,city,Munich
to-israel,Air Ambulance TO Israel,City — Munich,emergency medical flight muc,Phrase,city,Munich
to-israel,Air Ambulance TO Israel,City — Munich,private air ambulance muc,Phrase,city,Munich
to-israel,Air Ambulance TO Israel,City — Munich,medical escort flight muc,Phrase,city,Munich
to-israel,Air Ambulance TO Israel,City — Munich,stretcher flight muc israel,Phrase,city,Munich
to-israel,Air Ambulance TO Israel,City — Munich,bed to bed medical transport muc,Phrase,city,Munich
from-israel,Air Ambulance FROM Israel,City — Munich,air ambulance from israel to munich,Phrase,city_from,Munich
from-israel,Air Ambulance FROM Israel,City — Munich,medical flight israel to munich,Phrase,city_from,Munich
from-israel,Air Ambulance FROM Israel,City — Munich,patient transfer israel to munich,Phrase,city_from,Munich
to-israel,Air Ambulance TO Israel,City — Zurich,air ambulance zurich to israel,Phrase,city,Zurich
to-israel,Air Ambulance TO Israel,City — Zurich,air ambulance israel to zurich,Phrase,city,Zurich
to-israel,Air Ambulance TO Israel,City — Zurich,medical flight zurich to israel,Phrase,city,Zurich
to-israel,Air Ambulance TO Israel,City — Zurich,medical flight from zurich to israel,Phrase,city,Zurich
to-israel,Air Ambulance TO Israel,City — Zurich,medical repatriation from zurich,Phrase,city,Zurich
to-israel,Air Ambulance TO Israel,City — Zurich,patient transfer zurich israel,Phrase,city,Zurich
to-israel,Air Ambulance TO Israel,City — Zurich,icu air ambulance zurich,Phrase,city,Zurich
to-israel,Air Ambulance TO Israel,City — Zurich,emergency medical flight zurich,Phrase,city,Zurich
to-israel,Air Ambulance TO Israel,City — Zurich,private air ambulance zurich,Phrase,city,Zurich
to-israel,Air Ambulance TO Israel,City — Zurich,medical escort flight zurich,Phrase,city,Zurich
to-israel,Air Ambulance TO Israel,City — Zurich,stretcher flight zurich israel,Phrase,city,Zurich
to-israel,Air Ambulance TO Israel,City — Zurich,bed to bed medical transport zurich,Phrase,city,Zurich
to-israel,Air Ambulance TO Israel,City — Zurich,air ambulance zrh to israel,Phrase,city,Zurich
to-israel,Air Ambulance TO Israel,City — Zurich,air ambulance israel to zrh,Phrase,city,Zurich
to-israel,Air Ambulance TO Israel,City — Zurich,medical flight zrh to israel,Phrase,city,Zurich
to-israel,Air Ambulance TO Israel,City — Zurich,medical flight from zrh to israel,Phrase,city,Zurich
to-israel,Air Ambulance TO Israel,City — Zurich,medical repatriation from zrh,Phrase,city,Zurich
to-israel,Air Ambulance TO Israel,City — Zurich,patient transfer zrh israel,Phrase,city,Zurich
to-israel,Air Ambulance TO Israel,City — Zurich,icu air ambulance zrh,Phrase,city,Zurich
to-israel,Air Ambulance TO Israel,City — Zurich,emergency medical flight zrh,Phrase,city,Zurich
to-israel,Air Ambulance TO Israel,City — Zurich,private air ambulance zrh,Phrase,city,Zurich
to-israel,Air Ambulance TO Israel,City — Zurich,medical escort flight zrh,Phrase,city,Zurich
to-israel,Air Ambulance TO Israel,City — Zurich,stretcher flight zrh israel,Phrase,city,Zurich
to-israel,Air Ambulance TO Israel,City — Zurich,bed to bed medical transport zrh,Phrase,city,Zurich
to-israel,Air Ambulance TO Israel,City — Zurich,air ambulance switzerland to israel,Phrase,city,Zurich
to-israel,Air Ambulance TO Israel,City — Zurich,air ambulance israel to switzerland,Phrase,city,Zurich
to-israel,Air Ambulance TO Israel,City — Zurich,medical flight switzerland to israel,Phrase,city,Zurich
to-israel,Air Ambulance TO Israel,City — Zurich,medical repatriation from switzerland,Phrase,city,Zurich
to-israel,Air Ambulance TO Israel,City — Zurich,patient transfer switzerland israel,Phrase,city,Zurich
to-israel,Air Ambulance TO Israel,City — Zurich,icu air ambulance switzerland,Phrase,city,Zurich
to-israel,Air Ambulance TO Israel,City — Zurich,emergency medical flight switzerland,Phrase,city,Zurich
to-israel,Air Ambulance TO Israel,City — Zurich,private air ambulance switzerland,Phrase,city,Zurich
to-israel,Air Ambulance TO Israel,City — Zurich,medical escort flight switzerland,Phrase,city,Zurich
to-israel,Air Ambulance TO Israel,City — Zurich,stretcher flight switzerland israel,Phrase,city,Zurich
to-israel,Air Ambulance TO Israel,City — Zurich,bed to bed medical transport switzerland,Phrase,city,Zurich
from-israel,Air Ambulance FROM Israel,City — Zurich,air ambulance from israel to zurich,Phrase,city_from,Zurich
from-israel,Air Ambulance FROM Israel,City — Zurich,medical flight israel to zurich,Phrase,city_from,Zurich
from-israel,Air Ambulance FROM Israel,City — Zurich,patient transfer israel to zurich,Phrase,city_from,Zurich
to-israel,Air Ambulance TO Israel,City — Geneva,air ambulance geneva to israel,Phrase,city,Geneva
to-israel,Air Ambulance TO Israel,City — Geneva,air ambulance israel to geneva,Phrase,city,Geneva
to-israel,Air Ambulance TO Israel,City — Geneva,medical flight geneva to israel,Phrase,city,Geneva
to-israel,Air Ambulance TO Israel,City — Geneva,medical flight from geneva to israel,Phrase,city,Geneva
to-israel,Air Ambulance TO Israel,City — Geneva,medical repatriation from geneva,Phrase,city,Geneva
to-israel,Air Ambulance TO Israel,City — Geneva,patient transfer geneva israel,Phrase,city,Geneva
to-israel,Air Ambulance TO Israel,City — Geneva,icu air ambulance geneva,Phrase,city,Geneva
to-israel,Air Ambulance TO Israel,City — Geneva,emergency medical flight geneva,Phrase,city,Geneva
to-israel,Air Ambulance TO Israel,City — Geneva,private air ambulance geneva,Phrase,city,Geneva
to-israel,Air Ambulance TO Israel,City — Geneva,medical escort flight geneva,Phrase,city,Geneva
to-israel,Air Ambulance TO Israel,City — Geneva,stretcher flight geneva israel,Phrase,city,Geneva
to-israel,Air Ambulance TO Israel,City — Geneva,bed to bed medical transport geneva,Phrase,city,Geneva
to-israel,Air Ambulance TO Israel,City — Geneva,air ambulance gva to israel,Phrase,city,Geneva
to-israel,Air Ambulance TO Israel,City — Geneva,air ambulance israel to gva,Phrase,city,Geneva
to-israel,Air Ambulance TO Israel,City — Geneva,medical flight gva to israel,Phrase,city,Geneva
to-israel,Air Ambulance TO Israel,City — Geneva,medical flight from gva to israel,Phrase,city,Geneva
to-israel,Air Ambulance TO Israel,City — Geneva,medical repatriation from gva,Phrase,city,Geneva
to-israel,Air Ambulance TO Israel,City — Geneva,patient transfer gva israel,Phrase,city,Geneva
to-israel,Air Ambulance TO Israel,City — Geneva,icu air ambulance gva,Phrase,city,Geneva
to-israel,Air Ambulance TO Israel,City — Geneva,emergency medical flight gva,Phrase,city,Geneva
to-israel,Air Ambulance TO Israel,City — Geneva,private air ambulance gva,Phrase,city,Geneva
to-israel,Air Ambulance TO Israel,City — Geneva,medical escort flight gva,Phrase,city,Geneva
to-israel,Air Ambulance TO Israel,City — Geneva,stretcher flight gva israel,Phrase,city,Geneva
to-israel,Air Ambulance TO Israel,City — Geneva,bed to bed medical transport gva,Phrase,city,Geneva
from-israel,Air Ambulance FROM Israel,City — Geneva,air ambulance from israel to geneva,Phrase,city_from,Geneva
from-israel,Air Ambulance FROM Israel,City — Geneva,medical flight israel to geneva,Phrase,city_from,Geneva
from-israel,Air Ambulance FROM Israel,City — Geneva,patient transfer israel to geneva,Phrase,city_from,Geneva
to-israel,Air Ambulance TO Israel,City — Vienna,air ambulance vienna to israel,Phrase,city,Vienna
to-israel,Air Ambulance TO Israel,City — Vienna,air ambulance israel to vienna,Phrase,city,Vienna
to-israel,Air Ambulance TO Israel,City — Vienna,medical flight vienna to israel,Phrase,city,Vienna
to-israel,Air Ambulance TO Israel,City — Vienna,medical flight from vienna to israel,Phrase,city,Vienna
to-israel,Air Ambulance TO Israel,City — Vienna,medical repatriation from vienna,Phrase,city,Vienna
to-israel,Air Ambulance TO Israel,City — Vienna,patient transfer vienna israel,Phrase,city,Vienna
to-israel,Air Ambulance TO Israel,City — Vienna,icu air ambulance vienna,Phrase,city,Vienna
to-israel,Air Ambulance TO Israel,City — Vienna,emergency medical flight vienna,Phrase,city,Vienna
to-israel,Air Ambulance TO Israel,City — Vienna,private air ambulance vienna,Phrase,city,Vienna
to-israel,Air Ambulance TO Israel,City — Vienna,medical escort flight vienna,Phrase,city,Vienna
to-israel,Air Ambulance TO Israel,City — Vienna,stretcher flight vienna israel,Phrase,city,Vienna
to-israel,Air Ambulance TO Israel,City — Vienna,bed to bed medical transport vienna,Phrase,city,Vienna
to-israel,Air Ambulance TO Israel,City — Vienna,air ambulance vie to israel,Phrase,city,Vienna
to-israel,Air Ambulance TO Israel,City — Vienna,air ambulance israel to vie,Phrase,city,Vienna
to-israel,Air Ambulance TO Israel,City — Vienna,medical flight vie to israel,Phrase,city,Vienna
to-israel,Air Ambulance TO Israel,City — Vienna,medical flight from vie to israel,Phrase,city,Vienna
to-israel,Air Ambulance TO Israel,City — Vienna,medical repatriation from vie,Phrase,city,Vienna
to-israel,Air Ambulance TO Israel,City — Vienna,patient transfer vie israel,Phrase,city,Vienna
to-israel,Air Ambulance TO Israel,City — Vienna,icu air ambulance vie,Phrase,city,Vienna
to-israel,Air Ambulance TO Israel,City — Vienna,emergency medical flight vie,Phrase,city,Vienna
to-israel,Air Ambulance TO Israel,City — Vienna,private air ambulance vie,Phrase,city,Vienna
to-israel,Air Ambulance TO Israel,City — Vienna,medical escort flight vie,Phrase,city,Vienna
to-israel,Air Ambulance TO Israel,City — Vienna,stretcher flight vie israel,Phrase,city,Vienna
to-israel,Air Ambulance TO Israel,City — Vienna,bed to bed medical transport vie,Phrase,city,Vienna
to-israel,Air Ambulance TO Israel,City — Vienna,air ambulance austria to israel,Phrase,city,Vienna
to-israel,Air Ambulance TO Israel,City — Vienna,air ambulance israel to austria,Phrase,city,Vienna
to-israel,Air Ambulance TO Israel,City — Vienna,medical flight austria to israel,Phrase,city,Vienna
to-israel,Air Ambulance TO Israel,City — Vienna,medical repatriation from austria,Phrase,city,Vienna
to-israel,Air Ambulance TO Israel,City — Vienna,patient transfer austria israel,Phrase,city,Vienna
to-israel,Air Ambulance TO Israel,City — Vienna,icu air ambulance austria,Phrase,city,Vienna
to-israel,Air Ambulance TO Israel,City — Vienna,emergency medical flight austria,Phrase,city,Vienna
to-israel,Air Ambulance TO Israel,City — Vienna,private air ambulance austria,Phrase,city,Vienna
to-israel,Air Ambulance TO Israel,City — Vienna,medical escort flight austria,Phrase,city,Vienna
to-israel,Air Ambulance TO Israel,City — Vienna,stretcher flight austria israel,Phrase,city,Vienna
to-israel,Air Ambulance TO Israel,City — Vienna,bed to bed medical transport austria,Phrase,city,Vienna
from-israel,Air Ambulance FROM Israel,City — Vienna,air ambulance from israel to vienna,Phrase,city_from,Vienna
from-israel,Air Ambulance FROM Israel,City — Vienna,medical flight israel to vienna,Phrase,city_from,Vienna
from-israel,Air Ambulance FROM Israel,City — Vienna,patient transfer israel to vienna,Phrase,city_from,Vienna
to-israel,Air Ambulance TO Israel,City — Amsterdam,air ambulance amsterdam to israel,Phrase,city,Amsterdam
to-israel,Air Ambulance TO Israel,City — Amsterdam,air ambulance israel to amsterdam,Phrase,city,Amsterdam
to-israel,Air Ambulance TO Israel,City — Amsterdam,medical flight amsterdam to israel,Phrase,city,Amsterdam
to-israel,Air Ambulance TO Israel,City — Amsterdam,medical flight from amsterdam to israel,Phrase,city,Amsterdam
to-israel,Air Ambulance TO Israel,City — Amsterdam,medical repatriation from amsterdam,Phrase,city,Amsterdam
to-israel,Air Ambulance TO Israel,City — Amsterdam,patient transfer amsterdam israel,Phrase,city,Amsterdam
to-israel,Air Ambulance TO Israel,City — Amsterdam,icu air ambulance amsterdam,Phrase,city,Amsterdam
to-israel,Air Ambulance TO Israel,City — Amsterdam,emergency medical flight amsterdam,Phrase,city,Amsterdam
to-israel,Air Ambulance TO Israel,City — Amsterdam,private air ambulance amsterdam,Phrase,city,Amsterdam
to-israel,Air Ambulance TO Israel,City — Amsterdam,medical escort flight amsterdam,Phrase,city,Amsterdam
to-israel,Air Ambulance TO Israel,City — Amsterdam,stretcher flight amsterdam israel,Phrase,city,Amsterdam
to-israel,Air Ambulance TO Israel,City — Amsterdam,bed to bed medical transport amsterdam,Phrase,city,Amsterdam
to-israel,Air Ambulance TO Israel,City — Amsterdam,air ambulance ams to israel,Phrase,city,Amsterdam
to-israel,Air Ambulance TO Israel,City — Amsterdam,air ambulance israel to ams,Phrase,city,Amsterdam
to-israel,Air Ambulance TO Israel,City — Amsterdam,medical flight ams to israel,Phrase,city,Amsterdam
to-israel,Air Ambulance TO Israel,City — Amsterdam,medical flight from ams to israel,Phrase,city,Amsterdam
to-israel,Air Ambulance TO Israel,City — Amsterdam,medical repatriation from ams,Phrase,city,Amsterdam
to-israel,Air Ambulance TO Israel,City — Amsterdam,patient transfer ams israel,Phrase,city,Amsterdam
to-israel,Air Ambulance TO Israel,City — Amsterdam,icu air ambulance ams,Phrase,city,Amsterdam
to-israel,Air Ambulance TO Israel,City — Amsterdam,emergency medical flight ams,Phrase,city,Amsterdam
to-israel,Air Ambulance TO Israel,City — Amsterdam,private air ambulance ams,Phrase,city,Amsterdam
to-israel,Air Ambulance TO Israel,City — Amsterdam,medical escort flight ams,Phrase,city,Amsterdam
to-israel,Air Ambulance TO Israel,City — Amsterdam,stretcher flight ams israel,Phrase,city,Amsterdam
to-israel,Air Ambulance TO Israel,City — Amsterdam,bed to bed medical transport ams,Phrase,city,Amsterdam
to-israel,Air Ambulance TO Israel,City — Amsterdam,air ambulance netherlands to israel,Phrase,city,Amsterdam
to-israel,Air Ambulance TO Israel,City — Amsterdam,air ambulance israel to netherlands,Phrase,city,Amsterdam
to-israel,Air Ambulance TO Israel,City — Amsterdam,medical flight netherlands to israel,Phrase,city,Amsterdam
to-israel,Air Ambulance TO Israel,City — Amsterdam,medical repatriation from netherlands,Phrase,city,Amsterdam
to-israel,Air Ambulance TO Israel,City — Amsterdam,patient transfer netherlands israel,Phrase,city,Amsterdam
to-israel,Air Ambulance TO Israel,City — Amsterdam,icu air ambulance netherlands,Phrase,city,Amsterdam
to-israel,Air Ambulance TO Israel,City — Amsterdam,emergency medical flight netherlands,Phrase,city,Amsterdam
to-israel,Air Ambulance TO Israel,City — Amsterdam,private air ambulance netherlands,Phrase,city,Amsterdam
to-israel,Air Ambulance TO Israel,City — Amsterdam,medical escort flight netherlands,Phrase,city,Amsterdam
to-israel,Air Ambulance TO Israel,City — Amsterdam,stretcher flight netherlands israel,Phrase,city,Amsterdam
to-israel,Air Ambulance TO Israel,City — Amsterdam,bed to bed medical transport netherlands,Phrase,city,Amsterdam
from-israel,Air Ambulance FROM Israel,City — Amsterdam,air ambulance from israel to amsterdam,Phrase,city_from,Amsterdam
from-israel,Air Ambulance FROM Israel,City — Amsterdam,medical flight israel to amsterdam,Phrase,city_from,Amsterdam
from-israel,Air Ambulance FROM Israel,City — Amsterdam,patient transfer israel to amsterdam,Phrase,city_from,Amsterdam
to-israel,Air Ambulance TO Israel,City — Brussels,air ambulance brussels to israel,Phrase,city,Brussels
to-israel,Air Ambulance TO Israel,City — Brussels,air ambulance israel to brussels,Phrase,city,Brussels
to-israel,Air Ambulance TO Israel,City — Brussels,medical flight brussels to israel,Phrase,city,Brussels
to-israel,Air Ambulance TO Israel,City — Brussels,medical flight from brussels to israel,Phrase,city,Brussels
to-israel,Air Ambulance TO Israel,City — Brussels,medical repatriation from brussels,Phrase,city,Brussels
to-israel,Air Ambulance TO Israel,City — Brussels,patient transfer brussels israel,Phrase,city,Brussels
to-israel,Air Ambulance TO Israel,City — Brussels,icu air ambulance brussels,Phrase,city,Brussels
to-israel,Air Ambulance TO Israel,City — Brussels,emergency medical flight brussels,Phrase,city,Brussels
to-israel,Air Ambulance TO Israel,City — Brussels,private air ambulance brussels,Phrase,city,Brussels
to-israel,Air Ambulance TO Israel,City — Brussels,medical escort flight brussels,Phrase,city,Brussels
to-israel,Air Ambulance TO Israel,City — Brussels,stretcher flight brussels israel,Phrase,city,Brussels
to-israel,Air Ambulance TO Israel,City — Brussels,bed to bed medical transport brussels,Phrase,city,Brussels
to-israel,Air Ambulance TO Israel,City — Brussels,air ambulance bru to israel,Phrase,city,Brussels
to-israel,Air Ambulance TO Israel,City — Brussels,air ambulance israel to bru,Phrase,city,Brussels
to-israel,Air Ambulance TO Israel,City — Brussels,medical flight bru to israel,Phrase,city,Brussels
to-israel,Air Ambulance TO Israel,City — Brussels,medical flight from bru to israel,Phrase,city,Brussels
to-israel,Air Ambulance TO Israel,City — Brussels,medical repatriation from bru,Phrase,city,Brussels
to-israel,Air Ambulance TO Israel,City — Brussels,patient transfer bru israel,Phrase,city,Brussels
to-israel,Air Ambulance TO Israel,City — Brussels,icu air ambulance bru,Phrase,city,Brussels
to-israel,Air Ambulance TO Israel,City — Brussels,emergency medical flight bru,Phrase,city,Brussels
to-israel,Air Ambulance TO Israel,City — Brussels,private air ambulance bru,Phrase,city,Brussels
to-israel,Air Ambulance TO Israel,City — Brussels,medical escort flight bru,Phrase,city,Brussels
to-israel,Air Ambulance TO Israel,City — Brussels,stretcher flight bru israel,Phrase,city,Brussels
to-israel,Air Ambulance TO Israel,City — Brussels,bed to bed medical transport bru,Phrase,city,Brussels
to-israel,Air Ambulance TO Israel,City — Brussels,air ambulance belgium to israel,Phrase,city,Brussels
to-israel,Air Ambulance TO Israel,City — Brussels,air ambulance israel to belgium,Phrase,city,Brussels
to-israel,Air Ambulance TO Israel,City — Brussels,medical flight belgium to israel,Phrase,city,Brussels
to-israel,Air Ambulance TO Israel,City — Brussels,medical repatriation from belgium,Phrase,city,Brussels
to-israel,Air Ambulance TO Israel,City — Brussels,patient transfer belgium israel,Phrase,city,Brussels
to-israel,Air Ambulance TO Israel,City — Brussels,icu air ambulance belgium,Phrase,city,Brussels
to-israel,Air Ambulance TO Israel,City — Brussels,emergency medical flight belgium,Phrase,city,Brussels
to-israel,Air Ambulance TO Israel,City — Brussels,private air ambulance belgium,Phrase,city,Brussels
to-israel,Air Ambulance TO Israel,City — Brussels,medical escort flight belgium,Phrase,city,Brussels
to-israel,Air Ambulance TO Israel,City — Brussels,stretcher flight belgium israel,Phrase,city,Brussels
to-israel,Air Ambulance TO Israel,City — Brussels,bed to bed medical transport belgium,Phrase,city,Brussels
from-israel,Air Ambulance FROM Israel,City — Brussels,air ambulance from israel to brussels,Phrase,city_from,Brussels
from-israel,Air Ambulance FROM Israel,City — Brussels,medical flight israel to brussels,Phrase,city_from,Brussels
from-israel,Air Ambulance FROM Israel,City — Brussels,patient transfer israel to brussels,Phrase,city_from,Brussels
to-israel,Air Ambulance TO Israel,City — Madrid,air ambulance madrid to israel,Phrase,city,Madrid
to-israel,Air Ambulance TO Israel,City — Madrid,air ambulance israel to madrid,Phrase,city,Madrid
to-israel,Air Ambulance TO Israel,City — Madrid,medical flight madrid to israel,Phrase,city,Madrid
to-israel,Air Ambulance TO Israel,City — Madrid,medical flight from madrid to israel,Phrase,city,Madrid
to-israel,Air Ambulance TO Israel,City — Madrid,medical repatriation from madrid,Phrase,city,Madrid
to-israel,Air Ambulance TO Israel,City — Madrid,patient transfer madrid israel,Phrase,city,Madrid
to-israel,Air Ambulance TO Israel,City — Madrid,icu air ambulance madrid,Phrase,city,Madrid
to-israel,Air Ambulance TO Israel,City — Madrid,emergency medical flight madrid,Phrase,city,Madrid
to-israel,Air Ambulance TO Israel,City — Madrid,private air ambulance madrid,Phrase,city,Madrid
to-israel,Air Ambulance TO Israel,City — Madrid,medical escort flight madrid,Phrase,city,Madrid
to-israel,Air Ambulance TO Israel,City — Madrid,stretcher flight madrid israel,Phrase,city,Madrid
to-israel,Air Ambulance TO Israel,City — Madrid,bed to bed medical transport madrid,Phrase,city,Madrid
to-israel,Air Ambulance TO Israel,City — Madrid,air ambulance mad to israel,Phrase,city,Madrid
to-israel,Air Ambulance TO Israel,City — Madrid,air ambulance israel to mad,Phrase,city,Madrid
to-israel,Air Ambulance TO Israel,City — Madrid,medical flight mad to israel,Phrase,city,Madrid
to-israel,Air Ambulance TO Israel,City — Madrid,medical flight from mad to israel,Phrase,city,Madrid
to-israel,Air Ambulance TO Israel,City — Madrid,medical repatriation from mad,Phrase,city,Madrid
to-israel,Air Ambulance TO Israel,City — Madrid,patient transfer mad israel,Phrase,city,Madrid
to-israel,Air Ambulance TO Israel,City — Madrid,icu air ambulance mad,Phrase,city,Madrid
to-israel,Air Ambulance TO Israel,City — Madrid,emergency medical flight mad,Phrase,city,Madrid
to-israel,Air Ambulance TO Israel,City — Madrid,private air ambulance mad,Phrase,city,Madrid
to-israel,Air Ambulance TO Israel,City — Madrid,medical escort flight mad,Phrase,city,Madrid
to-israel,Air Ambulance TO Israel,City — Madrid,stretcher flight mad israel,Phrase,city,Madrid
to-israel,Air Ambulance TO Israel,City — Madrid,bed to bed medical transport mad,Phrase,city,Madrid
to-israel,Air Ambulance TO Israel,City — Madrid,air ambulance spain to israel,Phrase,city,Madrid
to-israel,Air Ambulance TO Israel,City — Madrid,air ambulance israel to spain,Phrase,city,Madrid
to-israel,Air Ambulance TO Israel,City — Madrid,medical flight spain to israel,Phrase,city,Madrid
to-israel,Air Ambulance TO Israel,City — Madrid,medical repatriation from spain,Phrase,city,Madrid
to-israel,Air Ambulance TO Israel,City — Madrid,patient transfer spain israel,Phrase,city,Madrid
to-israel,Air Ambulance TO Israel,City — Madrid,icu air ambulance spain,Phrase,city,Madrid
to-israel,Air Ambulance TO Israel,City — Madrid,emergency medical flight spain,Phrase,city,Madrid
to-israel,Air Ambulance TO Israel,City — Madrid,private air ambulance spain,Phrase,city,Madrid
to-israel,Air Ambulance TO Israel,City — Madrid,medical escort flight spain,Phrase,city,Madrid
to-israel,Air Ambulance TO Israel,City — Madrid,stretcher flight spain israel,Phrase,city,Madrid
to-israel,Air Ambulance TO Israel,City — Madrid,bed to bed medical transport spain,Phrase,city,Madrid
from-israel,Air Ambulance FROM Israel,City — Madrid,air ambulance from israel to madrid,Phrase,city_from,Madrid
from-israel,Air Ambulance FROM Israel,City — Madrid,medical flight israel to madrid,Phrase,city_from,Madrid
from-israel,Air Ambulance FROM Israel,City — Madrid,patient transfer israel to madrid,Phrase,city_from,Madrid
to-israel,Air Ambulance TO Israel,City — Barcelona,air ambulance barcelona to israel,Phrase,city,Barcelona
to-israel,Air Ambulance TO Israel,City — Barcelona,air ambulance israel to barcelona,Phrase,city,Barcelona
to-israel,Air Ambulance TO Israel,City — Barcelona,medical flight barcelona to israel,Phrase,city,Barcelona
to-israel,Air Ambulance TO Israel,City — Barcelona,medical flight from barcelona to israel,Phrase,city,Barcelona
to-israel,Air Ambulance TO Israel,City — Barcelona,medical repatriation from barcelona,Phrase,city,Barcelona
to-israel,Air Ambulance TO Israel,City — Barcelona,patient transfer barcelona israel,Phrase,city,Barcelona
to-israel,Air Ambulance TO Israel,City — Barcelona,icu air ambulance barcelona,Phrase,city,Barcelona
to-israel,Air Ambulance TO Israel,City — Barcelona,emergency medical flight barcelona,Phrase,city,Barcelona
to-israel,Air Ambulance TO Israel,City — Barcelona,private air ambulance barcelona,Phrase,city,Barcelona
to-israel,Air Ambulance TO Israel,City — Barcelona,medical escort flight barcelona,Phrase,city,Barcelona
to-israel,Air Ambulance TO Israel,City — Barcelona,stretcher flight barcelona israel,Phrase,city,Barcelona
to-israel,Air Ambulance TO Israel,City — Barcelona,bed to bed medical transport barcelona,Phrase,city,Barcelona
to-israel,Air Ambulance TO Israel,City — Barcelona,air ambulance bcn to israel,Phrase,city,Barcelona
to-israel,Air Ambulance TO Israel,City — Barcelona,air ambulance israel to bcn,Phrase,city,Barcelona
to-israel,Air Ambulance TO Israel,City — Barcelona,medical flight bcn to israel,Phrase,city,Barcelona
to-israel,Air Ambulance TO Israel,City — Barcelona,medical flight from bcn to israel,Phrase,city,Barcelona
to-israel,Air Ambulance TO Israel,City — Barcelona,medical repatriation from bcn,Phrase,city,Barcelona
to-israel,Air Ambulance TO Israel,City — Barcelona,patient transfer bcn israel,Phrase,city,Barcelona
to-israel,Air Ambulance TO Israel,City — Barcelona,icu air ambulance bcn,Phrase,city,Barcelona
to-israel,Air Ambulance TO Israel,City — Barcelona,emergency medical flight bcn,Phrase,city,Barcelona
to-israel,Air Ambulance TO Israel,City — Barcelona,private air ambulance bcn,Phrase,city,Barcelona
to-israel,Air Ambulance TO Israel,City — Barcelona,medical escort flight bcn,Phrase,city,Barcelona
to-israel,Air Ambulance TO Israel,City — Barcelona,stretcher flight bcn israel,Phrase,city,Barcelona
to-israel,Air Ambulance TO Israel,City — Barcelona,bed to bed medical transport bcn,Phrase,city,Barcelona
from-israel,Air Ambulance FROM Israel,City — Barcelona,air ambulance from israel to barcelona,Phrase,city_from,Barcelona
from-israel,Air Ambulance FROM Israel,City — Barcelona,medical flight israel to barcelona,Phrase,city_from,Barcelona
from-israel,Air Ambulance FROM Israel,City — Barcelona,patient transfer israel to barcelona,Phrase,city_from,Barcelona
to-israel,Air Ambulance TO Israel,City — Lisbon,air ambulance lisbon to israel,Phrase,city,Lisbon
to-israel,Air Ambulance TO Israel,City — Lisbon,air ambulance israel to lisbon,Phrase,city,Lisbon
to-israel,Air Ambulance TO Israel,City — Lisbon,medical flight lisbon to israel,Phrase,city,Lisbon
to-israel,Air Ambulance TO Israel,City — Lisbon,medical flight from lisbon to israel,Phrase,city,Lisbon
to-israel,Air Ambulance TO Israel,City — Lisbon,medical repatriation from lisbon,Phrase,city,Lisbon
to-israel,Air Ambulance TO Israel,City — Lisbon,patient transfer lisbon israel,Phrase,city,Lisbon
to-israel,Air Ambulance TO Israel,City — Lisbon,icu air ambulance lisbon,Phrase,city,Lisbon
to-israel,Air Ambulance TO Israel,City — Lisbon,emergency medical flight lisbon,Phrase,city,Lisbon
to-israel,Air Ambulance TO Israel,City — Lisbon,private air ambulance lisbon,Phrase,city,Lisbon
to-israel,Air Ambulance TO Israel,City — Lisbon,medical escort flight lisbon,Phrase,city,Lisbon
to-israel,Air Ambulance TO Israel,City — Lisbon,stretcher flight lisbon israel,Phrase,city,Lisbon
to-israel,Air Ambulance TO Israel,City — Lisbon,bed to bed medical transport lisbon,Phrase,city,Lisbon
to-israel,Air Ambulance TO Israel,City — Lisbon,air ambulance lis to israel,Phrase,city,Lisbon
to-israel,Air Ambulance TO Israel,City — Lisbon,air ambulance israel to lis,Phrase,city,Lisbon
to-israel,Air Ambulance TO Israel,City — Lisbon,medical flight lis to israel,Phrase,city,Lisbon
to-israel,Air Ambulance TO Israel,City — Lisbon,medical flight from lis to israel,Phrase,city,Lisbon
to-israel,Air Ambulance TO Israel,City — Lisbon,medical repatriation from lis,Phrase,city,Lisbon
to-israel,Air Ambulance TO Israel,City — Lisbon,patient transfer lis israel,Phrase,city,Lisbon
to-israel,Air Ambulance TO Israel,City — Lisbon,icu air ambulance lis,Phrase,city,Lisbon
to-israel,Air Ambulance TO Israel,City — Lisbon,emergency medical flight lis,Phrase,city,Lisbon
to-israel,Air Ambulance TO Israel,City — Lisbon,private air ambulance lis,Phrase,city,Lisbon
to-israel,Air Ambulance TO Israel,City — Lisbon,medical escort flight lis,Phrase,city,Lisbon
to-israel,Air Ambulance TO Israel,City — Lisbon,stretcher flight lis israel,Phrase,city,Lisbon
to-israel,Air Ambulance TO Israel,City — Lisbon,bed to bed medical transport lis,Phrase,city,Lisbon
to-israel,Air Ambulance TO Israel,City — Lisbon,air ambulance portugal to israel,Phrase,city,Lisbon
to-israel,Air Ambulance TO Israel,City — Lisbon,air ambulance israel to portugal,Phrase,city,Lisbon
to-israel,Air Ambulance TO Israel,City — Lisbon,medical flight portugal to israel,Phrase,city,Lisbon
to-israel,Air Ambulance TO Israel,City — Lisbon,medical repatriation from portugal,Phrase,city,Lisbon
to-israel,Air Ambulance TO Israel,City — Lisbon,patient transfer portugal israel,Phrase,city,Lisbon
to-israel,Air Ambulance TO Israel,City — Lisbon,icu air ambulance portugal,Phrase,city,Lisbon
to-israel,Air Ambulance TO Israel,City — Lisbon,emergency medical flight portugal,Phrase,city,Lisbon
to-israel,Air Ambulance TO Israel,City — Lisbon,private air ambulance portugal,Phrase,city,Lisbon
to-israel,Air Ambulance TO Israel,City — Lisbon,medical escort flight portugal,Phrase,city,Lisbon
to-israel,Air Ambulance TO Israel,City — Lisbon,stretcher flight portugal israel,Phrase,city,Lisbon
to-israel,Air Ambulance TO Israel,City — Lisbon,bed to bed medical transport portugal,Phrase,city,Lisbon
from-israel,Air Ambulance FROM Israel,City — Lisbon,air ambulance from israel to lisbon,Phrase,city_from,Lisbon
from-israel,Air Ambulance FROM Israel,City — Lisbon,medical flight israel to lisbon,Phrase,city_from,Lisbon
from-israel,Air Ambulance FROM Israel,City — Lisbon,patient transfer israel to lisbon,Phrase,city_from,Lisbon
to-israel,Air Ambulance TO Israel,City — Porto,air ambulance porto to israel,Phrase,city,Porto
to-israel,Air Ambulance TO Israel,City — Porto,air ambulance israel to porto,Phrase,city,Porto
to-israel,Air Ambulance TO Israel,City — Porto,medical flight porto to israel,Phrase,city,Porto
to-israel,Air Ambulance TO Israel,City — Porto,medical flight from porto to israel,Phrase,city,Porto
to-israel,Air Ambulance TO Israel,City — Porto,medical repatriation from porto,Phrase,city,Porto
to-israel,Air Ambulance TO Israel,City — Porto,patient transfer porto israel,Phrase,city,Porto
to-israel,Air Ambulance TO Israel,City — Porto,icu air ambulance porto,Phrase,city,Porto
to-israel,Air Ambulance TO Israel,City — Porto,emergency medical flight porto,Phrase,city,Porto
to-israel,Air Ambulance TO Israel,City — Porto,private air ambulance porto,Phrase,city,Porto
to-israel,Air Ambulance TO Israel,City — Porto,medical escort flight porto,Phrase,city,Porto
to-israel,Air Ambulance TO Israel,City — Porto,stretcher flight porto israel,Phrase,city,Porto
to-israel,Air Ambulance TO Israel,City — Porto,bed to bed medical transport porto,Phrase,city,Porto
to-israel,Air Ambulance TO Israel,City — Porto,air ambulance opo to israel,Phrase,city,Porto
to-israel,Air Ambulance TO Israel,City — Porto,air ambulance israel to opo,Phrase,city,Porto
to-israel,Air Ambulance TO Israel,City — Porto,medical flight opo to israel,Phrase,city,Porto
to-israel,Air Ambulance TO Israel,City — Porto,medical flight from opo to israel,Phrase,city,Porto
to-israel,Air Ambulance TO Israel,City — Porto,medical repatriation from opo,Phrase,city,Porto
to-israel,Air Ambulance TO Israel,City — Porto,patient transfer opo israel,Phrase,city,Porto
to-israel,Air Ambulance TO Israel,City — Porto,icu air ambulance opo,Phrase,city,Porto
to-israel,Air Ambulance TO Israel,City — Porto,emergency medical flight opo,Phrase,city,Porto
to-israel,Air Ambulance TO Israel,City — Porto,private air ambulance opo,Phrase,city,Porto
to-israel,Air Ambulance TO Israel,City — Porto,medical escort flight opo,Phrase,city,Porto
to-israel,Air Ambulance TO Israel,City — Porto,stretcher flight opo israel,Phrase,city,Porto
to-israel,Air Ambulance TO Israel,City — Porto,bed to bed medical transport opo,Phrase,city,Porto
from-israel,Air Ambulance FROM Israel,City — Porto,air ambulance from israel to porto,Phrase,city_from,Porto
from-israel,Air Ambulance FROM Israel,City — Porto,medical flight israel to porto,Phrase,city_from,Porto
from-israel,Air Ambulance FROM Israel,City — Porto,patient transfer israel to porto,Phrase,city_from,Porto
to-israel,Air Ambulance TO Israel,City — Rome,air ambulance rome to israel,Phrase,city,Rome
to-israel,Air Ambulance TO Israel,City — Rome,air ambulance israel to rome,Phrase,city,Rome
to-israel,Air Ambulance TO Israel,City — Rome,medical flight rome to israel,Phrase,city,Rome
to-israel,Air Ambulance TO Israel,City — Rome,medical flight from rome to israel,Phrase,city,Rome
to-israel,Air Ambulance TO Israel,City — Rome,medical repatriation from rome,Phrase,city,Rome
to-israel,Air Ambulance TO Israel,City — Rome,patient transfer rome israel,Phrase,city,Rome
to-israel,Air Ambulance TO Israel,City — Rome,icu air ambulance rome,Phrase,city,Rome
to-israel,Air Ambulance TO Israel,City — Rome,emergency medical flight rome,Phrase,city,Rome
to-israel,Air Ambulance TO Israel,City — Rome,private air ambulance rome,Phrase,city,Rome
to-israel,Air Ambulance TO Israel,City — Rome,medical escort flight rome,Phrase,city,Rome
to-israel,Air Ambulance TO Israel,City — Rome,stretcher flight rome israel,Phrase,city,Rome
to-israel,Air Ambulance TO Israel,City — Rome,bed to bed medical transport rome,Phrase,city,Rome
to-israel,Air Ambulance TO Israel,City — Rome,air ambulance fco to israel,Phrase,city,Rome
to-israel,Air Ambulance TO Israel,City — Rome,air ambulance israel to fco,Phrase,city,Rome
to-israel,Air Ambulance TO Israel,City — Rome,medical flight fco to israel,Phrase,city,Rome
to-israel,Air Ambulance TO Israel,City — Rome,medical flight from fco to israel,Phrase,city,Rome
to-israel,Air Ambulance TO Israel,City — Rome,medical repatriation from fco,Phrase,city,Rome
to-israel,Air Ambulance TO Israel,City — Rome,patient transfer fco israel,Phrase,city,Rome
to-israel,Air Ambulance TO Israel,City — Rome,icu air ambulance fco,Phrase,city,Rome
to-israel,Air Ambulance TO Israel,City — Rome,emergency medical flight fco,Phrase,city,Rome
to-israel,Air Ambulance TO Israel,City — Rome,private air ambulance fco,Phrase,city,Rome
to-israel,Air Ambulance TO Israel,City — Rome,medical escort flight fco,Phrase,city,Rome
to-israel,Air Ambulance TO Israel,City — Rome,stretcher flight fco israel,Phrase,city,Rome
to-israel,Air Ambulance TO Israel,City — Rome,bed to bed medical transport fco,Phrase,city,Rome
to-israel,Air Ambulance TO Israel,City — Rome,air ambulance roma to israel,Phrase,city,Rome
to-israel,Air Ambulance TO Israel,City — Rome,air ambulance israel to roma,Phrase,city,Rome
to-israel,Air Ambulance TO Israel,City — Rome,medical flight roma to israel,Phrase,city,Rome
to-israel,Air Ambulance TO Israel,City — Rome,medical flight from roma to israel,Phrase,city,Rome
to-israel,Air Ambulance TO Israel,City — Rome,medical repatriation from roma,Phrase,city,Rome
to-israel,Air Ambulance TO Israel,City — Rome,patient transfer roma israel,Phrase,city,Rome
to-israel,Air Ambulance TO Israel,City — Rome,icu air ambulance roma,Phrase,city,Rome
to-israel,Air Ambulance TO Israel,City — Rome,emergency medical flight roma,Phrase,city,Rome
to-israel,Air Ambulance TO Israel,City — Rome,private air ambulance roma,Phrase,city,Rome
to-israel,Air Ambulance TO Israel,City — Rome,medical escort flight roma,Phrase,city,Rome
to-israel,Air Ambulance TO Israel,City — Rome,stretcher flight roma israel,Phrase,city,Rome
to-israel,Air Ambulance TO Israel,City — Rome,bed to bed medical transport roma,Phrase,city,Rome
to-israel,Air Ambulance TO Israel,City — Rome,air ambulance italy to israel,Phrase,city,Rome
to-israel,Air Ambulance TO Israel,City — Rome,air ambulance israel to italy,Phrase,city,Rome
to-israel,Air Ambulance TO Israel,City — Rome,medical flight italy to israel,Phrase,city,Rome
to-israel,Air Ambulance TO Israel,City — Rome,medical repatriation from italy,Phrase,city,Rome
to-israel,Air Ambulance TO Israel,City — Rome,patient transfer italy israel,Phrase,city,Rome
to-israel,Air Ambulance TO Israel,City — Rome,icu air ambulance italy,Phrase,city,Rome
to-israel,Air Ambulance TO Israel,City — Rome,emergency medical flight italy,Phrase,city,Rome
to-israel,Air Ambulance TO Israel,City — Rome,private air ambulance italy,Phrase,city,Rome
to-israel,Air Ambulance TO Israel,City — Rome,medical escort flight italy,Phrase,city,Rome
to-israel,Air Ambulance TO Israel,City — Rome,stretcher flight italy israel,Phrase,city,Rome
to-israel,Air Ambulance TO Israel,City — Rome,bed to bed medical transport italy,Phrase,city,Rome
from-israel,Air Ambulance FROM Israel,City — Rome,air ambulance from israel to rome,Phrase,city_from,Rome
from-israel,Air Ambulance FROM Israel,City — Rome,medical flight israel to rome,Phrase,city_from,Rome
from-israel,Air Ambulance FROM Israel,City — Rome,patient transfer israel to rome,Phrase,city_from,Rome
to-israel,Air Ambulance TO Israel,City — Milan,air ambulance milan to israel,Phrase,city,Milan
to-israel,Air Ambulance TO Israel,City — Milan,air ambulance israel to milan,Phrase,city,Milan
to-israel,Air Ambulance TO Israel,City — Milan,medical flight milan to israel,Phrase,city,Milan
to-israel,Air Ambulance TO Israel,City — Milan,medical flight from milan to israel,Phrase,city,Milan
to-israel,Air Ambulance TO Israel,City — Milan,medical repatriation from milan,Phrase,city,Milan
to-israel,Air Ambulance TO Israel,City — Milan,patient transfer milan israel,Phrase,city,Milan
to-israel,Air Ambulance TO Israel,City — Milan,icu air ambulance milan,Phrase,city,Milan
to-israel,Air Ambulance TO Israel,City — Milan,emergency medical flight milan,Phrase,city,Milan
to-israel,Air Ambulance TO Israel,City — Milan,private air ambulance milan,Phrase,city,Milan
to-israel,Air Ambulance TO Israel,City — Milan,medical escort flight milan,Phrase,city,Milan
to-israel,Air Ambulance TO Israel,City — Milan,stretcher flight milan israel,Phrase,city,Milan
to-israel,Air Ambulance TO Israel,City — Milan,bed to bed medical transport milan,Phrase,city,Milan
to-israel,Air Ambulance TO Israel,City — Milan,air ambulance mxp to israel,Phrase,city,Milan
to-israel,Air Ambulance TO Israel,City — Milan,air ambulance israel to mxp,Phrase,city,Milan
to-israel,Air Ambulance TO Israel,City — Milan,medical flight mxp to israel,Phrase,city,Milan
to-israel,Air Ambulance TO Israel,City — Milan,medical flight from mxp to israel,Phrase,city,Milan
to-israel,Air Ambulance TO Israel,City — Milan,medical repatriation from mxp,Phrase,city,Milan
to-israel,Air Ambulance TO Israel,City — Milan,patient transfer mxp israel,Phrase,city,Milan
to-israel,Air Ambulance TO Israel,City — Milan,icu air ambulance mxp,Phrase,city,Milan
to-israel,Air Ambulance TO Israel,City — Milan,emergency medical flight mxp,Phrase,city,Milan
to-israel,Air Ambulance TO Israel,City — Milan,private air ambulance mxp,Phrase,city,Milan
to-israel,Air Ambulance TO Israel,City — Milan,medical escort flight mxp,Phrase,city,Milan
to-israel,Air Ambulance TO Israel,City — Milan,stretcher flight mxp israel,Phrase,city,Milan
to-israel,Air Ambulance TO Israel,City — Milan,bed to bed medical transport mxp,Phrase,city,Milan
to-israel,Air Ambulance TO Israel,City — Milan,air ambulance milano to israel,Phrase,city,Milan
to-israel,Air Ambulance TO Israel,City — Milan,air ambulance israel to milano,Phrase,city,Milan
to-israel,Air Ambulance TO Israel,City — Milan,medical flight milano to israel,Phrase,city,Milan
to-israel,Air Ambulance TO Israel,City — Milan,medical flight from milano to israel,Phrase,city,Milan
to-israel,Air Ambulance TO Israel,City — Milan,medical repatriation from milano,Phrase,city,Milan
to-israel,Air Ambulance TO Israel,City — Milan,patient transfer milano israel,Phrase,city,Milan
to-israel,Air Ambulance TO Israel,City — Milan,icu air ambulance milano,Phrase,city,Milan
to-israel,Air Ambulance TO Israel,City — Milan,emergency medical flight milano,Phrase,city,Milan
to-israel,Air Ambulance TO Israel,City — Milan,private air ambulance milano,Phrase,city,Milan
to-israel,Air Ambulance TO Israel,City — Milan,medical escort flight milano,Phrase,city,Milan
to-israel,Air Ambulance TO Israel,City — Milan,stretcher flight milano israel,Phrase,city,Milan
to-israel,Air Ambulance TO Israel,City — Milan,bed to bed medical transport milano,Phrase,city,Milan
from-israel,Air Ambulance FROM Israel,City — Milan,air ambulance from israel to milan,Phrase,city_from,Milan
from-israel,Air Ambulance FROM Israel,City — Milan,medical flight israel to milan,Phrase,city_from,Milan
from-israel,Air Ambulance FROM Israel,City — Milan,patient transfer israel to milan,Phrase,city_from,Milan
to-israel,Air Ambulance TO Israel,City — Venice,air ambulance venice to israel,Phrase,city,Venice
to-israel,Air Ambulance TO Israel,City — Venice,air ambulance israel to venice,Phrase,city,Venice
to-israel,Air Ambulance TO Israel,City — Venice,medical flight venice to israel,Phrase,city,Venice
to-israel,Air Ambulance TO Israel,City — Venice,medical flight from venice to israel,Phrase,city,Venice
to-israel,Air Ambulance TO Israel,City — Venice,medical repatriation from venice,Phrase,city,Venice
to-israel,Air Ambulance TO Israel,City — Venice,patient transfer venice israel,Phrase,city,Venice
to-israel,Air Ambulance TO Israel,City — Venice,icu air ambulance venice,Phrase,city,Venice
to-israel,Air Ambulance TO Israel,City — Venice,emergency medical flight venice,Phrase,city,Venice
to-israel,Air Ambulance TO Israel,City — Venice,private air ambulance venice,Phrase,city,Venice
to-israel,Air Ambulance TO Israel,City — Venice,medical escort flight venice,Phrase,city,Venice
to-israel,Air Ambulance TO Israel,City — Venice,stretcher flight venice israel,Phrase,city,Venice
to-israel,Air Ambulance TO Israel,City — Venice,bed to bed medical transport venice,Phrase,city,Venice
to-israel,Air Ambulance TO Israel,City — Venice,air ambulance vce to israel,Phrase,city,Venice
to-israel,Air Ambulance TO Israel,City — Venice,air ambulance israel to vce,Phrase,city,Venice
to-israel,Air Ambulance TO Israel,City — Venice,medical flight vce to israel,Phrase,city,Venice
to-israel,Air Ambulance TO Israel,City — Venice,medical flight from vce to israel,Phrase,city,Venice
to-israel,Air Ambulance TO Israel,City — Venice,medical repatriation from vce,Phrase,city,Venice
to-israel,Air Ambulance TO Israel,City — Venice,patient transfer vce israel,Phrase,city,Venice
to-israel,Air Ambulance TO Israel,City — Venice,icu air ambulance vce,Phrase,city,Venice
to-israel,Air Ambulance TO Israel,City — Venice,emergency medical flight vce,Phrase,city,Venice
to-israel,Air Ambulance TO Israel,City — Venice,private air ambulance vce,Phrase,city,Venice
to-israel,Air Ambulance TO Israel,City — Venice,medical escort flight vce,Phrase,city,Venice
to-israel,Air Ambulance TO Israel,City — Venice,stretcher flight vce israel,Phrase,city,Venice
to-israel,Air Ambulance TO Israel,City — Venice,bed to bed medical transport vce,Phrase,city,Venice
from-israel,Air Ambulance FROM Israel,City — Venice,air ambulance from israel to venice,Phrase,city_from,Venice
from-israel,Air Ambulance FROM Israel,City — Venice,medical flight israel to venice,Phrase,city_from,Venice
from-israel,Air Ambulance FROM Israel,City — Venice,patient transfer israel to venice,Phrase,city_from,Venice
to-israel,Air Ambulance TO Israel,City — Naples,air ambulance naples to israel,Phrase,city,Naples
to-israel,Air Ambulance TO Israel,City — Naples,air ambulance israel to naples,Phrase,city,Naples
to-israel,Air Ambulance TO Israel,City — Naples,medical flight naples to israel,Phrase,city,Naples
to-israel,Air Ambulance TO Israel,City — Naples,medical flight from naples to israel,Phrase,city,Naples
to-israel,Air Ambulance TO Israel,City — Naples,medical repatriation from naples,Phrase,city,Naples
to-israel,Air Ambulance TO Israel,City — Naples,patient transfer naples israel,Phrase,city,Naples
to-israel,Air Ambulance TO Israel,City — Naples,icu air ambulance naples,Phrase,city,Naples
to-israel,Air Ambulance TO Israel,City — Naples,emergency medical flight naples,Phrase,city,Naples
to-israel,Air Ambulance TO Israel,City — Naples,private air ambulance naples,Phrase,city,Naples
to-israel,Air Ambulance TO Israel,City — Naples,medical escort flight naples,Phrase,city,Naples
to-israel,Air Ambulance TO Israel,City — Naples,stretcher flight naples israel,Phrase,city,Naples
to-israel,Air Ambulance TO Israel,City — Naples,bed to bed medical transport naples,Phrase,city,Naples
to-israel,Air Ambulance TO Israel,City — Naples,air ambulance nap to israel,Phrase,city,Naples
to-israel,Air Ambulance TO Israel,City — Naples,air ambulance israel to nap,Phrase,city,Naples
to-israel,Air Ambulance TO Israel,City — Naples,medical flight nap to israel,Phrase,city,Naples
to-israel,Air Ambulance TO Israel,City — Naples,medical flight from nap to israel,Phrase,city,Naples
to-israel,Air Ambulance TO Israel,City — Naples,medical repatriation from nap,Phrase,city,Naples
to-israel,Air Ambulance TO Israel,City — Naples,patient transfer nap israel,Phrase,city,Naples
to-israel,Air Ambulance TO Israel,City — Naples,icu air ambulance nap,Phrase,city,Naples
to-israel,Air Ambulance TO Israel,City — Naples,emergency medical flight nap,Phrase,city,Naples
to-israel,Air Ambulance TO Israel,City — Naples,private air ambulance nap,Phrase,city,Naples
to-israel,Air Ambulance TO Israel,City — Naples,medical escort flight nap,Phrase,city,Naples
to-israel,Air Ambulance TO Israel,City — Naples,stretcher flight nap israel,Phrase,city,Naples
to-israel,Air Ambulance TO Israel,City — Naples,bed to bed medical transport nap,Phrase,city,Naples
from-israel,Air Ambulance FROM Israel,City — Naples,air ambulance from israel to naples,Phrase,city_from,Naples
from-israel,Air Ambulance FROM Israel,City — Naples,medical flight israel to naples,Phrase,city_from,Naples
from-israel,Air Ambulance FROM Israel,City — Naples,patient transfer israel to naples,Phrase,city_from,Naples
to-israel,Air Ambulance TO Israel,City — Athens,air ambulance athens to israel,Phrase,city,Athens
to-israel,Air Ambulance TO Israel,City — Athens,air ambulance israel to athens,Phrase,city,Athens
to-israel,Air Ambulance TO Israel,City — Athens,medical flight athens to israel,Phrase,city,Athens
to-israel,Air Ambulance TO Israel,City — Athens,medical flight from athens to israel,Phrase,city,Athens
to-israel,Air Ambulance TO Israel,City — Athens,medical repatriation from athens,Phrase,city,Athens
to-israel,Air Ambulance TO Israel,City — Athens,patient transfer athens israel,Phrase,city,Athens
to-israel,Air Ambulance TO Israel,City — Athens,icu air ambulance athens,Phrase,city,Athens
to-israel,Air Ambulance TO Israel,City — Athens,emergency medical flight athens,Phrase,city,Athens
to-israel,Air Ambulance TO Israel,City — Athens,private air ambulance athens,Phrase,city,Athens
to-israel,Air Ambulance TO Israel,City — Athens,medical escort flight athens,Phrase,city,Athens
to-israel,Air Ambulance TO Israel,City — Athens,stretcher flight athens israel,Phrase,city,Athens
to-israel,Air Ambulance TO Israel,City — Athens,bed to bed medical transport athens,Phrase,city,Athens
to-israel,Air Ambulance TO Israel,City — Athens,air ambulance ath to israel,Phrase,city,Athens
to-israel,Air Ambulance TO Israel,City — Athens,air ambulance israel to ath,Phrase,city,Athens
to-israel,Air Ambulance TO Israel,City — Athens,medical flight ath to israel,Phrase,city,Athens
to-israel,Air Ambulance TO Israel,City — Athens,medical flight from ath to israel,Phrase,city,Athens
to-israel,Air Ambulance TO Israel,City — Athens,medical repatriation from ath,Phrase,city,Athens
to-israel,Air Ambulance TO Israel,City — Athens,patient transfer ath israel,Phrase,city,Athens
to-israel,Air Ambulance TO Israel,City — Athens,icu air ambulance ath,Phrase,city,Athens
to-israel,Air Ambulance TO Israel,City — Athens,emergency medical flight ath,Phrase,city,Athens
to-israel,Air Ambulance TO Israel,City — Athens,private air ambulance ath,Phrase,city,Athens
to-israel,Air Ambulance TO Israel,City — Athens,medical escort flight ath,Phrase,city,Athens
to-israel,Air Ambulance TO Israel,City — Athens,stretcher flight ath israel,Phrase,city,Athens
to-israel,Air Ambulance TO Israel,City — Athens,bed to bed medical transport ath,Phrase,city,Athens
to-israel,Air Ambulance TO Israel,City — Athens,air ambulance greece to israel,Phrase,city,Athens
to-israel,Air Ambulance TO Israel,City — Athens,air ambulance israel to greece,Phrase,city,Athens
to-israel,Air Ambulance TO Israel,City — Athens,medical flight greece to israel,Phrase,city,Athens
to-israel,Air Ambulance TO Israel,City — Athens,medical repatriation from greece,Phrase,city,Athens
to-israel,Air Ambulance TO Israel,City — Athens,patient transfer greece israel,Phrase,city,Athens
to-israel,Air Ambulance TO Israel,City — Athens,icu air ambulance greece,Phrase,city,Athens
to-israel,Air Ambulance TO Israel,City — Athens,emergency medical flight greece,Phrase,city,Athens
to-israel,Air Ambulance TO Israel,City — Athens,private air ambulance greece,Phrase,city,Athens
to-israel,Air Ambulance TO Israel,City — Athens,medical escort flight greece,Phrase,city,Athens
to-israel,Air Ambulance TO Israel,City — Athens,stretcher flight greece israel,Phrase,city,Athens
to-israel,Air Ambulance TO Israel,City — Athens,bed to bed medical transport greece,Phrase,city,Athens
from-israel,Air Ambulance FROM Israel,City — Athens,air ambulance from israel to athens,Phrase,city_from,Athens
from-israel,Air Ambulance FROM Israel,City — Athens,medical flight israel to athens,Phrase,city_from,Athens
from-israel,Air Ambulance FROM Israel,City — Athens,patient transfer israel to athens,Phrase,city_from,Athens
to-israel,Air Ambulance TO Israel,City — Thessaloniki,air ambulance thessaloniki to israel,Phrase,city,Thessaloniki
to-israel,Air Ambulance TO Israel,City — Thessaloniki,air ambulance israel to thessaloniki,Phrase,city,Thessaloniki
to-israel,Air Ambulance TO Israel,City — Thessaloniki,medical flight thessaloniki to israel,Phrase,city,Thessaloniki
to-israel,Air Ambulance TO Israel,City — Thessaloniki,medical flight from thessaloniki to israel,Phrase,city,Thessaloniki
to-israel,Air Ambulance TO Israel,City — Thessaloniki,medical repatriation from thessaloniki,Phrase,city,Thessaloniki
to-israel,Air Ambulance TO Israel,City — Thessaloniki,patient transfer thessaloniki israel,Phrase,city,Thessaloniki
to-israel,Air Ambulance TO Israel,City — Thessaloniki,icu air ambulance thessaloniki,Phrase,city,Thessaloniki
to-israel,Air Ambulance TO Israel,City — Thessaloniki,emergency medical flight thessaloniki,Phrase,city,Thessaloniki
to-israel,Air Ambulance TO Israel,City — Thessaloniki,private air ambulance thessaloniki,Phrase,city,Thessaloniki
to-israel,Air Ambulance TO Israel,City — Thessaloniki,medical escort flight thessaloniki,Phrase,city,Thessaloniki
to-israel,Air Ambulance TO Israel,City — Thessaloniki,stretcher flight thessaloniki israel,Phrase,city,Thessaloniki
to-israel,Air Ambulance TO Israel,City — Thessaloniki,bed to bed medical transport thessaloniki,Phrase,city,Thessaloniki
to-israel,Air Ambulance TO Israel,City — Thessaloniki,air ambulance skg to israel,Phrase,city,Thessaloniki
to-israel,Air Ambulance TO Israel,City — Thessaloniki,air ambulance israel to skg,Phrase,city,Thessaloniki
to-israel,Air Ambulance TO Israel,City — Thessaloniki,medical flight skg to israel,Phrase,city,Thessaloniki
to-israel,Air Ambulance TO Israel,City — Thessaloniki,medical flight from skg to israel,Phrase,city,Thessaloniki
to-israel,Air Ambulance TO Israel,City — Thessaloniki,medical repatriation from skg,Phrase,city,Thessaloniki
to-israel,Air Ambulance TO Israel,City — Thessaloniki,patient transfer skg israel,Phrase,city,Thessaloniki
to-israel,Air Ambulance TO Israel,City — Thessaloniki,icu air ambulance skg,Phrase,city,Thessaloniki
to-israel,Air Ambulance TO Israel,City — Thessaloniki,emergency medical flight skg,Phrase,city,Thessaloniki
to-israel,Air Ambulance TO Israel,City — Thessaloniki,private air ambulance skg,Phrase,city,Thessaloniki
to-israel,Air Ambulance TO Israel,City — Thessaloniki,medical escort flight skg,Phrase,city,Thessaloniki
to-israel,Air Ambulance TO Israel,City — Thessaloniki,stretcher flight skg israel,Phrase,city,Thessaloniki
to-israel,Air Ambulance TO Israel,City — Thessaloniki,bed to bed medical transport skg,Phrase,city,Thessaloniki
from-israel,Air Ambulance FROM Israel,City — Thessaloniki,air ambulance from israel to thessaloniki,Phrase,city_from,Thessaloniki
from-israel,Air Ambulance FROM Israel,City — Thessaloniki,medical flight israel to thessaloniki,Phrase,city_from,Thessaloniki
from-israel,Air Ambulance FROM Israel,City — Thessaloniki,patient transfer israel to thessaloniki,Phrase,city_from,Thessaloniki
to-israel,Air Ambulance TO Israel,City — Rhodes,air ambulance rhodes to israel,Phrase,city,Rhodes
to-israel,Air Ambulance TO Israel,City — Rhodes,air ambulance israel to rhodes,Phrase,city,Rhodes
to-israel,Air Ambulance TO Israel,City — Rhodes,medical flight rhodes to israel,Phrase,city,Rhodes
to-israel,Air Ambulance TO Israel,City — Rhodes,medical flight from rhodes to israel,Phrase,city,Rhodes
to-israel,Air Ambulance TO Israel,City — Rhodes,medical repatriation from rhodes,Phrase,city,Rhodes
to-israel,Air Ambulance TO Israel,City — Rhodes,patient transfer rhodes israel,Phrase,city,Rhodes
to-israel,Air Ambulance TO Israel,City — Rhodes,icu air ambulance rhodes,Phrase,city,Rhodes
to-israel,Air Ambulance TO Israel,City — Rhodes,emergency medical flight rhodes,Phrase,city,Rhodes
to-israel,Air Ambulance TO Israel,City — Rhodes,private air ambulance rhodes,Phrase,city,Rhodes
to-israel,Air Ambulance TO Israel,City — Rhodes,medical escort flight rhodes,Phrase,city,Rhodes
to-israel,Air Ambulance TO Israel,City — Rhodes,stretcher flight rhodes israel,Phrase,city,Rhodes
to-israel,Air Ambulance TO Israel,City — Rhodes,bed to bed medical transport rhodes,Phrase,city,Rhodes
to-israel,Air Ambulance TO Israel,City — Rhodes,air ambulance rho to israel,Phrase,city,Rhodes
to-israel,Air Ambulance TO Israel,City — Rhodes,air ambulance israel to rho,Phrase,city,Rhodes
to-israel,Air Ambulance TO Israel,City — Rhodes,medical flight rho to israel,Phrase,city,Rhodes
to-israel,Air Ambulance TO Israel,City — Rhodes,medical flight from rho to israel,Phrase,city,Rhodes
to-israel,Air Ambulance TO Israel,City — Rhodes,medical repatriation from rho,Phrase,city,Rhodes
to-israel,Air Ambulance TO Israel,City — Rhodes,patient transfer rho israel,Phrase,city,Rhodes
to-israel,Air Ambulance TO Israel,City — Rhodes,icu air ambulance rho,Phrase,city,Rhodes
to-israel,Air Ambulance TO Israel,City — Rhodes,emergency medical flight rho,Phrase,city,Rhodes
to-israel,Air Ambulance TO Israel,City — Rhodes,private air ambulance rho,Phrase,city,Rhodes
to-israel,Air Ambulance TO Israel,City — Rhodes,medical escort flight rho,Phrase,city,Rhodes
to-israel,Air Ambulance TO Israel,City — Rhodes,stretcher flight rho israel,Phrase,city,Rhodes
to-israel,Air Ambulance TO Israel,City — Rhodes,bed to bed medical transport rho,Phrase,city,Rhodes
from-israel,Air Ambulance FROM Israel,City — Rhodes,air ambulance from israel to rhodes,Phrase,city_from,Rhodes
from-israel,Air Ambulance FROM Israel,City — Rhodes,medical flight israel to rhodes,Phrase,city_from,Rhodes
from-israel,Air Ambulance FROM Israel,City — Rhodes,patient transfer israel to rhodes,Phrase,city_from,Rhodes
to-israel,Air Ambulance TO Israel,City — Heraklion,air ambulance heraklion to israel,Phrase,city,Heraklion
to-israel,Air Ambulance TO Israel,City — Heraklion,air ambulance israel to heraklion,Phrase,city,Heraklion
to-israel,Air Ambulance TO Israel,City — Heraklion,medical flight heraklion to israel,Phrase,city,Heraklion
to-israel,Air Ambulance TO Israel,City — Heraklion,medical flight from heraklion to israel,Phrase,city,Heraklion
to-israel,Air Ambulance TO Israel,City — Heraklion,medical repatriation from heraklion,Phrase,city,Heraklion
to-israel,Air Ambulance TO Israel,City — Heraklion,patient transfer heraklion israel,Phrase,city,Heraklion
to-israel,Air Ambulance TO Israel,City — Heraklion,icu air ambulance heraklion,Phrase,city,Heraklion
to-israel,Air Ambulance TO Israel,City — Heraklion,emergency medical flight heraklion,Phrase,city,Heraklion
to-israel,Air Ambulance TO Israel,City — Heraklion,private air ambulance heraklion,Phrase,city,Heraklion
to-israel,Air Ambulance TO Israel,City — Heraklion,medical escort flight heraklion,Phrase,city,Heraklion
to-israel,Air Ambulance TO Israel,City — Heraklion,stretcher flight heraklion israel,Phrase,city,Heraklion
to-israel,Air Ambulance TO Israel,City — Heraklion,bed to bed medical transport heraklion,Phrase,city,Heraklion
to-israel,Air Ambulance TO Israel,City — Heraklion,air ambulance her to israel,Phrase,city,Heraklion
to-israel,Air Ambulance TO Israel,City — Heraklion,air ambulance israel to her,Phrase,city,Heraklion
to-israel,Air Ambulance TO Israel,City — Heraklion,medical flight her to israel,Phrase,city,Heraklion
to-israel,Air Ambulance TO Israel,City — Heraklion,medical flight from her to israel,Phrase,city,Heraklion
to-israel,Air Ambulance TO Israel,City — Heraklion,medical repatriation from her,Phrase,city,Heraklion
to-israel,Air Ambulance TO Israel,City — Heraklion,patient transfer her israel,Phrase,city,Heraklion
to-israel,Air Ambulance TO Israel,City — Heraklion,icu air ambulance her,Phrase,city,Heraklion
to-israel,Air Ambulance TO Israel,City — Heraklion,emergency medical flight her,Phrase,city,Heraklion
to-israel,Air Ambulance TO Israel,City — Heraklion,private air ambulance her,Phrase,city,Heraklion
to-israel,Air Ambulance TO Israel,City — Heraklion,medical escort flight her,Phrase,city,Heraklion
to-israel,Air Ambulance TO Israel,City — Heraklion,stretcher flight her israel,Phrase,city,Heraklion
to-israel,Air Ambulance TO Israel,City — Heraklion,bed to bed medical transport her,Phrase,city,Heraklion
to-israel,Air Ambulance TO Israel,City — Heraklion,air ambulance crete to israel,Phrase,city,Heraklion
to-israel,Air Ambulance TO Israel,City — Heraklion,air ambulance israel to crete,Phrase,city,Heraklion
to-israel,Air Ambulance TO Israel,City — Heraklion,medical flight crete to israel,Phrase,city,Heraklion
to-israel,Air Ambulance TO Israel,City — Heraklion,medical flight from crete to israel,Phrase,city,Heraklion
to-israel,Air Ambulance TO Israel,City — Heraklion,medical repatriation from crete,Phrase,city,Heraklion
to-israel,Air Ambulance TO Israel,City — Heraklion,patient transfer crete israel,Phrase,city,Heraklion
to-israel,Air Ambulance TO Israel,City — Heraklion,icu air ambulance crete,Phrase,city,Heraklion
to-israel,Air Ambulance TO Israel,City — Heraklion,emergency medical flight crete,Phrase,city,Heraklion
to-israel,Air Ambulance TO Israel,City — Heraklion,private air ambulance crete,Phrase,city,Heraklion
to-israel,Air Ambulance TO Israel,City — Heraklion,medical escort flight crete,Phrase,city,Heraklion
to-israel,Air Ambulance TO Israel,City — Heraklion,stretcher flight crete israel,Phrase,city,Heraklion
to-israel,Air Ambulance TO Israel,City — Heraklion,bed to bed medical transport crete,Phrase,city,Heraklion
to-israel,Air Ambulance TO Israel,City — Heraklion,air ambulance iraklio to israel,Phrase,city,Heraklion
to-israel,Air Ambulance TO Israel,City — Heraklion,air ambulance israel to iraklio,Phrase,city,Heraklion
to-israel,Air Ambulance TO Israel,City — Heraklion,medical flight iraklio to israel,Phrase,city,Heraklion
to-israel,Air Ambulance TO Israel,City — Heraklion,medical flight from iraklio to israel,Phrase,city,Heraklion
to-israel,Air Ambulance TO Israel,City — Heraklion,medical repatriation from iraklio,Phrase,city,Heraklion
to-israel,Air Ambulance TO Israel,City — Heraklion,patient transfer iraklio israel,Phrase,city,Heraklion
to-israel,Air Ambulance TO Israel,City — Heraklion,icu air ambulance iraklio,Phrase,city,Heraklion
to-israel,Air Ambulance TO Israel,City — Heraklion,emergency medical flight iraklio,Phrase,city,Heraklion
to-israel,Air Ambulance TO Israel,City — Heraklion,private air ambulance iraklio,Phrase,city,Heraklion
to-israel,Air Ambulance TO Israel,City — Heraklion,medical escort flight iraklio,Phrase,city,Heraklion
to-israel,Air Ambulance TO Israel,City — Heraklion,stretcher flight iraklio israel,Phrase,city,Heraklion
to-israel,Air Ambulance TO Israel,City — Heraklion,bed to bed medical transport iraklio,Phrase,city,Heraklion
from-israel,Air Ambulance FROM Israel,City — Heraklion,air ambulance from israel to heraklion,Phrase,city_from,Heraklion
from-israel,Air Ambulance FROM Israel,City — Heraklion,medical flight israel to heraklion,Phrase,city_from,Heraklion
from-israel,Air Ambulance FROM Israel,City — Heraklion,patient transfer israel to heraklion,Phrase,city_from,Heraklion
to-israel,Air Ambulance TO Israel,City — Santorini,air ambulance santorini to israel,Phrase,city,Santorini
to-israel,Air Ambulance TO Israel,City — Santorini,air ambulance israel to santorini,Phrase,city,Santorini
to-israel,Air Ambulance TO Israel,City — Santorini,medical flight santorini to israel,Phrase,city,Santorini
to-israel,Air Ambulance TO Israel,City — Santorini,medical flight from santorini to israel,Phrase,city,Santorini
to-israel,Air Ambulance TO Israel,City — Santorini,medical repatriation from santorini,Phrase,city,Santorini
to-israel,Air Ambulance TO Israel,City — Santorini,patient transfer santorini israel,Phrase,city,Santorini
to-israel,Air Ambulance TO Israel,City — Santorini,icu air ambulance santorini,Phrase,city,Santorini
to-israel,Air Ambulance TO Israel,City — Santorini,emergency medical flight santorini,Phrase,city,Santorini
to-israel,Air Ambulance TO Israel,City — Santorini,private air ambulance santorini,Phrase,city,Santorini
to-israel,Air Ambulance TO Israel,City — Santorini,medical escort flight santorini,Phrase,city,Santorini
to-israel,Air Ambulance TO Israel,City — Santorini,stretcher flight santorini israel,Phrase,city,Santorini
to-israel,Air Ambulance TO Israel,City — Santorini,bed to bed medical transport santorini,Phrase,city,Santorini
to-israel,Air Ambulance TO Israel,City — Santorini,air ambulance jtr to israel,Phrase,city,Santorini
to-israel,Air Ambulance TO Israel,City — Santorini,air ambulance israel to jtr,Phrase,city,Santorini
to-israel,Air Ambulance TO Israel,City — Santorini,medical flight jtr to israel,Phrase,city,Santorini
to-israel,Air Ambulance TO Israel,City — Santorini,medical flight from jtr to israel,Phrase,city,Santorini
to-israel,Air Ambulance TO Israel,City — Santorini,medical repatriation from jtr,Phrase,city,Santorini
to-israel,Air Ambulance TO Israel,City — Santorini,patient transfer jtr israel,Phrase,city,Santorini
to-israel,Air Ambulance TO Israel,City — Santorini,icu air ambulance jtr,Phrase,city,Santorini
to-israel,Air Ambulance TO Israel,City — Santorini,emergency medical flight jtr,Phrase,city,Santorini
to-israel,Air Ambulance TO Israel,City — Santorini,private air ambulance jtr,Phrase,city,Santorini
to-israel,Air Ambulance TO Israel,City — Santorini,medical escort flight jtr,Phrase,city,Santorini
to-israel,Air Ambulance TO Israel,City — Santorini,stretcher flight jtr israel,Phrase,city,Santorini
to-israel,Air Ambulance TO Israel,City — Santorini,bed to bed medical transport jtr,Phrase,city,Santorini
to-israel,Air Ambulance TO Israel,City — Santorini,air ambulance thira to israel,Phrase,city,Santorini
to-israel,Air Ambulance TO Israel,City — Santorini,air ambulance israel to thira,Phrase,city,Santorini
to-israel,Air Ambulance TO Israel,City — Santorini,medical flight thira to israel,Phrase,city,Santorini
to-israel,Air Ambulance TO Israel,City — Santorini,medical flight from thira to israel,Phrase,city,Santorini
to-israel,Air Ambulance TO Israel,City — Santorini,medical repatriation from thira,Phrase,city,Santorini
to-israel,Air Ambulance TO Israel,City — Santorini,patient transfer thira israel,Phrase,city,Santorini
to-israel,Air Ambulance TO Israel,City — Santorini,icu air ambulance thira,Phrase,city,Santorini
to-israel,Air Ambulance TO Israel,City — Santorini,emergency medical flight thira,Phrase,city,Santorini
to-israel,Air Ambulance TO Israel,City — Santorini,private air ambulance thira,Phrase,city,Santorini
to-israel,Air Ambulance TO Israel,City — Santorini,medical escort flight thira,Phrase,city,Santorini
to-israel,Air Ambulance TO Israel,City — Santorini,stretcher flight thira israel,Phrase,city,Santorini
to-israel,Air Ambulance TO Israel,City — Santorini,bed to bed medical transport thira,Phrase,city,Santorini
from-israel,Air Ambulance FROM Israel,City — Santorini,air ambulance from israel to santorini,Phrase,city_from,Santorini
from-israel,Air Ambulance FROM Israel,City — Santorini,medical flight israel to santorini,Phrase,city_from,Santorini
from-israel,Air Ambulance FROM Israel,City — Santorini,patient transfer israel to santorini,Phrase,city_from,Santorini
to-israel,Air Ambulance TO Israel,City — Mykonos,air ambulance mykonos to israel,Phrase,city,Mykonos
to-israel,Air Ambulance TO Israel,City — Mykonos,air ambulance israel to mykonos,Phrase,city,Mykonos
to-israel,Air Ambulance TO Israel,City — Mykonos,medical flight mykonos to israel,Phrase,city,Mykonos
to-israel,Air Ambulance TO Israel,City — Mykonos,medical flight from mykonos to israel,Phrase,city,Mykonos
to-israel,Air Ambulance TO Israel,City — Mykonos,medical repatriation from mykonos,Phrase,city,Mykonos
to-israel,Air Ambulance TO Israel,City — Mykonos,patient transfer mykonos israel,Phrase,city,Mykonos
to-israel,Air Ambulance TO Israel,City — Mykonos,icu air ambulance mykonos,Phrase,city,Mykonos
to-israel,Air Ambulance TO Israel,City — Mykonos,emergency medical flight mykonos,Phrase,city,Mykonos
to-israel,Air Ambulance TO Israel,City — Mykonos,private air ambulance mykonos,Phrase,city,Mykonos
to-israel,Air Ambulance TO Israel,City — Mykonos,medical escort flight mykonos,Phrase,city,Mykonos
to-israel,Air Ambulance TO Israel,City — Mykonos,stretcher flight mykonos israel,Phrase,city,Mykonos
to-israel,Air Ambulance TO Israel,City — Mykonos,bed to bed medical transport mykonos,Phrase,city,Mykonos
to-israel,Air Ambulance TO Israel,City — Mykonos,air ambulance jmk to israel,Phrase,city,Mykonos
to-israel,Air Ambulance TO Israel,City — Mykonos,air ambulance israel to jmk,Phrase,city,Mykonos
to-israel,Air Ambulance TO Israel,City — Mykonos,medical flight jmk to israel,Phrase,city,Mykonos
to-israel,Air Ambulance TO Israel,City — Mykonos,medical flight from jmk to israel,Phrase,city,Mykonos
to-israel,Air Ambulance TO Israel,City — Mykonos,medical repatriation from jmk,Phrase,city,Mykonos
to-israel,Air Ambulance TO Israel,City — Mykonos,patient transfer jmk israel,Phrase,city,Mykonos
to-israel,Air Ambulance TO Israel,City — Mykonos,icu air ambulance jmk,Phrase,city,Mykonos
to-israel,Air Ambulance TO Israel,City — Mykonos,emergency medical flight jmk,Phrase,city,Mykonos
to-israel,Air Ambulance TO Israel,City — Mykonos,private air ambulance jmk,Phrase,city,Mykonos
to-israel,Air Ambulance TO Israel,City — Mykonos,medical escort flight jmk,Phrase,city,Mykonos
to-israel,Air Ambulance TO Israel,City — Mykonos,stretcher flight jmk israel,Phrase,city,Mykonos
to-israel,Air Ambulance TO Israel,City — Mykonos,bed to bed medical transport jmk,Phrase,city,Mykonos
from-israel,Air Ambulance FROM Israel,City — Mykonos,air ambulance from israel to mykonos,Phrase,city_from,Mykonos
from-israel,Air Ambulance FROM Israel,City — Mykonos,medical flight israel to mykonos,Phrase,city_from,Mykonos
from-israel,Air Ambulance FROM Israel,City — Mykonos,patient transfer israel to mykonos,Phrase,city_from,Mykonos
to-israel,Air Ambulance TO Israel,City — Larnaca,air ambulance larnaca to israel,Phrase,city,Larnaca
to-israel,Air Ambulance TO Israel,City — Larnaca,air ambulance israel to larnaca,Phrase,city,Larnaca
to-israel,Air Ambulance TO Israel,City — Larnaca,medical flight larnaca to israel,Phrase,city,Larnaca
to-israel,Air Ambulance TO Israel,City — Larnaca,medical flight from larnaca to israel,Phrase,city,Larnaca
to-israel,Air Ambulance TO Israel,City — Larnaca,medical repatriation from larnaca,Phrase,city,Larnaca
to-israel,Air Ambulance TO Israel,City — Larnaca,patient transfer larnaca israel,Phrase,city,Larnaca
to-israel,Air Ambulance TO Israel,City — Larnaca,icu air ambulance larnaca,Phrase,city,Larnaca
to-israel,Air Ambulance TO Israel,City — Larnaca,emergency medical flight larnaca,Phrase,city,Larnaca
to-israel,Air Ambulance TO Israel,City — Larnaca,private air ambulance larnaca,Phrase,city,Larnaca
to-israel,Air Ambulance TO Israel,City — Larnaca,medical escort flight larnaca,Phrase,city,Larnaca
to-israel,Air Ambulance TO Israel,City — Larnaca,stretcher flight larnaca israel,Phrase,city,Larnaca
to-israel,Air Ambulance TO Israel,City — Larnaca,bed to bed medical transport larnaca,Phrase,city,Larnaca
to-israel,Air Ambulance TO Israel,City — Larnaca,air ambulance lca to israel,Phrase,city,Larnaca
to-israel,Air Ambulance TO Israel,City — Larnaca,air ambulance israel to lca,Phrase,city,Larnaca
to-israel,Air Ambulance TO Israel,City — Larnaca,medical flight lca to israel,Phrase,city,Larnaca
to-israel,Air Ambulance TO Israel,City — Larnaca,medical flight from lca to israel,Phrase,city,Larnaca
to-israel,Air Ambulance TO Israel,City — Larnaca,medical repatriation from lca,Phrase,city,Larnaca
to-israel,Air Ambulance TO Israel,City — Larnaca,patient transfer lca israel,Phrase,city,Larnaca
to-israel,Air Ambulance TO Israel,City — Larnaca,icu air ambulance lca,Phrase,city,Larnaca
to-israel,Air Ambulance TO Israel,City — Larnaca,emergency medical flight lca,Phrase,city,Larnaca
to-israel,Air Ambulance TO Israel,City — Larnaca,private air ambulance lca,Phrase,city,Larnaca
to-israel,Air Ambulance TO Israel,City — Larnaca,medical escort flight lca,Phrase,city,Larnaca
to-israel,Air Ambulance TO Israel,City — Larnaca,stretcher flight lca israel,Phrase,city,Larnaca
to-israel,Air Ambulance TO Israel,City — Larnaca,bed to bed medical transport lca,Phrase,city,Larnaca
to-israel,Air Ambulance TO Israel,City — Larnaca,air ambulance cyprus to israel,Phrase,city,Larnaca
to-israel,Air Ambulance TO Israel,City — Larnaca,air ambulance israel to cyprus,Phrase,city,Larnaca
to-israel,Air Ambulance TO Israel,City — Larnaca,medical flight cyprus to israel,Phrase,city,Larnaca
to-israel,Air Ambulance TO Israel,City — Larnaca,medical repatriation from cyprus,Phrase,city,Larnaca
to-israel,Air Ambulance TO Israel,City — Larnaca,patient transfer cyprus israel,Phrase,city,Larnaca
to-israel,Air Ambulance TO Israel,City — Larnaca,icu air ambulance cyprus,Phrase,city,Larnaca
to-israel,Air Ambulance TO Israel,City — Larnaca,emergency medical flight cyprus,Phrase,city,Larnaca
to-israel,Air Ambulance TO Israel,City — Larnaca,private air ambulance cyprus,Phrase,city,Larnaca
to-israel,Air Ambulance TO Israel,City — Larnaca,medical escort flight cyprus,Phrase,city,Larnaca
to-israel,Air Ambulance TO Israel,City — Larnaca,stretcher flight cyprus israel,Phrase,city,Larnaca
to-israel,Air Ambulance TO Israel,City — Larnaca,bed to bed medical transport cyprus,Phrase,city,Larnaca
from-israel,Air Ambulance FROM Israel,City — Larnaca,air ambulance from israel to larnaca,Phrase,city_from,Larnaca
from-israel,Air Ambulance FROM Israel,City — Larnaca,medical flight israel to larnaca,Phrase,city_from,Larnaca
from-israel,Air Ambulance FROM Israel,City — Larnaca,patient transfer israel to larnaca,Phrase,city_from,Larnaca
to-israel,Air Ambulance TO Israel,City — Paphos,air ambulance paphos to israel,Phrase,city,Paphos
to-israel,Air Ambulance TO Israel,City — Paphos,air ambulance israel to paphos,Phrase,city,Paphos
to-israel,Air Ambulance TO Israel,City — Paphos,medical flight paphos to israel,Phrase,city,Paphos
to-israel,Air Ambulance TO Israel,City — Paphos,medical flight from paphos to israel,Phrase,city,Paphos
to-israel,Air Ambulance TO Israel,City — Paphos,medical repatriation from paphos,Phrase,city,Paphos
to-israel,Air Ambulance TO Israel,City — Paphos,patient transfer paphos israel,Phrase,city,Paphos
to-israel,Air Ambulance TO Israel,City — Paphos,icu air ambulance paphos,Phrase,city,Paphos
to-israel,Air Ambulance TO Israel,City — Paphos,emergency medical flight paphos,Phrase,city,Paphos
to-israel,Air Ambulance TO Israel,City — Paphos,private air ambulance paphos,Phrase,city,Paphos
to-israel,Air Ambulance TO Israel,City — Paphos,medical escort flight paphos,Phrase,city,Paphos
to-israel,Air Ambulance TO Israel,City — Paphos,stretcher flight paphos israel,Phrase,city,Paphos
to-israel,Air Ambulance TO Israel,City — Paphos,bed to bed medical transport paphos,Phrase,city,Paphos
to-israel,Air Ambulance TO Israel,City — Paphos,air ambulance pfo to israel,Phrase,city,Paphos
to-israel,Air Ambulance TO Israel,City — Paphos,air ambulance israel to pfo,Phrase,city,Paphos
to-israel,Air Ambulance TO Israel,City — Paphos,medical flight pfo to israel,Phrase,city,Paphos
to-israel,Air Ambulance TO Israel,City — Paphos,medical flight from pfo to israel,Phrase,city,Paphos
to-israel,Air Ambulance TO Israel,City — Paphos,medical repatriation from pfo,Phrase,city,Paphos
to-israel,Air Ambulance TO Israel,City — Paphos,patient transfer pfo israel,Phrase,city,Paphos
to-israel,Air Ambulance TO Israel,City — Paphos,icu air ambulance pfo,Phrase,city,Paphos
to-israel,Air Ambulance TO Israel,City — Paphos,emergency medical flight pfo,Phrase,city,Paphos
to-israel,Air Ambulance TO Israel,City — Paphos,private air ambulance pfo,Phrase,city,Paphos
to-israel,Air Ambulance TO Israel,City — Paphos,medical escort flight pfo,Phrase,city,Paphos
to-israel,Air Ambulance TO Israel,City — Paphos,stretcher flight pfo israel,Phrase,city,Paphos
to-israel,Air Ambulance TO Israel,City — Paphos,bed to bed medical transport pfo,Phrase,city,Paphos
from-israel,Air Ambulance FROM Israel,City — Paphos,air ambulance from israel to paphos,Phrase,city_from,Paphos
from-israel,Air Ambulance FROM Israel,City — Paphos,medical flight israel to paphos,Phrase,city_from,Paphos
from-israel,Air Ambulance FROM Israel,City — Paphos,patient transfer israel to paphos,Phrase,city_from,Paphos
to-israel,Air Ambulance TO Israel,City — Prague,air ambulance prague to israel,Phrase,city,Prague
to-israel,Air Ambulance TO Israel,City — Prague,air ambulance israel to prague,Phrase,city,Prague
to-israel,Air Ambulance TO Israel,City — Prague,medical flight prague to israel,Phrase,city,Prague
to-israel,Air Ambulance TO Israel,City — Prague,medical flight from prague to israel,Phrase,city,Prague
to-israel,Air Ambulance TO Israel,City — Prague,medical repatriation from prague,Phrase,city,Prague
to-israel,Air Ambulance TO Israel,City — Prague,patient transfer prague israel,Phrase,city,Prague
to-israel,Air Ambulance TO Israel,City — Prague,icu air ambulance prague,Phrase,city,Prague
to-israel,Air Ambulance TO Israel,City — Prague,emergency medical flight prague,Phrase,city,Prague
to-israel,Air Ambulance TO Israel,City — Prague,private air ambulance prague,Phrase,city,Prague
to-israel,Air Ambulance TO Israel,City — Prague,medical escort flight prague,Phrase,city,Prague
to-israel,Air Ambulance TO Israel,City — Prague,stretcher flight prague israel,Phrase,city,Prague
to-israel,Air Ambulance TO Israel,City — Prague,bed to bed medical transport prague,Phrase,city,Prague
to-israel,Air Ambulance TO Israel,City — Prague,air ambulance prg to israel,Phrase,city,Prague
to-israel,Air Ambulance TO Israel,City — Prague,air ambulance israel to prg,Phrase,city,Prague
to-israel,Air Ambulance TO Israel,City — Prague,medical flight prg to israel,Phrase,city,Prague
to-israel,Air Ambulance TO Israel,City — Prague,medical flight from prg to israel,Phrase,city,Prague
to-israel,Air Ambulance TO Israel,City — Prague,medical repatriation from prg,Phrase,city,Prague
to-israel,Air Ambulance TO Israel,City — Prague,patient transfer prg israel,Phrase,city,Prague
to-israel,Air Ambulance TO Israel,City — Prague,icu air ambulance prg,Phrase,city,Prague
to-israel,Air Ambulance TO Israel,City — Prague,emergency medical flight prg,Phrase,city,Prague
to-israel,Air Ambulance TO Israel,City — Prague,private air ambulance prg,Phrase,city,Prague
to-israel,Air Ambulance TO Israel,City — Prague,medical escort flight prg,Phrase,city,Prague
to-israel,Air Ambulance TO Israel,City — Prague,stretcher flight prg israel,Phrase,city,Prague
to-israel,Air Ambulance TO Israel,City — Prague,bed to bed medical transport prg,Phrase,city,Prague
to-israel,Air Ambulance TO Israel,City — Prague,air ambulance czech republic to israel,Phrase,city,Prague
to-israel,Air Ambulance TO Israel,City — Prague,air ambulance israel to czech republic,Phrase,city,Prague
to-israel,Air Ambulance TO Israel,City — Prague,medical flight czech republic to israel,Phrase,city,Prague
to-israel,Air Ambulance TO Israel,City — Prague,medical repatriation from czech republic,Phrase,city,Prague
to-israel,Air Ambulance TO Israel,City — Prague,patient transfer czech republic israel,Phrase,city,Prague
to-israel,Air Ambulance TO Israel,City — Prague,icu air ambulance czech republic,Phrase,city,Prague
to-israel,Air Ambulance TO Israel,City — Prague,emergency medical flight czech republic,Phrase,city,Prague
to-israel,Air Ambulance TO Israel,City — Prague,private air ambulance czech republic,Phrase,city,Prague
to-israel,Air Ambulance TO Israel,City — Prague,medical escort flight czech republic,Phrase,city,Prague
to-israel,Air Ambulance TO Israel,City — Prague,stretcher flight czech republic israel,Phrase,city,Prague
to-israel,Air Ambulance TO Israel,City — Prague,bed to bed medical transport czech republic,Phrase,city,Prague
from-israel,Air Ambulance FROM Israel,City — Prague,air ambulance from israel to prague,Phrase,city_from,Prague
from-israel,Air Ambulance FROM Israel,City — Prague,medical flight israel to prague,Phrase,city_from,Prague
from-israel,Air Ambulance FROM Israel,City — Prague,patient transfer israel to prague,Phrase,city_from,Prague
to-israel,Air Ambulance TO Israel,City — Budapest,air ambulance budapest to israel,Phrase,city,Budapest
to-israel,Air Ambulance TO Israel,City — Budapest,air ambulance israel to budapest,Phrase,city,Budapest
to-israel,Air Ambulance TO Israel,City — Budapest,medical flight budapest to israel,Phrase,city,Budapest
to-israel,Air Ambulance TO Israel,City — Budapest,medical flight from budapest to israel,Phrase,city,Budapest
to-israel,Air Ambulance TO Israel,City — Budapest,medical repatriation from budapest,Phrase,city,Budapest
to-israel,Air Ambulance TO Israel,City — Budapest,patient transfer budapest israel,Phrase,city,Budapest
to-israel,Air Ambulance TO Israel,City — Budapest,icu air ambulance budapest,Phrase,city,Budapest
to-israel,Air Ambulance TO Israel,City — Budapest,emergency medical flight budapest,Phrase,city,Budapest
to-israel,Air Ambulance TO Israel,City — Budapest,private air ambulance budapest,Phrase,city,Budapest
to-israel,Air Ambulance TO Israel,City — Budapest,medical escort flight budapest,Phrase,city,Budapest
to-israel,Air Ambulance TO Israel,City — Budapest,stretcher flight budapest israel,Phrase,city,Budapest
to-israel,Air Ambulance TO Israel,City — Budapest,bed to bed medical transport budapest,Phrase,city,Budapest
to-israel,Air Ambulance TO Israel,City — Budapest,air ambulance bud to israel,Phrase,city,Budapest
to-israel,Air Ambulance TO Israel,City — Budapest,air ambulance israel to bud,Phrase,city,Budapest
to-israel,Air Ambulance TO Israel,City — Budapest,medical flight bud to israel,Phrase,city,Budapest
to-israel,Air Ambulance TO Israel,City — Budapest,medical flight from bud to israel,Phrase,city,Budapest
to-israel,Air Ambulance TO Israel,City — Budapest,medical repatriation from bud,Phrase,city,Budapest
to-israel,Air Ambulance TO Israel,City — Budapest,patient transfer bud israel,Phrase,city,Budapest
to-israel,Air Ambulance TO Israel,City — Budapest,icu air ambulance bud,Phrase,city,Budapest
to-israel,Air Ambulance TO Israel,City — Budapest,emergency medical flight bud,Phrase,city,Budapest
to-israel,Air Ambulance TO Israel,City — Budapest,private air ambulance bud,Phrase,city,Budapest
to-israel,Air Ambulance TO Israel,City — Budapest,medical escort flight bud,Phrase,city,Budapest
to-israel,Air Ambulance TO Israel,City — Budapest,stretcher flight bud israel,Phrase,city,Budapest
to-israel,Air Ambulance TO Israel,City — Budapest,bed to bed medical transport bud,Phrase,city,Budapest
to-israel,Air Ambulance TO Israel,City — Budapest,air ambulance hungary to israel,Phrase,city,Budapest
to-israel,Air Ambulance TO Israel,City — Budapest,air ambulance israel to hungary,Phrase,city,Budapest
to-israel,Air Ambulance TO Israel,City — Budapest,medical flight hungary to israel,Phrase,city,Budapest
to-israel,Air Ambulance TO Israel,City — Budapest,medical repatriation from hungary,Phrase,city,Budapest
to-israel,Air Ambulance TO Israel,City — Budapest,patient transfer hungary israel,Phrase,city,Budapest
to-israel,Air Ambulance TO Israel,City — Budapest,icu air ambulance hungary,Phrase,city,Budapest
to-israel,Air Ambulance TO Israel,City — Budapest,emergency medical flight hungary,Phrase,city,Budapest
to-israel,Air Ambulance TO Israel,City — Budapest,private air ambulance hungary,Phrase,city,Budapest
to-israel,Air Ambulance TO Israel,City — Budapest,medical escort flight hungary,Phrase,city,Budapest
to-israel,Air Ambulance TO Israel,City — Budapest,stretcher flight hungary israel,Phrase,city,Budapest
to-israel,Air Ambulance TO Israel,City — Budapest,bed to bed medical transport hungary,Phrase,city,Budapest
from-israel,Air Ambulance FROM Israel,City — Budapest,air ambulance from israel to budapest,Phrase,city_from,Budapest
from-israel,Air Ambulance FROM Israel,City — Budapest,medical flight israel to budapest,Phrase,city_from,Budapest
from-israel,Air Ambulance FROM Israel,City — Budapest,patient transfer israel to budapest,Phrase,city_from,Budapest
to-israel,Air Ambulance TO Israel,City — Warsaw,air ambulance warsaw to israel,Phrase,city,Warsaw
to-israel,Air Ambulance TO Israel,City — Warsaw,air ambulance israel to warsaw,Phrase,city,Warsaw
to-israel,Air Ambulance TO Israel,City — Warsaw,medical flight warsaw to israel,Phrase,city,Warsaw
to-israel,Air Ambulance TO Israel,City — Warsaw,medical flight from warsaw to israel,Phrase,city,Warsaw
to-israel,Air Ambulance TO Israel,City — Warsaw,medical repatriation from warsaw,Phrase,city,Warsaw
to-israel,Air Ambulance TO Israel,City — Warsaw,patient transfer warsaw israel,Phrase,city,Warsaw
to-israel,Air Ambulance TO Israel,City — Warsaw,icu air ambulance warsaw,Phrase,city,Warsaw
to-israel,Air Ambulance TO Israel,City — Warsaw,emergency medical flight warsaw,Phrase,city,Warsaw
to-israel,Air Ambulance TO Israel,City — Warsaw,private air ambulance warsaw,Phrase,city,Warsaw
to-israel,Air Ambulance TO Israel,City — Warsaw,medical escort flight warsaw,Phrase,city,Warsaw
to-israel,Air Ambulance TO Israel,City — Warsaw,stretcher flight warsaw israel,Phrase,city,Warsaw
to-israel,Air Ambulance TO Israel,City — Warsaw,bed to bed medical transport warsaw,Phrase,city,Warsaw
to-israel,Air Ambulance TO Israel,City — Warsaw,air ambulance waw to israel,Phrase,city,Warsaw
to-israel,Air Ambulance TO Israel,City — Warsaw,air ambulance israel to waw,Phrase,city,Warsaw
to-israel,Air Ambulance TO Israel,City — Warsaw,medical flight waw to israel,Phrase,city,Warsaw
to-israel,Air Ambulance TO Israel,City — Warsaw,medical flight from waw to israel,Phrase,city,Warsaw
to-israel,Air Ambulance TO Israel,City — Warsaw,medical repatriation from waw,Phrase,city,Warsaw
to-israel,Air Ambulance TO Israel,City — Warsaw,patient transfer waw israel,Phrase,city,Warsaw
to-israel,Air Ambulance TO Israel,City — Warsaw,icu air ambulance waw,Phrase,city,Warsaw
to-israel,Air Ambulance TO Israel,City — Warsaw,emergency medical flight waw,Phrase,city,Warsaw
to-israel,Air Ambulance TO Israel,City — Warsaw,private air ambulance waw,Phrase,city,Warsaw
to-israel,Air Ambulance TO Israel,City — Warsaw,medical escort flight waw,Phrase,city,Warsaw
to-israel,Air Ambulance TO Israel,City — Warsaw,stretcher flight waw israel,Phrase,city,Warsaw
to-israel,Air Ambulance TO Israel,City — Warsaw,bed to bed medical transport waw,Phrase,city,Warsaw
to-israel,Air Ambulance TO Israel,City — Warsaw,air ambulance poland to israel,Phrase,city,Warsaw
to-israel,Air Ambulance TO Israel,City — Warsaw,air ambulance israel to poland,Phrase,city,Warsaw
to-israel,Air Ambulance TO Israel,City — Warsaw,medical flight poland to israel,Phrase,city,Warsaw
to-israel,Air Ambulance TO Israel,City — Warsaw,medical repatriation from poland,Phrase,city,Warsaw
to-israel,Air Ambulance TO Israel,City — Warsaw,patient transfer poland israel,Phrase,city,Warsaw
to-israel,Air Ambulance TO Israel,City — Warsaw,icu air ambulance poland,Phrase,city,Warsaw
to-israel,Air Ambulance TO Israel,City — Warsaw,emergency medical flight poland,Phrase,city,Warsaw
to-israel,Air Ambulance TO Israel,City — Warsaw,private air ambulance poland,Phrase,city,Warsaw
to-israel,Air Ambulance TO Israel,City — Warsaw,medical escort flight poland,Phrase,city,Warsaw
to-israel,Air Ambulance TO Israel,City — Warsaw,stretcher flight poland israel,Phrase,city,Warsaw
to-israel,Air Ambulance TO Israel,City — Warsaw,bed to bed medical transport poland,Phrase,city,Warsaw
from-israel,Air Ambulance FROM Israel,City — Warsaw,air ambulance from israel to warsaw,Phrase,city_from,Warsaw
from-israel,Air Ambulance FROM Israel,City — Warsaw,medical flight israel to warsaw,Phrase,city_from,Warsaw
from-israel,Air Ambulance FROM Israel,City — Warsaw,patient transfer israel to warsaw,Phrase,city_from,Warsaw
to-israel,Air Ambulance TO Israel,City — Krakow,air ambulance krakow to israel,Phrase,city,Krakow
to-israel,Air Ambulance TO Israel,City — Krakow,air ambulance israel to krakow,Phrase,city,Krakow
to-israel,Air Ambulance TO Israel,City — Krakow,medical flight krakow to israel,Phrase,city,Krakow
to-israel,Air Ambulance TO Israel,City — Krakow,medical flight from krakow to israel,Phrase,city,Krakow
to-israel,Air Ambulance TO Israel,City — Krakow,medical repatriation from krakow,Phrase,city,Krakow
to-israel,Air Ambulance TO Israel,City — Krakow,patient transfer krakow israel,Phrase,city,Krakow
to-israel,Air Ambulance TO Israel,City — Krakow,icu air ambulance krakow,Phrase,city,Krakow
to-israel,Air Ambulance TO Israel,City — Krakow,emergency medical flight krakow,Phrase,city,Krakow
to-israel,Air Ambulance TO Israel,City — Krakow,private air ambulance krakow,Phrase,city,Krakow
to-israel,Air Ambulance TO Israel,City — Krakow,medical escort flight krakow,Phrase,city,Krakow
to-israel,Air Ambulance TO Israel,City — Krakow,stretcher flight krakow israel,Phrase,city,Krakow
to-israel,Air Ambulance TO Israel,City — Krakow,bed to bed medical transport krakow,Phrase,city,Krakow
to-israel,Air Ambulance TO Israel,City — Krakow,air ambulance krk to israel,Phrase,city,Krakow
to-israel,Air Ambulance TO Israel,City — Krakow,air ambulance israel to krk,Phrase,city,Krakow
to-israel,Air Ambulance TO Israel,City — Krakow,medical flight krk to israel,Phrase,city,Krakow
to-israel,Air Ambulance TO Israel,City — Krakow,medical flight from krk to israel,Phrase,city,Krakow
to-israel,Air Ambulance TO Israel,City — Krakow,medical repatriation from krk,Phrase,city,Krakow
to-israel,Air Ambulance TO Israel,City — Krakow,patient transfer krk israel,Phrase,city,Krakow
to-israel,Air Ambulance TO Israel,City — Krakow,icu air ambulance krk,Phrase,city,Krakow
to-israel,Air Ambulance TO Israel,City — Krakow,emergency medical flight krk,Phrase,city,Krakow
to-israel,Air Ambulance TO Israel,City — Krakow,private air ambulance krk,Phrase,city,Krakow
to-israel,Air Ambulance TO Israel,City — Krakow,medical escort flight krk,Phrase,city,Krakow
to-israel,Air Ambulance TO Israel,City — Krakow,stretcher flight krk israel,Phrase,city,Krakow
to-israel,Air Ambulance TO Israel,City — Krakow,bed to bed medical transport krk,Phrase,city,Krakow
to-israel,Air Ambulance TO Israel,City — Krakow,air ambulance cracow to israel,Phrase,city,Krakow
to-israel,Air Ambulance TO Israel,City — Krakow,air ambulance israel to cracow,Phrase,city,Krakow
to-israel,Air Ambulance TO Israel,City — Krakow,medical flight cracow to israel,Phrase,city,Krakow
to-israel,Air Ambulance TO Israel,City — Krakow,medical flight from cracow to israel,Phrase,city,Krakow
to-israel,Air Ambulance TO Israel,City — Krakow,medical repatriation from cracow,Phrase,city,Krakow
to-israel,Air Ambulance TO Israel,City — Krakow,patient transfer cracow israel,Phrase,city,Krakow
to-israel,Air Ambulance TO Israel,City — Krakow,icu air ambulance cracow,Phrase,city,Krakow
to-israel,Air Ambulance TO Israel,City — Krakow,emergency medical flight cracow,Phrase,city,Krakow
to-israel,Air Ambulance TO Israel,City — Krakow,private air ambulance cracow,Phrase,city,Krakow
to-israel,Air Ambulance TO Israel,City — Krakow,medical escort flight cracow,Phrase,city,Krakow
to-israel,Air Ambulance TO Israel,City — Krakow,stretcher flight cracow israel,Phrase,city,Krakow
to-israel,Air Ambulance TO Israel,City — Krakow,bed to bed medical transport cracow,Phrase,city,Krakow
from-israel,Air Ambulance FROM Israel,City — Krakow,air ambulance from israel to krakow,Phrase,city_from,Krakow
from-israel,Air Ambulance FROM Israel,City — Krakow,medical flight israel to krakow,Phrase,city_from,Krakow
from-israel,Air Ambulance FROM Israel,City — Krakow,patient transfer israel to krakow,Phrase,city_from,Krakow
to-israel,Air Ambulance TO Israel,City — Bucharest,air ambulance bucharest to israel,Phrase,city,Bucharest
to-israel,Air Ambulance TO Israel,City — Bucharest,air ambulance israel to bucharest,Phrase,city,Bucharest
to-israel,Air Ambulance TO Israel,City — Bucharest,medical flight bucharest to israel,Phrase,city,Bucharest
to-israel,Air Ambulance TO Israel,City — Bucharest,medical flight from bucharest to israel,Phrase,city,Bucharest
to-israel,Air Ambulance TO Israel,City — Bucharest,medical repatriation from bucharest,Phrase,city,Bucharest
to-israel,Air Ambulance TO Israel,City — Bucharest,patient transfer bucharest israel,Phrase,city,Bucharest
to-israel,Air Ambulance TO Israel,City — Bucharest,icu air ambulance bucharest,Phrase,city,Bucharest
to-israel,Air Ambulance TO Israel,City — Bucharest,emergency medical flight bucharest,Phrase,city,Bucharest
to-israel,Air Ambulance TO Israel,City — Bucharest,private air ambulance bucharest,Phrase,city,Bucharest
to-israel,Air Ambulance TO Israel,City — Bucharest,medical escort flight bucharest,Phrase,city,Bucharest
to-israel,Air Ambulance TO Israel,City — Bucharest,stretcher flight bucharest israel,Phrase,city,Bucharest
to-israel,Air Ambulance TO Israel,City — Bucharest,bed to bed medical transport bucharest,Phrase,city,Bucharest
to-israel,Air Ambulance TO Israel,City — Bucharest,air ambulance otp to israel,Phrase,city,Bucharest
to-israel,Air Ambulance TO Israel,City — Bucharest,air ambulance israel to otp,Phrase,city,Bucharest
to-israel,Air Ambulance TO Israel,City — Bucharest,medical flight otp to israel,Phrase,city,Bucharest
to-israel,Air Ambulance TO Israel,City — Bucharest,medical flight from otp to israel,Phrase,city,Bucharest
to-israel,Air Ambulance TO Israel,City — Bucharest,medical repatriation from otp,Phrase,city,Bucharest
to-israel,Air Ambulance TO Israel,City — Bucharest,patient transfer otp israel,Phrase,city,Bucharest
to-israel,Air Ambulance TO Israel,City — Bucharest,icu air ambulance otp,Phrase,city,Bucharest
to-israel,Air Ambulance TO Israel,City — Bucharest,emergency medical flight otp,Phrase,city,Bucharest
to-israel,Air Ambulance TO Israel,City — Bucharest,private air ambulance otp,Phrase,city,Bucharest
to-israel,Air Ambulance TO Israel,City — Bucharest,medical escort flight otp,Phrase,city,Bucharest
to-israel,Air Ambulance TO Israel,City — Bucharest,stretcher flight otp israel,Phrase,city,Bucharest
to-israel,Air Ambulance TO Israel,City — Bucharest,bed to bed medical transport otp,Phrase,city,Bucharest
to-israel,Air Ambulance TO Israel,City — Bucharest,air ambulance romania to israel,Phrase,city,Bucharest
to-israel,Air Ambulance TO Israel,City — Bucharest,air ambulance israel to romania,Phrase,city,Bucharest
to-israel,Air Ambulance TO Israel,City — Bucharest,medical flight romania to israel,Phrase,city,Bucharest
to-israel,Air Ambulance TO Israel,City — Bucharest,medical repatriation from romania,Phrase,city,Bucharest
to-israel,Air Ambulance TO Israel,City — Bucharest,patient transfer romania israel,Phrase,city,Bucharest
to-israel,Air Ambulance TO Israel,City — Bucharest,icu air ambulance romania,Phrase,city,Bucharest
to-israel,Air Ambulance TO Israel,City — Bucharest,emergency medical flight romania,Phrase,city,Bucharest
to-israel,Air Ambulance TO Israel,City — Bucharest,private air ambulance romania,Phrase,city,Bucharest
to-israel,Air Ambulance TO Israel,City — Bucharest,medical escort flight romania,Phrase,city,Bucharest
to-israel,Air Ambulance TO Israel,City — Bucharest,stretcher flight romania israel,Phrase,city,Bucharest
to-israel,Air Ambulance TO Israel,City — Bucharest,bed to bed medical transport romania,Phrase,city,Bucharest
from-israel,Air Ambulance FROM Israel,City — Bucharest,air ambulance from israel to bucharest,Phrase,city_from,Bucharest
from-israel,Air Ambulance FROM Israel,City — Bucharest,medical flight israel to bucharest,Phrase,city_from,Bucharest
from-israel,Air Ambulance FROM Israel,City — Bucharest,patient transfer israel to bucharest,Phrase,city_from,Bucharest
to-israel,Air Ambulance TO Israel,City — Sofia,air ambulance sofia to israel,Phrase,city,Sofia
to-israel,Air Ambulance TO Israel,City — Sofia,air ambulance israel to sofia,Phrase,city,Sofia
to-israel,Air Ambulance TO Israel,City — Sofia,medical flight sofia to israel,Phrase,city,Sofia
to-israel,Air Ambulance TO Israel,City — Sofia,medical flight from sofia to israel,Phrase,city,Sofia
to-israel,Air Ambulance TO Israel,City — Sofia,medical repatriation from sofia,Phrase,city,Sofia
to-israel,Air Ambulance TO Israel,City — Sofia,patient transfer sofia israel,Phrase,city,Sofia
to-israel,Air Ambulance TO Israel,City — Sofia,icu air ambulance sofia,Phrase,city,Sofia
to-israel,Air Ambulance TO Israel,City — Sofia,emergency medical flight sofia,Phrase,city,Sofia
to-israel,Air Ambulance TO Israel,City — Sofia,private air ambulance sofia,Phrase,city,Sofia
to-israel,Air Ambulance TO Israel,City — Sofia,medical escort flight sofia,Phrase,city,Sofia
to-israel,Air Ambulance TO Israel,City — Sofia,stretcher flight sofia israel,Phrase,city,Sofia
to-israel,Air Ambulance TO Israel,City — Sofia,bed to bed medical transport sofia,Phrase,city,Sofia
to-israel,Air Ambulance TO Israel,City — Sofia,air ambulance sof to israel,Phrase,city,Sofia
to-israel,Air Ambulance TO Israel,City — Sofia,air ambulance israel to sof,Phrase,city,Sofia
to-israel,Air Ambulance TO Israel,City — Sofia,medical flight sof to israel,Phrase,city,Sofia
to-israel,Air Ambulance TO Israel,City — Sofia,medical flight from sof to israel,Phrase,city,Sofia
to-israel,Air Ambulance TO Israel,City — Sofia,medical repatriation from sof,Phrase,city,Sofia
to-israel,Air Ambulance TO Israel,City — Sofia,patient transfer sof israel,Phrase,city,Sofia
to-israel,Air Ambulance TO Israel,City — Sofia,icu air ambulance sof,Phrase,city,Sofia
to-israel,Air Ambulance TO Israel,City — Sofia,emergency medical flight sof,Phrase,city,Sofia
to-israel,Air Ambulance TO Israel,City — Sofia,private air ambulance sof,Phrase,city,Sofia
to-israel,Air Ambulance TO Israel,City — Sofia,medical escort flight sof,Phrase,city,Sofia
to-israel,Air Ambulance TO Israel,City — Sofia,stretcher flight sof israel,Phrase,city,Sofia
to-israel,Air Ambulance TO Israel,City — Sofia,bed to bed medical transport sof,Phrase,city,Sofia
to-israel,Air Ambulance TO Israel,City — Sofia,air ambulance bulgaria to israel,Phrase,city,Sofia
to-israel,Air Ambulance TO Israel,City — Sofia,air ambulance israel to bulgaria,Phrase,city,Sofia
to-israel,Air Ambulance TO Israel,City — Sofia,medical flight bulgaria to israel,Phrase,city,Sofia
to-israel,Air Ambulance TO Israel,City — Sofia,medical repatriation from bulgaria,Phrase,city,Sofia
to-israel,Air Ambulance TO Israel,City — Sofia,patient transfer bulgaria israel,Phrase,city,Sofia
to-israel,Air Ambulance TO Israel,City — Sofia,icu air ambulance bulgaria,Phrase,city,Sofia
to-israel,Air Ambulance TO Israel,City — Sofia,emergency medical flight bulgaria,Phrase,city,Sofia
to-israel,Air Ambulance TO Israel,City — Sofia,private air ambulance bulgaria,Phrase,city,Sofia
to-israel,Air Ambulance TO Israel,City — Sofia,medical escort flight bulgaria,Phrase,city,Sofia
to-israel,Air Ambulance TO Israel,City — Sofia,stretcher flight bulgaria israel,Phrase,city,Sofia
to-israel,Air Ambulance TO Israel,City — Sofia,bed to bed medical transport bulgaria,Phrase,city,Sofia
from-israel,Air Ambulance FROM Israel,City — Sofia,air ambulance from israel to sofia,Phrase,city_from,Sofia
from-israel,Air Ambulance FROM Israel,City — Sofia,medical flight israel to sofia,Phrase,city_from,Sofia
from-israel,Air Ambulance FROM Israel,City — Sofia,patient transfer israel to sofia,Phrase,city_from,Sofia
to-israel,Air Ambulance TO Israel,City — Belgrade,air ambulance belgrade to israel,Phrase,city,Belgrade
to-israel,Air Ambulance TO Israel,City — Belgrade,air ambulance israel to belgrade,Phrase,city,Belgrade
to-israel,Air Ambulance TO Israel,City — Belgrade,medical flight belgrade to israel,Phrase,city,Belgrade
to-israel,Air Ambulance TO Israel,City — Belgrade,medical flight from belgrade to israel,Phrase,city,Belgrade
to-israel,Air Ambulance TO Israel,City — Belgrade,medical repatriation from belgrade,Phrase,city,Belgrade
to-israel,Air Ambulance TO Israel,City — Belgrade,patient transfer belgrade israel,Phrase,city,Belgrade
to-israel,Air Ambulance TO Israel,City — Belgrade,icu air ambulance belgrade,Phrase,city,Belgrade
to-israel,Air Ambulance TO Israel,City — Belgrade,emergency medical flight belgrade,Phrase,city,Belgrade
to-israel,Air Ambulance TO Israel,City — Belgrade,private air ambulance belgrade,Phrase,city,Belgrade
to-israel,Air Ambulance TO Israel,City — Belgrade,medical escort flight belgrade,Phrase,city,Belgrade
to-israel,Air Ambulance TO Israel,City — Belgrade,stretcher flight belgrade israel,Phrase,city,Belgrade
to-israel,Air Ambulance TO Israel,City — Belgrade,bed to bed medical transport belgrade,Phrase,city,Belgrade
to-israel,Air Ambulance TO Israel,City — Belgrade,air ambulance beg to israel,Phrase,city,Belgrade
to-israel,Air Ambulance TO Israel,City — Belgrade,air ambulance israel to beg,Phrase,city,Belgrade
to-israel,Air Ambulance TO Israel,City — Belgrade,medical flight beg to israel,Phrase,city,Belgrade
to-israel,Air Ambulance TO Israel,City — Belgrade,medical flight from beg to israel,Phrase,city,Belgrade
to-israel,Air Ambulance TO Israel,City — Belgrade,medical repatriation from beg,Phrase,city,Belgrade
to-israel,Air Ambulance TO Israel,City — Belgrade,patient transfer beg israel,Phrase,city,Belgrade
to-israel,Air Ambulance TO Israel,City — Belgrade,icu air ambulance beg,Phrase,city,Belgrade
to-israel,Air Ambulance TO Israel,City — Belgrade,emergency medical flight beg,Phrase,city,Belgrade
to-israel,Air Ambulance TO Israel,City — Belgrade,private air ambulance beg,Phrase,city,Belgrade
to-israel,Air Ambulance TO Israel,City — Belgrade,medical escort flight beg,Phrase,city,Belgrade
to-israel,Air Ambulance TO Israel,City — Belgrade,stretcher flight beg israel,Phrase,city,Belgrade
to-israel,Air Ambulance TO Israel,City — Belgrade,bed to bed medical transport beg,Phrase,city,Belgrade
to-israel,Air Ambulance TO Israel,City — Belgrade,air ambulance serbia to israel,Phrase,city,Belgrade
to-israel,Air Ambulance TO Israel,City — Belgrade,air ambulance israel to serbia,Phrase,city,Belgrade
to-israel,Air Ambulance TO Israel,City — Belgrade,medical flight serbia to israel,Phrase,city,Belgrade
to-israel,Air Ambulance TO Israel,City — Belgrade,medical repatriation from serbia,Phrase,city,Belgrade
to-israel,Air Ambulance TO Israel,City — Belgrade,patient transfer serbia israel,Phrase,city,Belgrade
to-israel,Air Ambulance TO Israel,City — Belgrade,icu air ambulance serbia,Phrase,city,Belgrade
to-israel,Air Ambulance TO Israel,City — Belgrade,emergency medical flight serbia,Phrase,city,Belgrade
to-israel,Air Ambulance TO Israel,City — Belgrade,private air ambulance serbia,Phrase,city,Belgrade
to-israel,Air Ambulance TO Israel,City — Belgrade,medical escort flight serbia,Phrase,city,Belgrade
to-israel,Air Ambulance TO Israel,City — Belgrade,stretcher flight serbia israel,Phrase,city,Belgrade
to-israel,Air Ambulance TO Israel,City — Belgrade,bed to bed medical transport serbia,Phrase,city,Belgrade
from-israel,Air Ambulance FROM Israel,City — Belgrade,air ambulance from israel to belgrade,Phrase,city_from,Belgrade
from-israel,Air Ambulance FROM Israel,City — Belgrade,medical flight israel to belgrade,Phrase,city_from,Belgrade
from-israel,Air Ambulance FROM Israel,City — Belgrade,patient transfer israel to belgrade,Phrase,city_from,Belgrade
to-israel,Air Ambulance TO Israel,City — Zagreb,air ambulance zagreb to israel,Phrase,city,Zagreb
to-israel,Air Ambulance TO Israel,City — Zagreb,air ambulance israel to zagreb,Phrase,city,Zagreb
to-israel,Air Ambulance TO Israel,City — Zagreb,medical flight zagreb to israel,Phrase,city,Zagreb
to-israel,Air Ambulance TO Israel,City — Zagreb,medical flight from zagreb to israel,Phrase,city,Zagreb
to-israel,Air Ambulance TO Israel,City — Zagreb,medical repatriation from zagreb,Phrase,city,Zagreb
to-israel,Air Ambulance TO Israel,City — Zagreb,patient transfer zagreb israel,Phrase,city,Zagreb
to-israel,Air Ambulance TO Israel,City — Zagreb,icu air ambulance zagreb,Phrase,city,Zagreb
to-israel,Air Ambulance TO Israel,City — Zagreb,emergency medical flight zagreb,Phrase,city,Zagreb
to-israel,Air Ambulance TO Israel,City — Zagreb,private air ambulance zagreb,Phrase,city,Zagreb
to-israel,Air Ambulance TO Israel,City — Zagreb,medical escort flight zagreb,Phrase,city,Zagreb
to-israel,Air Ambulance TO Israel,City — Zagreb,stretcher flight zagreb israel,Phrase,city,Zagreb
to-israel,Air Ambulance TO Israel,City — Zagreb,bed to bed medical transport zagreb,Phrase,city,Zagreb
to-israel,Air Ambulance TO Israel,City — Zagreb,air ambulance zag to israel,Phrase,city,Zagreb
to-israel,Air Ambulance TO Israel,City — Zagreb,air ambulance israel to zag,Phrase,city,Zagreb
to-israel,Air Ambulance TO Israel,City — Zagreb,medical flight zag to israel,Phrase,city,Zagreb
to-israel,Air Ambulance TO Israel,City — Zagreb,medical flight from zag to israel,Phrase,city,Zagreb
to-israel,Air Ambulance TO Israel,City — Zagreb,medical repatriation from zag,Phrase,city,Zagreb
to-israel,Air Ambulance TO Israel,City — Zagreb,patient transfer zag israel,Phrase,city,Zagreb
to-israel,Air Ambulance TO Israel,City — Zagreb,icu air ambulance zag,Phrase,city,Zagreb
to-israel,Air Ambulance TO Israel,City — Zagreb,emergency medical flight zag,Phrase,city,Zagreb
to-israel,Air Ambulance TO Israel,City — Zagreb,private air ambulance zag,Phrase,city,Zagreb
to-israel,Air Ambulance TO Israel,City — Zagreb,medical escort flight zag,Phrase,city,Zagreb
to-israel,Air Ambulance TO Israel,City — Zagreb,stretcher flight zag israel,Phrase,city,Zagreb
to-israel,Air Ambulance TO Israel,City — Zagreb,bed to bed medical transport zag,Phrase,city,Zagreb
to-israel,Air Ambulance TO Israel,City — Zagreb,air ambulance croatia to israel,Phrase,city,Zagreb
to-israel,Air Ambulance TO Israel,City — Zagreb,air ambulance israel to croatia,Phrase,city,Zagreb
to-israel,Air Ambulance TO Israel,City — Zagreb,medical flight croatia to israel,Phrase,city,Zagreb
to-israel,Air Ambulance TO Israel,City — Zagreb,medical repatriation from croatia,Phrase,city,Zagreb
to-israel,Air Ambulance TO Israel,City — Zagreb,patient transfer croatia israel,Phrase,city,Zagreb
to-israel,Air Ambulance TO Israel,City — Zagreb,icu air ambulance croatia,Phrase,city,Zagreb
to-israel,Air Ambulance TO Israel,City — Zagreb,emergency medical flight croatia,Phrase,city,Zagreb
to-israel,Air Ambulance TO Israel,City — Zagreb,private air ambulance croatia,Phrase,city,Zagreb
to-israel,Air Ambulance TO Israel,City — Zagreb,medical escort flight croatia,Phrase,city,Zagreb
to-israel,Air Ambulance TO Israel,City — Zagreb,stretcher flight croatia israel,Phrase,city,Zagreb
to-israel,Air Ambulance TO Israel,City — Zagreb,bed to bed medical transport croatia,Phrase,city,Zagreb
from-israel,Air Ambulance FROM Israel,City — Zagreb,air ambulance from israel to zagreb,Phrase,city_from,Zagreb
from-israel,Air Ambulance FROM Israel,City — Zagreb,medical flight israel to zagreb,Phrase,city_from,Zagreb
from-israel,Air Ambulance FROM Israel,City — Zagreb,patient transfer israel to zagreb,Phrase,city_from,Zagreb
to-israel,Air Ambulance TO Israel,City — Ljubljana,air ambulance ljubljana to israel,Phrase,city,Ljubljana
to-israel,Air Ambulance TO Israel,City — Ljubljana,air ambulance israel to ljubljana,Phrase,city,Ljubljana
to-israel,Air Ambulance TO Israel,City — Ljubljana,medical flight ljubljana to israel,Phrase,city,Ljubljana
to-israel,Air Ambulance TO Israel,City — Ljubljana,medical flight from ljubljana to israel,Phrase,city,Ljubljana
to-israel,Air Ambulance TO Israel,City — Ljubljana,medical repatriation from ljubljana,Phrase,city,Ljubljana
to-israel,Air Ambulance TO Israel,City — Ljubljana,patient transfer ljubljana israel,Phrase,city,Ljubljana
to-israel,Air Ambulance TO Israel,City — Ljubljana,icu air ambulance ljubljana,Phrase,city,Ljubljana
to-israel,Air Ambulance TO Israel,City — Ljubljana,emergency medical flight ljubljana,Phrase,city,Ljubljana
to-israel,Air Ambulance TO Israel,City — Ljubljana,private air ambulance ljubljana,Phrase,city,Ljubljana
to-israel,Air Ambulance TO Israel,City — Ljubljana,medical escort flight ljubljana,Phrase,city,Ljubljana
to-israel,Air Ambulance TO Israel,City — Ljubljana,stretcher flight ljubljana israel,Phrase,city,Ljubljana
to-israel,Air Ambulance TO Israel,City — Ljubljana,bed to bed medical transport ljubljana,Phrase,city,Ljubljana
to-israel,Air Ambulance TO Israel,City — Ljubljana,air ambulance lju to israel,Phrase,city,Ljubljana
to-israel,Air Ambulance TO Israel,City — Ljubljana,air ambulance israel to lju,Phrase,city,Ljubljana
to-israel,Air Ambulance TO Israel,City — Ljubljana,medical flight lju to israel,Phrase,city,Ljubljana
to-israel,Air Ambulance TO Israel,City — Ljubljana,medical flight from lju to israel,Phrase,city,Ljubljana
to-israel,Air Ambulance TO Israel,City — Ljubljana,medical repatriation from lju,Phrase,city,Ljubljana
to-israel,Air Ambulance TO Israel,City — Ljubljana,patient transfer lju israel,Phrase,city,Ljubljana
to-israel,Air Ambulance TO Israel,City — Ljubljana,icu air ambulance lju,Phrase,city,Ljubljana
to-israel,Air Ambulance TO Israel,City — Ljubljana,emergency medical flight lju,Phrase,city,Ljubljana
to-israel,Air Ambulance TO Israel,City — Ljubljana,private air ambulance lju,Phrase,city,Ljubljana
to-israel,Air Ambulance TO Israel,City — Ljubljana,medical escort flight lju,Phrase,city,Ljubljana
to-israel,Air Ambulance TO Israel,City — Ljubljana,stretcher flight lju israel,Phrase,city,Ljubljana
to-israel,Air Ambulance TO Israel,City — Ljubljana,bed to bed medical transport lju,Phrase,city,Ljubljana
to-israel,Air Ambulance TO Israel,City — Ljubljana,air ambulance slovenia to israel,Phrase,city,Ljubljana
to-israel,Air Ambulance TO Israel,City — Ljubljana,air ambulance israel to slovenia,Phrase,city,Ljubljana
to-israel,Air Ambulance TO Israel,City — Ljubljana,medical flight slovenia to israel,Phrase,city,Ljubljana
to-israel,Air Ambulance TO Israel,City — Ljubljana,medical repatriation from slovenia,Phrase,city,Ljubljana
to-israel,Air Ambulance TO Israel,City — Ljubljana,patient transfer slovenia israel,Phrase,city,Ljubljana
to-israel,Air Ambulance TO Israel,City — Ljubljana,icu air ambulance slovenia,Phrase,city,Ljubljana
to-israel,Air Ambulance TO Israel,City — Ljubljana,emergency medical flight slovenia,Phrase,city,Ljubljana
to-israel,Air Ambulance TO Israel,City — Ljubljana,private air ambulance slovenia,Phrase,city,Ljubljana
to-israel,Air Ambulance TO Israel,City — Ljubljana,medical escort flight slovenia,Phrase,city,Ljubljana
to-israel,Air Ambulance TO Israel,City — Ljubljana,stretcher flight slovenia israel,Phrase,city,Ljubljana
to-israel,Air Ambulance TO Israel,City — Ljubljana,bed to bed medical transport slovenia,Phrase,city,Ljubljana
from-israel,Air Ambulance FROM Israel,City — Ljubljana,air ambulance from israel to ljubljana,Phrase,city_from,Ljubljana
from-israel,Air Ambulance FROM Israel,City — Ljubljana,medical flight israel to ljubljana,Phrase,city_from,Ljubljana
from-israel,Air Ambulance FROM Israel,City — Ljubljana,patient transfer israel to ljubljana,Phrase,city_from,Ljubljana
to-israel,Air Ambulance TO Israel,City — Dubrovnik,air ambulance dubrovnik to israel,Phrase,city,Dubrovnik
to-israel,Air Ambulance TO Israel,City — Dubrovnik,air ambulance israel to dubrovnik,Phrase,city,Dubrovnik
to-israel,Air Ambulance TO Israel,City — Dubrovnik,medical flight dubrovnik to israel,Phrase,city,Dubrovnik
to-israel,Air Ambulance TO Israel,City — Dubrovnik,medical flight from dubrovnik to israel,Phrase,city,Dubrovnik
to-israel,Air Ambulance TO Israel,City — Dubrovnik,medical repatriation from dubrovnik,Phrase,city,Dubrovnik
to-israel,Air Ambulance TO Israel,City — Dubrovnik,patient transfer dubrovnik israel,Phrase,city,Dubrovnik
to-israel,Air Ambulance TO Israel,City — Dubrovnik,icu air ambulance dubrovnik,Phrase,city,Dubrovnik
to-israel,Air Ambulance TO Israel,City — Dubrovnik,emergency medical flight dubrovnik,Phrase,city,Dubrovnik
to-israel,Air Ambulance TO Israel,City — Dubrovnik,private air ambulance dubrovnik,Phrase,city,Dubrovnik
to-israel,Air Ambulance TO Israel,City — Dubrovnik,medical escort flight dubrovnik,Phrase,city,Dubrovnik
to-israel,Air Ambulance TO Israel,City — Dubrovnik,stretcher flight dubrovnik israel,Phrase,city,Dubrovnik
to-israel,Air Ambulance TO Israel,City — Dubrovnik,bed to bed medical transport dubrovnik,Phrase,city,Dubrovnik
to-israel,Air Ambulance TO Israel,City — Dubrovnik,air ambulance dbv to israel,Phrase,city,Dubrovnik
to-israel,Air Ambulance TO Israel,City — Dubrovnik,air ambulance israel to dbv,Phrase,city,Dubrovnik
to-israel,Air Ambulance TO Israel,City — Dubrovnik,medical flight dbv to israel,Phrase,city,Dubrovnik
to-israel,Air Ambulance TO Israel,City — Dubrovnik,medical flight from dbv to israel,Phrase,city,Dubrovnik
to-israel,Air Ambulance TO Israel,City — Dubrovnik,medical repatriation from dbv,Phrase,city,Dubrovnik
to-israel,Air Ambulance TO Israel,City — Dubrovnik,patient transfer dbv israel,Phrase,city,Dubrovnik
to-israel,Air Ambulance TO Israel,City — Dubrovnik,icu air ambulance dbv,Phrase,city,Dubrovnik
to-israel,Air Ambulance TO Israel,City — Dubrovnik,emergency medical flight dbv,Phrase,city,Dubrovnik
to-israel,Air Ambulance TO Israel,City — Dubrovnik,private air ambulance dbv,Phrase,city,Dubrovnik
to-israel,Air Ambulance TO Israel,City — Dubrovnik,medical escort flight dbv,Phrase,city,Dubrovnik
to-israel,Air Ambulance TO Israel,City — Dubrovnik,stretcher flight dbv israel,Phrase,city,Dubrovnik
to-israel,Air Ambulance TO Israel,City — Dubrovnik,bed to bed medical transport dbv,Phrase,city,Dubrovnik
from-israel,Air Ambulance FROM Israel,City — Dubrovnik,air ambulance from israel to dubrovnik,Phrase,city_from,Dubrovnik
from-israel,Air Ambulance FROM Israel,City — Dubrovnik,medical flight israel to dubrovnik,Phrase,city_from,Dubrovnik
from-israel,Air Ambulance FROM Israel,City — Dubrovnik,patient transfer israel to dubrovnik,Phrase,city_from,Dubrovnik
to-israel,Air Ambulance TO Israel,City — Tivat,air ambulance tivat to israel,Phrase,city,Tivat
to-israel,Air Ambulance TO Israel,City — Tivat,air ambulance israel to tivat,Phrase,city,Tivat
to-israel,Air Ambulance TO Israel,City — Tivat,medical flight tivat to israel,Phrase,city,Tivat
to-israel,Air Ambulance TO Israel,City — Tivat,medical flight from tivat to israel,Phrase,city,Tivat
to-israel,Air Ambulance TO Israel,City — Tivat,medical repatriation from tivat,Phrase,city,Tivat
to-israel,Air Ambulance TO Israel,City — Tivat,patient transfer tivat israel,Phrase,city,Tivat
to-israel,Air Ambulance TO Israel,City — Tivat,icu air ambulance tivat,Phrase,city,Tivat
to-israel,Air Ambulance TO Israel,City — Tivat,emergency medical flight tivat,Phrase,city,Tivat
to-israel,Air Ambulance TO Israel,City — Tivat,private air ambulance tivat,Phrase,city,Tivat
to-israel,Air Ambulance TO Israel,City — Tivat,medical escort flight tivat,Phrase,city,Tivat
to-israel,Air Ambulance TO Israel,City — Tivat,stretcher flight tivat israel,Phrase,city,Tivat
to-israel,Air Ambulance TO Israel,City — Tivat,bed to bed medical transport tivat,Phrase,city,Tivat
to-israel,Air Ambulance TO Israel,City — Tivat,air ambulance tiv to israel,Phrase,city,Tivat
to-israel,Air Ambulance TO Israel,City — Tivat,air ambulance israel to tiv,Phrase,city,Tivat
to-israel,Air Ambulance TO Israel,City — Tivat,medical flight tiv to israel,Phrase,city,Tivat
to-israel,Air Ambulance TO Israel,City — Tivat,medical flight from tiv to israel,Phrase,city,Tivat
to-israel,Air Ambulance TO Israel,City — Tivat,medical repatriation from tiv,Phrase,city,Tivat
to-israel,Air Ambulance TO Israel,City — Tivat,patient transfer tiv israel,Phrase,city,Tivat
to-israel,Air Ambulance TO Israel,City — Tivat,icu air ambulance tiv,Phrase,city,Tivat
to-israel,Air Ambulance TO Israel,City — Tivat,emergency medical flight tiv,Phrase,city,Tivat
to-israel,Air Ambulance TO Israel,City — Tivat,private air ambulance tiv,Phrase,city,Tivat
to-israel,Air Ambulance TO Israel,City — Tivat,medical escort flight tiv,Phrase,city,Tivat
to-israel,Air Ambulance TO Israel,City — Tivat,stretcher flight tiv israel,Phrase,city,Tivat
to-israel,Air Ambulance TO Israel,City — Tivat,bed to bed medical transport tiv,Phrase,city,Tivat
to-israel,Air Ambulance TO Israel,City — Tivat,air ambulance montenegro to israel,Phrase,city,Tivat
to-israel,Air Ambulance TO Israel,City — Tivat,air ambulance israel to montenegro,Phrase,city,Tivat
to-israel,Air Ambulance TO Israel,City — Tivat,medical flight montenegro to israel,Phrase,city,Tivat
to-israel,Air Ambulance TO Israel,City — Tivat,medical repatriation from montenegro,Phrase,city,Tivat
to-israel,Air Ambulance TO Israel,City — Tivat,patient transfer montenegro israel,Phrase,city,Tivat
to-israel,Air Ambulance TO Israel,City — Tivat,icu air ambulance montenegro,Phrase,city,Tivat
to-israel,Air Ambulance TO Israel,City — Tivat,emergency medical flight montenegro,Phrase,city,Tivat
to-israel,Air Ambulance TO Israel,City — Tivat,private air ambulance montenegro,Phrase,city,Tivat
to-israel,Air Ambulance TO Israel,City — Tivat,medical escort flight montenegro,Phrase,city,Tivat
to-israel,Air Ambulance TO Israel,City — Tivat,stretcher flight montenegro israel,Phrase,city,Tivat
to-israel,Air Ambulance TO Israel,City — Tivat,bed to bed medical transport montenegro,Phrase,city,Tivat
from-israel,Air Ambulance FROM Israel,City — Tivat,air ambulance from israel to tivat,Phrase,city_from,Tivat
from-israel,Air Ambulance FROM Israel,City — Tivat,medical flight israel to tivat,Phrase,city_from,Tivat
from-israel,Air Ambulance FROM Israel,City — Tivat,patient transfer israel to tivat,Phrase,city_from,Tivat
to-israel,Air Ambulance TO Israel,City — Podgorica,air ambulance podgorica to israel,Phrase,city,Podgorica
to-israel,Air Ambulance TO Israel,City — Podgorica,air ambulance israel to podgorica,Phrase,city,Podgorica
to-israel,Air Ambulance TO Israel,City — Podgorica,medical flight podgorica to israel,Phrase,city,Podgorica
to-israel,Air Ambulance TO Israel,City — Podgorica,medical flight from podgorica to israel,Phrase,city,Podgorica
to-israel,Air Ambulance TO Israel,City — Podgorica,medical repatriation from podgorica,Phrase,city,Podgorica
to-israel,Air Ambulance TO Israel,City — Podgorica,patient transfer podgorica israel,Phrase,city,Podgorica
to-israel,Air Ambulance TO Israel,City — Podgorica,icu air ambulance podgorica,Phrase,city,Podgorica
to-israel,Air Ambulance TO Israel,City — Podgorica,emergency medical flight podgorica,Phrase,city,Podgorica
to-israel,Air Ambulance TO Israel,City — Podgorica,private air ambulance podgorica,Phrase,city,Podgorica
to-israel,Air Ambulance TO Israel,City — Podgorica,medical escort flight podgorica,Phrase,city,Podgorica
to-israel,Air Ambulance TO Israel,City — Podgorica,stretcher flight podgorica israel,Phrase,city,Podgorica
to-israel,Air Ambulance TO Israel,City — Podgorica,bed to bed medical transport podgorica,Phrase,city,Podgorica
to-israel,Air Ambulance TO Israel,City — Podgorica,air ambulance tgd to israel,Phrase,city,Podgorica
to-israel,Air Ambulance TO Israel,City — Podgorica,air ambulance israel to tgd,Phrase,city,Podgorica
to-israel,Air Ambulance TO Israel,City — Podgorica,medical flight tgd to israel,Phrase,city,Podgorica
to-israel,Air Ambulance TO Israel,City — Podgorica,medical flight from tgd to israel,Phrase,city,Podgorica
to-israel,Air Ambulance TO Israel,City — Podgorica,medical repatriation from tgd,Phrase,city,Podgorica
to-israel,Air Ambulance TO Israel,City — Podgorica,patient transfer tgd israel,Phrase,city,Podgorica
to-israel,Air Ambulance TO Israel,City — Podgorica,icu air ambulance tgd,Phrase,city,Podgorica
to-israel,Air Ambulance TO Israel,City — Podgorica,emergency medical flight tgd,Phrase,city,Podgorica
to-israel,Air Ambulance TO Israel,City — Podgorica,private air ambulance tgd,Phrase,city,Podgorica
to-israel,Air Ambulance TO Israel,City — Podgorica,medical escort flight tgd,Phrase,city,Podgorica
to-israel,Air Ambulance TO Israel,City — Podgorica,stretcher flight tgd israel,Phrase,city,Podgorica
to-israel,Air Ambulance TO Israel,City — Podgorica,bed to bed medical transport tgd,Phrase,city,Podgorica
from-israel,Air Ambulance FROM Israel,City — Podgorica,air ambulance from israel to podgorica,Phrase,city_from,Podgorica
from-israel,Air Ambulance FROM Israel,City — Podgorica,medical flight israel to podgorica,Phrase,city_from,Podgorica
from-israel,Air Ambulance FROM Israel,City — Podgorica,patient transfer israel to podgorica,Phrase,city_from,Podgorica
to-israel,Air Ambulance TO Israel,City — Batumi,air ambulance batumi to israel,Phrase,city,Batumi
to-israel,Air Ambulance TO Israel,City — Batumi,air ambulance israel to batumi,Phrase,city,Batumi
to-israel,Air Ambulance TO Israel,City — Batumi,medical flight batumi to israel,Phrase,city,Batumi
to-israel,Air Ambulance TO Israel,City — Batumi,medical flight from batumi to israel,Phrase,city,Batumi
to-israel,Air Ambulance TO Israel,City — Batumi,medical repatriation from batumi,Phrase,city,Batumi
to-israel,Air Ambulance TO Israel,City — Batumi,patient transfer batumi israel,Phrase,city,Batumi
to-israel,Air Ambulance TO Israel,City — Batumi,icu air ambulance batumi,Phrase,city,Batumi
to-israel,Air Ambulance TO Israel,City — Batumi,emergency medical flight batumi,Phrase,city,Batumi
to-israel,Air Ambulance TO Israel,City — Batumi,private air ambulance batumi,Phrase,city,Batumi
to-israel,Air Ambulance TO Israel,City — Batumi,medical escort flight batumi,Phrase,city,Batumi
to-israel,Air Ambulance TO Israel,City — Batumi,stretcher flight batumi israel,Phrase,city,Batumi
to-israel,Air Ambulance TO Israel,City — Batumi,bed to bed medical transport batumi,Phrase,city,Batumi
to-israel,Air Ambulance TO Israel,City — Batumi,air ambulance georgia to israel,Phrase,city,Batumi
to-israel,Air Ambulance TO Israel,City — Batumi,air ambulance israel to georgia,Phrase,city,Batumi
to-israel,Air Ambulance TO Israel,City — Batumi,medical flight georgia to israel,Phrase,city,Batumi
to-israel,Air Ambulance TO Israel,City — Batumi,medical repatriation from georgia,Phrase,city,Batumi
to-israel,Air Ambulance TO Israel,City — Batumi,patient transfer georgia israel,Phrase,city,Batumi
to-israel,Air Ambulance TO Israel,City — Batumi,icu air ambulance georgia,Phrase,city,Batumi
to-israel,Air Ambulance TO Israel,City — Batumi,emergency medical flight georgia,Phrase,city,Batumi
to-israel,Air Ambulance TO Israel,City — Batumi,private air ambulance georgia,Phrase,city,Batumi
to-israel,Air Ambulance TO Israel,City — Batumi,medical escort flight georgia,Phrase,city,Batumi
to-israel,Air Ambulance TO Israel,City — Batumi,stretcher flight georgia israel,Phrase,city,Batumi
to-israel,Air Ambulance TO Israel,City — Batumi,bed to bed medical transport georgia,Phrase,city,Batumi
from-israel,Air Ambulance FROM Israel,City — Batumi,air ambulance from israel to batumi,Phrase,city_from,Batumi
from-israel,Air Ambulance FROM Israel,City — Batumi,medical flight israel to batumi,Phrase,city_from,Batumi
from-israel,Air Ambulance FROM Israel,City — Batumi,patient transfer israel to batumi,Phrase,city_from,Batumi
to-israel,Air Ambulance TO Israel,City — Tbilisi,air ambulance tbilisi to israel,Phrase,city,Tbilisi
to-israel,Air Ambulance TO Israel,City — Tbilisi,air ambulance israel to tbilisi,Phrase,city,Tbilisi
to-israel,Air Ambulance TO Israel,City — Tbilisi,medical flight tbilisi to israel,Phrase,city,Tbilisi
to-israel,Air Ambulance TO Israel,City — Tbilisi,medical flight from tbilisi to israel,Phrase,city,Tbilisi
to-israel,Air Ambulance TO Israel,City — Tbilisi,medical repatriation from tbilisi,Phrase,city,Tbilisi
to-israel,Air Ambulance TO Israel,City — Tbilisi,patient transfer tbilisi israel,Phrase,city,Tbilisi
to-israel,Air Ambulance TO Israel,City — Tbilisi,icu air ambulance tbilisi,Phrase,city,Tbilisi
to-israel,Air Ambulance TO Israel,City — Tbilisi,emergency medical flight tbilisi,Phrase,city,Tbilisi
to-israel,Air Ambulance TO Israel,City — Tbilisi,private air ambulance tbilisi,Phrase,city,Tbilisi
to-israel,Air Ambulance TO Israel,City — Tbilisi,medical escort flight tbilisi,Phrase,city,Tbilisi
to-israel,Air Ambulance TO Israel,City — Tbilisi,stretcher flight tbilisi israel,Phrase,city,Tbilisi
to-israel,Air Ambulance TO Israel,City — Tbilisi,bed to bed medical transport tbilisi,Phrase,city,Tbilisi
to-israel,Air Ambulance TO Israel,City — Tbilisi,air ambulance tbs to israel,Phrase,city,Tbilisi
to-israel,Air Ambulance TO Israel,City — Tbilisi,air ambulance israel to tbs,Phrase,city,Tbilisi
to-israel,Air Ambulance TO Israel,City — Tbilisi,medical flight tbs to israel,Phrase,city,Tbilisi
to-israel,Air Ambulance TO Israel,City — Tbilisi,medical flight from tbs to israel,Phrase,city,Tbilisi
to-israel,Air Ambulance TO Israel,City — Tbilisi,medical repatriation from tbs,Phrase,city,Tbilisi
to-israel,Air Ambulance TO Israel,City — Tbilisi,patient transfer tbs israel,Phrase,city,Tbilisi
to-israel,Air Ambulance TO Israel,City — Tbilisi,icu air ambulance tbs,Phrase,city,Tbilisi
to-israel,Air Ambulance TO Israel,City — Tbilisi,emergency medical flight tbs,Phrase,city,Tbilisi
to-israel,Air Ambulance TO Israel,City — Tbilisi,private air ambulance tbs,Phrase,city,Tbilisi
to-israel,Air Ambulance TO Israel,City — Tbilisi,medical escort flight tbs,Phrase,city,Tbilisi
to-israel,Air Ambulance TO Israel,City — Tbilisi,stretcher flight tbs israel,Phrase,city,Tbilisi
to-israel,Air Ambulance TO Israel,City — Tbilisi,bed to bed medical transport tbs,Phrase,city,Tbilisi
from-israel,Air Ambulance FROM Israel,City — Tbilisi,air ambulance from israel to tbilisi,Phrase,city_from,Tbilisi
from-israel,Air Ambulance FROM Israel,City — Tbilisi,medical flight israel to tbilisi,Phrase,city_from,Tbilisi
from-israel,Air Ambulance FROM Israel,City — Tbilisi,patient transfer israel to tbilisi,Phrase,city_from,Tbilisi
to-israel,Air Ambulance TO Israel,City — Dubai,air ambulance dubai to israel,Phrase,city,Dubai
to-israel,Air Ambulance TO Israel,City — Dubai,air ambulance israel to dubai,Phrase,city,Dubai
to-israel,Air Ambulance TO Israel,City — Dubai,medical flight dubai to israel,Phrase,city,Dubai
to-israel,Air Ambulance TO Israel,City — Dubai,medical flight from dubai to israel,Phrase,city,Dubai
to-israel,Air Ambulance TO Israel,City — Dubai,medical repatriation from dubai,Phrase,city,Dubai
to-israel,Air Ambulance TO Israel,City — Dubai,patient transfer dubai israel,Phrase,city,Dubai
to-israel,Air Ambulance TO Israel,City — Dubai,icu air ambulance dubai,Phrase,city,Dubai
to-israel,Air Ambulance TO Israel,City — Dubai,emergency medical flight dubai,Phrase,city,Dubai
to-israel,Air Ambulance TO Israel,City — Dubai,private air ambulance dubai,Phrase,city,Dubai
to-israel,Air Ambulance TO Israel,City — Dubai,medical escort flight dubai,Phrase,city,Dubai
to-israel,Air Ambulance TO Israel,City — Dubai,stretcher flight dubai israel,Phrase,city,Dubai
to-israel,Air Ambulance TO Israel,City — Dubai,bed to bed medical transport dubai,Phrase,city,Dubai
to-israel,Air Ambulance TO Israel,City — Dubai,air ambulance dxb to israel,Phrase,city,Dubai
to-israel,Air Ambulance TO Israel,City — Dubai,air ambulance israel to dxb,Phrase,city,Dubai
to-israel,Air Ambulance TO Israel,City — Dubai,medical flight dxb to israel,Phrase,city,Dubai
to-israel,Air Ambulance TO Israel,City — Dubai,medical flight from dxb to israel,Phrase,city,Dubai
to-israel,Air Ambulance TO Israel,City — Dubai,medical repatriation from dxb,Phrase,city,Dubai
to-israel,Air Ambulance TO Israel,City — Dubai,patient transfer dxb israel,Phrase,city,Dubai
to-israel,Air Ambulance TO Israel,City — Dubai,icu air ambulance dxb,Phrase,city,Dubai
to-israel,Air Ambulance TO Israel,City — Dubai,emergency medical flight dxb,Phrase,city,Dubai
to-israel,Air Ambulance TO Israel,City — Dubai,private air ambulance dxb,Phrase,city,Dubai
to-israel,Air Ambulance TO Israel,City — Dubai,medical escort flight dxb,Phrase,city,Dubai
to-israel,Air Ambulance TO Israel,City — Dubai,stretcher flight dxb israel,Phrase,city,Dubai
to-israel,Air Ambulance TO Israel,City — Dubai,bed to bed medical transport dxb,Phrase,city,Dubai
to-israel,Air Ambulance TO Israel,City — Dubai,air ambulance united arab emirates to israel,Phrase,city,Dubai
to-israel,Air Ambulance TO Israel,City — Dubai,air ambulance israel to united arab emirates,Phrase,city,Dubai
to-israel,Air Ambulance TO Israel,City — Dubai,medical flight united arab emirates to israel,Phrase,city,Dubai
to-israel,Air Ambulance TO Israel,City — Dubai,medical repatriation from united arab emirates,Phrase,city,Dubai
to-israel,Air Ambulance TO Israel,City — Dubai,patient transfer united arab emirates israel,Phrase,city,Dubai
to-israel,Air Ambulance TO Israel,City — Dubai,icu air ambulance united arab emirates,Phrase,city,Dubai
to-israel,Air Ambulance TO Israel,City — Dubai,emergency medical flight united arab emirates,Phrase,city,Dubai
to-israel,Air Ambulance TO Israel,City — Dubai,private air ambulance united arab emirates,Phrase,city,Dubai
to-israel,Air Ambulance TO Israel,City — Dubai,medical escort flight united arab emirates,Phrase,city,Dubai
to-israel,Air Ambulance TO Israel,City — Dubai,stretcher flight united arab emirates israel,Phrase,city,Dubai
to-israel,Air Ambulance TO Israel,City — Dubai,bed to bed medical transport united arab emirates,Phrase,city,Dubai
from-israel,Air Ambulance FROM Israel,City — Dubai,air ambulance from israel to dubai,Phrase,city_from,Dubai
from-israel,Air Ambulance FROM Israel,City — Dubai,medical flight israel to dubai,Phrase,city_from,Dubai
from-israel,Air Ambulance FROM Israel,City — Dubai,patient transfer israel to dubai,Phrase,city_from,Dubai
to-israel,Air Ambulance TO Israel,City — Tokyo,air ambulance tokyo to israel,Phrase,city,Tokyo
to-israel,Air Ambulance TO Israel,City — Tokyo,air ambulance israel to tokyo,Phrase,city,Tokyo
to-israel,Air Ambulance TO Israel,City — Tokyo,medical flight tokyo to israel,Phrase,city,Tokyo
to-israel,Air Ambulance TO Israel,City — Tokyo,medical flight from tokyo to israel,Phrase,city,Tokyo
to-israel,Air Ambulance TO Israel,City — Tokyo,medical repatriation from tokyo,Phrase,city,Tokyo
to-israel,Air Ambulance TO Israel,City — Tokyo,patient transfer tokyo israel,Phrase,city,Tokyo
to-israel,Air Ambulance TO Israel,City — Tokyo,icu air ambulance tokyo,Phrase,city,Tokyo
to-israel,Air Ambulance TO Israel,City — Tokyo,emergency medical flight tokyo,Phrase,city,Tokyo
to-israel,Air Ambulance TO Israel,City — Tokyo,private air ambulance tokyo,Phrase,city,Tokyo
to-israel,Air Ambulance TO Israel,City — Tokyo,medical escort flight tokyo,Phrase,city,Tokyo
to-israel,Air Ambulance TO Israel,City — Tokyo,stretcher flight tokyo israel,Phrase,city,Tokyo
to-israel,Air Ambulance TO Israel,City — Tokyo,bed to bed medical transport tokyo,Phrase,city,Tokyo
to-israel,Air Ambulance TO Israel,City — Tokyo,air ambulance nrt to israel,Phrase,city,Tokyo
to-israel,Air Ambulance TO Israel,City — Tokyo,air ambulance israel to nrt,Phrase,city,Tokyo
to-israel,Air Ambulance TO Israel,City — Tokyo,medical flight nrt to israel,Phrase,city,Tokyo
to-israel,Air Ambulance TO Israel,City — Tokyo,medical flight from nrt to israel,Phrase,city,Tokyo
to-israel,Air Ambulance TO Israel,City — Tokyo,medical repatriation from nrt,Phrase,city,Tokyo
to-israel,Air Ambulance TO Israel,City — Tokyo,patient transfer nrt israel,Phrase,city,Tokyo
to-israel,Air Ambulance TO Israel,City — Tokyo,icu air ambulance nrt,Phrase,city,Tokyo
to-israel,Air Ambulance TO Israel,City — Tokyo,emergency medical flight nrt,Phrase,city,Tokyo
to-israel,Air Ambulance TO Israel,City — Tokyo,private air ambulance nrt,Phrase,city,Tokyo
to-israel,Air Ambulance TO Israel,City — Tokyo,medical escort flight nrt,Phrase,city,Tokyo
to-israel,Air Ambulance TO Israel,City — Tokyo,stretcher flight nrt israel,Phrase,city,Tokyo
to-israel,Air Ambulance TO Israel,City — Tokyo,bed to bed medical transport nrt,Phrase,city,Tokyo
to-israel,Air Ambulance TO Israel,City — Tokyo,air ambulance hnd to israel,Phrase,city,Tokyo
to-israel,Air Ambulance TO Israel,City — Tokyo,air ambulance israel to hnd,Phrase,city,Tokyo
to-israel,Air Ambulance TO Israel,City — Tokyo,medical flight hnd to israel,Phrase,city,Tokyo
to-israel,Air Ambulance TO Israel,City — Tokyo,medical flight from hnd to israel,Phrase,city,Tokyo
to-israel,Air Ambulance TO Israel,City — Tokyo,medical repatriation from hnd,Phrase,city,Tokyo
to-israel,Air Ambulance TO Israel,City — Tokyo,patient transfer hnd israel,Phrase,city,Tokyo
to-israel,Air Ambulance TO Israel,City — Tokyo,icu air ambulance hnd,Phrase,city,Tokyo
to-israel,Air Ambulance TO Israel,City — Tokyo,emergency medical flight hnd,Phrase,city,Tokyo
to-israel,Air Ambulance TO Israel,City — Tokyo,private air ambulance hnd,Phrase,city,Tokyo
to-israel,Air Ambulance TO Israel,City — Tokyo,medical escort flight hnd,Phrase,city,Tokyo
to-israel,Air Ambulance TO Israel,City — Tokyo,stretcher flight hnd israel,Phrase,city,Tokyo
to-israel,Air Ambulance TO Israel,City — Tokyo,bed to bed medical transport hnd,Phrase,city,Tokyo
to-israel,Air Ambulance TO Israel,City — Tokyo,air ambulance japan to israel,Phrase,city,Tokyo
to-israel,Air Ambulance TO Israel,City — Tokyo,air ambulance israel to japan,Phrase,city,Tokyo
to-israel,Air Ambulance TO Israel,City — Tokyo,medical flight japan to israel,Phrase,city,Tokyo
to-israel,Air Ambulance TO Israel,City — Tokyo,medical repatriation from japan,Phrase,city,Tokyo
to-israel,Air Ambulance TO Israel,City — Tokyo,patient transfer japan israel,Phrase,city,Tokyo
to-israel,Air Ambulance TO Israel,City — Tokyo,icu air ambulance japan,Phrase,city,Tokyo
to-israel,Air Ambulance TO Israel,City — Tokyo,emergency medical flight japan,Phrase,city,Tokyo
to-israel,Air Ambulance TO Israel,City — Tokyo,private air ambulance japan,Phrase,city,Tokyo
to-israel,Air Ambulance TO Israel,City — Tokyo,medical escort flight japan,Phrase,city,Tokyo
to-israel,Air Ambulance TO Israel,City — Tokyo,stretcher flight japan israel,Phrase,city,Tokyo
to-israel,Air Ambulance TO Israel,City — Tokyo,bed to bed medical transport japan,Phrase,city,Tokyo
from-israel,Air Ambulance FROM Israel,City — Tokyo,air ambulance from israel to tokyo,Phrase,city_from,Tokyo
from-israel,Air Ambulance FROM Israel,City — Tokyo,medical flight israel to tokyo,Phrase,city_from,Tokyo
from-israel,Air Ambulance FROM Israel,City — Tokyo,patient transfer israel to tokyo,Phrase,city_from,Tokyo
to-israel,Air Ambulance TO Israel,City — Bangkok,air ambulance bangkok to israel,Phrase,city,Bangkok
to-israel,Air Ambulance TO Israel,City — Bangkok,air ambulance israel to bangkok,Phrase,city,Bangkok
to-israel,Air Ambulance TO Israel,City — Bangkok,medical flight bangkok to israel,Phrase,city,Bangkok
to-israel,Air Ambulance TO Israel,City — Bangkok,medical flight from bangkok to israel,Phrase,city,Bangkok
to-israel,Air Ambulance TO Israel,City — Bangkok,medical repatriation from bangkok,Phrase,city,Bangkok
to-israel,Air Ambulance TO Israel,City — Bangkok,patient transfer bangkok israel,Phrase,city,Bangkok
to-israel,Air Ambulance TO Israel,City — Bangkok,icu air ambulance bangkok,Phrase,city,Bangkok
to-israel,Air Ambulance TO Israel,City — Bangkok,emergency medical flight bangkok,Phrase,city,Bangkok
to-israel,Air Ambulance TO Israel,City — Bangkok,private air ambulance bangkok,Phrase,city,Bangkok
to-israel,Air Ambulance TO Israel,City — Bangkok,medical escort flight bangkok,Phrase,city,Bangkok
to-israel,Air Ambulance TO Israel,City — Bangkok,stretcher flight bangkok israel,Phrase,city,Bangkok
to-israel,Air Ambulance TO Israel,City — Bangkok,bed to bed medical transport bangkok,Phrase,city,Bangkok
to-israel,Air Ambulance TO Israel,City — Bangkok,air ambulance bkk to israel,Phrase,city,Bangkok
to-israel,Air Ambulance TO Israel,City — Bangkok,air ambulance israel to bkk,Phrase,city,Bangkok
to-israel,Air Ambulance TO Israel,City — Bangkok,medical flight bkk to israel,Phrase,city,Bangkok
to-israel,Air Ambulance TO Israel,City — Bangkok,medical flight from bkk to israel,Phrase,city,Bangkok
to-israel,Air Ambulance TO Israel,City — Bangkok,medical repatriation from bkk,Phrase,city,Bangkok
to-israel,Air Ambulance TO Israel,City — Bangkok,patient transfer bkk israel,Phrase,city,Bangkok
to-israel,Air Ambulance TO Israel,City — Bangkok,icu air ambulance bkk,Phrase,city,Bangkok
to-israel,Air Ambulance TO Israel,City — Bangkok,emergency medical flight bkk,Phrase,city,Bangkok
to-israel,Air Ambulance TO Israel,City — Bangkok,private air ambulance bkk,Phrase,city,Bangkok
to-israel,Air Ambulance TO Israel,City — Bangkok,medical escort flight bkk,Phrase,city,Bangkok
to-israel,Air Ambulance TO Israel,City — Bangkok,stretcher flight bkk israel,Phrase,city,Bangkok
to-israel,Air Ambulance TO Israel,City — Bangkok,bed to bed medical transport bkk,Phrase,city,Bangkok
to-israel,Air Ambulance TO Israel,City — Bangkok,air ambulance thailand to israel,Phrase,city,Bangkok
to-israel,Air Ambulance TO Israel,City — Bangkok,air ambulance israel to thailand,Phrase,city,Bangkok
to-israel,Air Ambulance TO Israel,City — Bangkok,medical flight thailand to israel,Phrase,city,Bangkok
to-israel,Air Ambulance TO Israel,City — Bangkok,medical repatriation from thailand,Phrase,city,Bangkok
to-israel,Air Ambulance TO Israel,City — Bangkok,patient transfer thailand israel,Phrase,city,Bangkok
to-israel,Air Ambulance TO Israel,City — Bangkok,icu air ambulance thailand,Phrase,city,Bangkok
to-israel,Air Ambulance TO Israel,City — Bangkok,emergency medical flight thailand,Phrase,city,Bangkok
to-israel,Air Ambulance TO Israel,City — Bangkok,private air ambulance thailand,Phrase,city,Bangkok
to-israel,Air Ambulance TO Israel,City — Bangkok,medical escort flight thailand,Phrase,city,Bangkok
to-israel,Air Ambulance TO Israel,City — Bangkok,stretcher flight thailand israel,Phrase,city,Bangkok
to-israel,Air Ambulance TO Israel,City — Bangkok,bed to bed medical transport thailand,Phrase,city,Bangkok
from-israel,Air Ambulance FROM Israel,City — Bangkok,air ambulance from israel to bangkok,Phrase,city_from,Bangkok
from-israel,Air Ambulance FROM Israel,City — Bangkok,medical flight israel to bangkok,Phrase,city_from,Bangkok
from-israel,Air Ambulance FROM Israel,City — Bangkok,patient transfer israel to bangkok,Phrase,city_from,Bangkok
to-israel,Air Ambulance TO Israel,City — Phuket,air ambulance phuket to israel,Phrase,city,Phuket
to-israel,Air Ambulance TO Israel,City — Phuket,air ambulance israel to phuket,Phrase,city,Phuket
to-israel,Air Ambulance TO Israel,City — Phuket,medical flight phuket to israel,Phrase,city,Phuket
to-israel,Air Ambulance TO Israel,City — Phuket,medical flight from phuket to israel,Phrase,city,Phuket
to-israel,Air Ambulance TO Israel,City — Phuket,medical repatriation from phuket,Phrase,city,Phuket
to-israel,Air Ambulance TO Israel,City — Phuket,patient transfer phuket israel,Phrase,city,Phuket
to-israel,Air Ambulance TO Israel,City — Phuket,icu air ambulance phuket,Phrase,city,Phuket
to-israel,Air Ambulance TO Israel,City — Phuket,emergency medical flight phuket,Phrase,city,Phuket
to-israel,Air Ambulance TO Israel,City — Phuket,private air ambulance phuket,Phrase,city,Phuket
to-israel,Air Ambulance TO Israel,City — Phuket,medical escort flight phuket,Phrase,city,Phuket
to-israel,Air Ambulance TO Israel,City — Phuket,stretcher flight phuket israel,Phrase,city,Phuket
to-israel,Air Ambulance TO Israel,City — Phuket,bed to bed medical transport phuket,Phrase,city,Phuket
to-israel,Air Ambulance TO Israel,City — Phuket,air ambulance hkt to israel,Phrase,city,Phuket
to-israel,Air Ambulance TO Israel,City — Phuket,air ambulance israel to hkt,Phrase,city,Phuket
to-israel,Air Ambulance TO Israel,City — Phuket,medical flight hkt to israel,Phrase,city,Phuket
to-israel,Air Ambulance TO Israel,City — Phuket,medical flight from hkt to israel,Phrase,city,Phuket
to-israel,Air Ambulance TO Israel,City — Phuket,medical repatriation from hkt,Phrase,city,Phuket
to-israel,Air Ambulance TO Israel,City — Phuket,patient transfer hkt israel,Phrase,city,Phuket
to-israel,Air Ambulance TO Israel,City — Phuket,icu air ambulance hkt,Phrase,city,Phuket
to-israel,Air Ambulance TO Israel,City — Phuket,emergency medical flight hkt,Phrase,city,Phuket
to-israel,Air Ambulance TO Israel,City — Phuket,private air ambulance hkt,Phrase,city,Phuket
to-israel,Air Ambulance TO Israel,City — Phuket,medical escort flight hkt,Phrase,city,Phuket
to-israel,Air Ambulance TO Israel,City — Phuket,stretcher flight hkt israel,Phrase,city,Phuket
to-israel,Air Ambulance TO Israel,City — Phuket,bed to bed medical transport hkt,Phrase,city,Phuket
from-israel,Air Ambulance FROM Israel,City — Phuket,air ambulance from israel to phuket,Phrase,city_from,Phuket
from-israel,Air Ambulance FROM Israel,City — Phuket,medical flight israel to phuket,Phrase,city_from,Phuket
from-israel,Air Ambulance FROM Israel,City — Phuket,patient transfer israel to phuket,Phrase,city_from,Phuket
to-israel,Air Ambulance TO Israel,City — Singapore,air ambulance singapore to israel,Phrase,city,Singapore
to-israel,Air Ambulance TO Israel,City — Singapore,air ambulance israel to singapore,Phrase,city,Singapore
to-israel,Air Ambulance TO Israel,City — Singapore,medical flight singapore to israel,Phrase,city,Singapore
to-israel,Air Ambulance TO Israel,City — Singapore,medical repatriation from singapore,Phrase,city,Singapore
to-israel,Air Ambulance TO Israel,City — Singapore,patient transfer singapore israel,Phrase,city,Singapore
to-israel,Air Ambulance TO Israel,City — Singapore,icu air ambulance singapore,Phrase,city,Singapore
to-israel,Air Ambulance TO Israel,City — Singapore,emergency medical flight singapore,Phrase,city,Singapore
to-israel,Air Ambulance TO Israel,City — Singapore,private air ambulance singapore,Phrase,city,Singapore
to-israel,Air Ambulance TO Israel,City — Singapore,medical escort flight singapore,Phrase,city,Singapore
to-israel,Air Ambulance TO Israel,City — Singapore,stretcher flight singapore israel,Phrase,city,Singapore
to-israel,Air Ambulance TO Israel,City — Singapore,bed to bed medical transport singapore,Phrase,city,Singapore
to-israel,Air Ambulance TO Israel,City — Singapore,air ambulance sin to israel,Phrase,city,Singapore
to-israel,Air Ambulance TO Israel,City — Singapore,air ambulance israel to sin,Phrase,city,Singapore
to-israel,Air Ambulance TO Israel,City — Singapore,medical flight sin to israel,Phrase,city,Singapore
to-israel,Air Ambulance TO Israel,City — Singapore,medical flight from sin to israel,Phrase,city,Singapore
to-israel,Air Ambulance TO Israel,City — Singapore,medical repatriation from sin,Phrase,city,Singapore
to-israel,Air Ambulance TO Israel,City — Singapore,patient transfer sin israel,Phrase,city,Singapore
to-israel,Air Ambulance TO Israel,City — Singapore,icu air ambulance sin,Phrase,city,Singapore
to-israel,Air Ambulance TO Israel,City — Singapore,emergency medical flight sin,Phrase,city,Singapore
to-israel,Air Ambulance TO Israel,City — Singapore,private air ambulance sin,Phrase,city,Singapore
to-israel,Air Ambulance TO Israel,City — Singapore,medical escort flight sin,Phrase,city,Singapore
to-israel,Air Ambulance TO Israel,City — Singapore,stretcher flight sin israel,Phrase,city,Singapore
to-israel,Air Ambulance TO Israel,City — Singapore,bed to bed medical transport sin,Phrase,city,Singapore
from-israel,Air Ambulance FROM Israel,City — Singapore,air ambulance from israel to singapore,Phrase,city_from,Singapore
from-israel,Air Ambulance FROM Israel,City — Singapore,medical flight israel to singapore,Phrase,city_from,Singapore
from-israel,Air Ambulance FROM Israel,City — Singapore,patient transfer israel to singapore,Phrase,city_from,Singapore
to-israel,Air Ambulance TO Israel,City — Johannesburg,air ambulance johannesburg to israel,Phrase,city,Johannesburg
to-israel,Air Ambulance TO Israel,City — Johannesburg,air ambulance israel to johannesburg,Phrase,city,Johannesburg
to-israel,Air Ambulance TO Israel,City — Johannesburg,medical flight johannesburg to israel,Phrase,city,Johannesburg
to-israel,Air Ambulance TO Israel,City — Johannesburg,medical flight from johannesburg to israel,Phrase,city,Johannesburg
to-israel,Air Ambulance TO Israel,City — Johannesburg,medical repatriation from johannesburg,Phrase,city,Johannesburg
to-israel,Air Ambulance TO Israel,City — Johannesburg,patient transfer johannesburg israel,Phrase,city,Johannesburg
to-israel,Air Ambulance TO Israel,City — Johannesburg,icu air ambulance johannesburg,Phrase,city,Johannesburg
to-israel,Air Ambulance TO Israel,City — Johannesburg,emergency medical flight johannesburg,Phrase,city,Johannesburg
to-israel,Air Ambulance TO Israel,City — Johannesburg,private air ambulance johannesburg,Phrase,city,Johannesburg
to-israel,Air Ambulance TO Israel,City — Johannesburg,medical escort flight johannesburg,Phrase,city,Johannesburg
to-israel,Air Ambulance TO Israel,City — Johannesburg,stretcher flight johannesburg israel,Phrase,city,Johannesburg
to-israel,Air Ambulance TO Israel,City — Johannesburg,bed to bed medical transport johannesburg,Phrase,city,Johannesburg
to-israel,Air Ambulance TO Israel,City — Johannesburg,air ambulance jnb to israel,Phrase,city,Johannesburg
to-israel,Air Ambulance TO Israel,City — Johannesburg,air ambulance israel to jnb,Phrase,city,Johannesburg
to-israel,Air Ambulance TO Israel,City — Johannesburg,medical flight jnb to israel,Phrase,city,Johannesburg
to-israel,Air Ambulance TO Israel,City — Johannesburg,medical flight from jnb to israel,Phrase,city,Johannesburg
to-israel,Air Ambulance TO Israel,City — Johannesburg,medical repatriation from jnb,Phrase,city,Johannesburg
to-israel,Air Ambulance TO Israel,City — Johannesburg,patient transfer jnb israel,Phrase,city,Johannesburg
to-israel,Air Ambulance TO Israel,City — Johannesburg,icu air ambulance jnb,Phrase,city,Johannesburg
to-israel,Air Ambulance TO Israel,City — Johannesburg,emergency medical flight jnb,Phrase,city,Johannesburg
to-israel,Air Ambulance TO Israel,City — Johannesburg,private air ambulance jnb,Phrase,city,Johannesburg
to-israel,Air Ambulance TO Israel,City — Johannesburg,medical escort flight jnb,Phrase,city,Johannesburg
to-israel,Air Ambulance TO Israel,City — Johannesburg,stretcher flight jnb israel,Phrase,city,Johannesburg
to-israel,Air Ambulance TO Israel,City — Johannesburg,bed to bed medical transport jnb,Phrase,city,Johannesburg
to-israel,Air Ambulance TO Israel,City — Johannesburg,air ambulance south africa to israel,Phrase,city,Johannesburg
to-israel,Air Ambulance TO Israel,City — Johannesburg,air ambulance israel to south africa,Phrase,city,Johannesburg
to-israel,Air Ambulance TO Israel,City — Johannesburg,medical flight south africa to israel,Phrase,city,Johannesburg
to-israel,Air Ambulance TO Israel,City — Johannesburg,medical repatriation from south africa,Phrase,city,Johannesburg
to-israel,Air Ambulance TO Israel,City — Johannesburg,patient transfer south africa israel,Phrase,city,Johannesburg
to-israel,Air Ambulance TO Israel,City — Johannesburg,icu air ambulance south africa,Phrase,city,Johannesburg
to-israel,Air Ambulance TO Israel,City — Johannesburg,emergency medical flight south africa,Phrase,city,Johannesburg
to-israel,Air Ambulance TO Israel,City — Johannesburg,private air ambulance south africa,Phrase,city,Johannesburg
to-israel,Air Ambulance TO Israel,City — Johannesburg,medical escort flight south africa,Phrase,city,Johannesburg
to-israel,Air Ambulance TO Israel,City — Johannesburg,stretcher flight south africa israel,Phrase,city,Johannesburg
to-israel,Air Ambulance TO Israel,City — Johannesburg,bed to bed medical transport south africa,Phrase,city,Johannesburg
from-israel,Air Ambulance FROM Israel,City — Johannesburg,air ambulance from israel to johannesburg,Phrase,city_from,Johannesburg
from-israel,Air Ambulance FROM Israel,City — Johannesburg,medical flight israel to johannesburg,Phrase,city_from,Johannesburg
from-israel,Air Ambulance FROM Israel,City — Johannesburg,patient transfer israel to johannesburg,Phrase,city_from,Johannesburg
to-israel,Air Ambulance TO Israel,City — Casablanca,air ambulance casablanca to israel,Phrase,city,Casablanca
to-israel,Air Ambulance TO Israel,City — Casablanca,air ambulance israel to casablanca,Phrase,city,Casablanca
to-israel,Air Ambulance TO Israel,City — Casablanca,medical flight casablanca to israel,Phrase,city,Casablanca
to-israel,Air Ambulance TO Israel,City — Casablanca,medical flight from casablanca to israel,Phrase,city,Casablanca
to-israel,Air Ambulance TO Israel,City — Casablanca,medical repatriation from casablanca,Phrase,city,Casablanca
to-israel,Air Ambulance TO Israel,City — Casablanca,patient transfer casablanca israel,Phrase,city,Casablanca
to-israel,Air Ambulance TO Israel,City — Casablanca,icu air ambulance casablanca,Phrase,city,Casablanca
to-israel,Air Ambulance TO Israel,City — Casablanca,emergency medical flight casablanca,Phrase,city,Casablanca
to-israel,Air Ambulance TO Israel,City — Casablanca,private air ambulance casablanca,Phrase,city,Casablanca
to-israel,Air Ambulance TO Israel,City — Casablanca,medical escort flight casablanca,Phrase,city,Casablanca
to-israel,Air Ambulance TO Israel,City — Casablanca,stretcher flight casablanca israel,Phrase,city,Casablanca
to-israel,Air Ambulance TO Israel,City — Casablanca,bed to bed medical transport casablanca,Phrase,city,Casablanca
to-israel,Air Ambulance TO Israel,City — Casablanca,air ambulance cmn to israel,Phrase,city,Casablanca
to-israel,Air Ambulance TO Israel,City — Casablanca,air ambulance israel to cmn,Phrase,city,Casablanca
to-israel,Air Ambulance TO Israel,City — Casablanca,medical flight cmn to israel,Phrase,city,Casablanca
to-israel,Air Ambulance TO Israel,City — Casablanca,medical flight from cmn to israel,Phrase,city,Casablanca
to-israel,Air Ambulance TO Israel,City — Casablanca,medical repatriation from cmn,Phrase,city,Casablanca
to-israel,Air Ambulance TO Israel,City — Casablanca,patient transfer cmn israel,Phrase,city,Casablanca
to-israel,Air Ambulance TO Israel,City — Casablanca,icu air ambulance cmn,Phrase,city,Casablanca
to-israel,Air Ambulance TO Israel,City — Casablanca,emergency medical flight cmn,Phrase,city,Casablanca
to-israel,Air Ambulance TO Israel,City — Casablanca,private air ambulance cmn,Phrase,city,Casablanca
to-israel,Air Ambulance TO Israel,City — Casablanca,medical escort flight cmn,Phrase,city,Casablanca
to-israel,Air Ambulance TO Israel,City — Casablanca,stretcher flight cmn israel,Phrase,city,Casablanca
to-israel,Air Ambulance TO Israel,City — Casablanca,bed to bed medical transport cmn,Phrase,city,Casablanca
to-israel,Air Ambulance TO Israel,City — Casablanca,air ambulance morocco to israel,Phrase,city,Casablanca
to-israel,Air Ambulance TO Israel,City — Casablanca,air ambulance israel to morocco,Phrase,city,Casablanca
to-israel,Air Ambulance TO Israel,City — Casablanca,medical flight morocco to israel,Phrase,city,Casablanca
to-israel,Air Ambulance TO Israel,City — Casablanca,medical repatriation from morocco,Phrase,city,Casablanca
to-israel,Air Ambulance TO Israel,City — Casablanca,patient transfer morocco israel,Phrase,city,Casablanca
to-israel,Air Ambulance TO Israel,City — Casablanca,icu air ambulance morocco,Phrase,city,Casablanca
to-israel,Air Ambulance TO Israel,City — Casablanca,emergency medical flight morocco,Phrase,city,Casablanca
to-israel,Air Ambulance TO Israel,City — Casablanca,private air ambulance morocco,Phrase,city,Casablanca
to-israel,Air Ambulance TO Israel,City — Casablanca,medical escort flight morocco,Phrase,city,Casablanca
to-israel,Air Ambulance TO Israel,City — Casablanca,stretcher flight morocco israel,Phrase,city,Casablanca
to-israel,Air Ambulance TO Israel,City — Casablanca,bed to bed medical transport morocco,Phrase,city,Casablanca
from-israel,Air Ambulance FROM Israel,City — Casablanca,air ambulance from israel to casablanca,Phrase,city_from,Casablanca
from-israel,Air Ambulance FROM Israel,City — Casablanca,medical flight israel to casablanca,Phrase,city_from,Casablanca
from-israel,Air Ambulance FROM Israel,City — Casablanca,patient transfer israel to casablanca,Phrase,city_from,Casablanca
to-israel,Air Ambulance TO Israel,City — Marrakech,air ambulance marrakech to israel,Phrase,city,Marrakech
to-israel,Air Ambulance TO Israel,City — Marrakech,air ambulance israel to marrakech,Phrase,city,Marrakech
to-israel,Air Ambulance TO Israel,City — Marrakech,medical flight marrakech to israel,Phrase,city,Marrakech
to-israel,Air Ambulance TO Israel,City — Marrakech,medical flight from marrakech to israel,Phrase,city,Marrakech
to-israel,Air Ambulance TO Israel,City — Marrakech,medical repatriation from marrakech,Phrase,city,Marrakech
to-israel,Air Ambulance TO Israel,City — Marrakech,patient transfer marrakech israel,Phrase,city,Marrakech
to-israel,Air Ambulance TO Israel,City — Marrakech,icu air ambulance marrakech,Phrase,city,Marrakech
to-israel,Air Ambulance TO Israel,City — Marrakech,emergency medical flight marrakech,Phrase,city,Marrakech
to-israel,Air Ambulance TO Israel,City — Marrakech,private air ambulance marrakech,Phrase,city,Marrakech
to-israel,Air Ambulance TO Israel,City — Marrakech,medical escort flight marrakech,Phrase,city,Marrakech
to-israel,Air Ambulance TO Israel,City — Marrakech,stretcher flight marrakech israel,Phrase,city,Marrakech
to-israel,Air Ambulance TO Israel,City — Marrakech,bed to bed medical transport marrakech,Phrase,city,Marrakech
to-israel,Air Ambulance TO Israel,City — Marrakech,air ambulance rak to israel,Phrase,city,Marrakech
to-israel,Air Ambulance TO Israel,City — Marrakech,air ambulance israel to rak,Phrase,city,Marrakech
to-israel,Air Ambulance TO Israel,City — Marrakech,medical flight rak to israel,Phrase,city,Marrakech
to-israel,Air Ambulance TO Israel,City — Marrakech,medical flight from rak to israel,Phrase,city,Marrakech
to-israel,Air Ambulance TO Israel,City — Marrakech,medical repatriation from rak,Phrase,city,Marrakech
to-israel,Air Ambulance TO Israel,City — Marrakech,patient transfer rak israel,Phrase,city,Marrakech
to-israel,Air Ambulance TO Israel,City — Marrakech,icu air ambulance rak,Phrase,city,Marrakech
to-israel,Air Ambulance TO Israel,City — Marrakech,emergency medical flight rak,Phrase,city,Marrakech
to-israel,Air Ambulance TO Israel,City — Marrakech,private air ambulance rak,Phrase,city,Marrakech
to-israel,Air Ambulance TO Israel,City — Marrakech,medical escort flight rak,Phrase,city,Marrakech
to-israel,Air Ambulance TO Israel,City — Marrakech,stretcher flight rak israel,Phrase,city,Marrakech
to-israel,Air Ambulance TO Israel,City — Marrakech,bed to bed medical transport rak,Phrase,city,Marrakech
to-israel,Air Ambulance TO Israel,City — Marrakech,air ambulance marrakesh to israel,Phrase,city,Marrakech
to-israel,Air Ambulance TO Israel,City — Marrakech,air ambulance israel to marrakesh,Phrase,city,Marrakech
to-israel,Air Ambulance TO Israel,City — Marrakech,medical flight marrakesh to israel,Phrase,city,Marrakech
to-israel,Air Ambulance TO Israel,City — Marrakech,medical flight from marrakesh to israel,Phrase,city,Marrakech
to-israel,Air Ambulance TO Israel,City — Marrakech,medical repatriation from marrakesh,Phrase,city,Marrakech
to-israel,Air Ambulance TO Israel,City — Marrakech,patient transfer marrakesh israel,Phrase,city,Marrakech
to-israel,Air Ambulance TO Israel,City — Marrakech,icu air ambulance marrakesh,Phrase,city,Marrakech
to-israel,Air Ambulance TO Israel,City — Marrakech,emergency medical flight marrakesh,Phrase,city,Marrakech
to-israel,Air Ambulance TO Israel,City — Marrakech,private air ambulance marrakesh,Phrase,city,Marrakech
to-israel,Air Ambulance TO Israel,City — Marrakech,medical escort flight marrakesh,Phrase,city,Marrakech
to-israel,Air Ambulance TO Israel,City — Marrakech,stretcher flight marrakesh israel,Phrase,city,Marrakech
to-israel,Air Ambulance TO Israel,City — Marrakech,bed to bed medical transport marrakesh,Phrase,city,Marrakech
from-israel,Air Ambulance FROM Israel,City — Marrakech,air ambulance from israel to marrakech,Phrase,city_from,Marrakech
from-israel,Air Ambulance FROM Israel,City — Marrakech,medical flight israel to marrakech,Phrase,city_from,Marrakech
from-israel,Air Ambulance FROM Israel,City — Marrakech,patient transfer israel to marrakech,Phrase,city_from,Marrakech
