Campaign,Ad Group,Keyword,Criterion Type,Max CPC,Final URL,campaign_id,source_theme,geo_level
IAA | Search | Air Ambulance TO Israel,Core High Intent,air ambulance to israel,Exact,,https://ambulancenter.com/,to-israel,to_israel,global
IAA | Search | Air Ambulance TO Israel,Core High Intent,air ambulance to israel,Phrase,,https://ambulancenter.com/,to-israel,to_israel,global
IAA | Search | Air Ambulance TO Israel,Core High Intent,medical flight to israel,Exact,,https://ambulancenter.com/,to-israel,to_israel,global
IAA | Search | Air Ambulance TO Israel,Core High Intent,medical flight to israel,Phrase,,https://ambulancenter.com/,to-israel,to_israel,global
IAA | Search | Air Ambulance TO Israel,Core High Intent,fly patient to israel,Exact,,https://ambulancenter.com/,to-israel,to_israel,global
IAA | Search | Air Ambulance TO Israel,Core High Intent,fly patient to israel,Phrase,,https://ambulancenter.com/,to-israel,to_israel,global
IAA | Search | Air Ambulance TO Israel,Core High Intent,medical repatriation to israel,Exact,,https://ambulancenter.com/,to-israel,to_israel,global
IAA | Search | Air Ambulance TO Israel,Core High Intent,medical repatriation to israel,Phrase,,https://ambulancenter.com/,to-israel,to_israel,global
IAA | Search | Air Ambulance TO Israel,Core High Intent,emergency medical flight to israel,Exact,,https://ambulancenter.com/,to-israel,to_israel,global
IAA | Search | Air Ambulance TO Israel,Core High Intent,emergency medical flight to israel,Phrase,,https://ambulancenter.com/,to-israel,to_israel,global
IAA | Search | Air Ambulance TO Israel,Core High Intent,private air ambulance to israel,Exact,,https://ambulancenter.com/,to-israel,to_israel,global
IAA | Search | Air Ambulance TO Israel,Core High Intent,private air ambulance to israel,Phrase,,https://ambulancenter.com/,to-israel,to_israel,global
IAA | Search | Air Ambulance TO Israel,Core High Intent,icu air ambulance to israel,Exact,,https://ambulancenter.com/,to-israel,to_israel,global
IAA | Search | Air Ambulance TO Israel,Core High Intent,icu air ambulance to israel,Phrase,,https://ambulancenter.com/,to-israel,to_israel,global
IAA | Search | Air Ambulance TO Israel,Core High Intent,patient transfer to israel,Exact,,https://ambulancenter.com/,to-israel,to_israel,global
IAA | Search | Air Ambulance TO Israel,Core High Intent,patient transfer to israel,Phrase,,https://ambulancenter.com/,to-israel,to_israel,global
IAA | Search | Air Ambulance TO Israel,Core High Intent,medical transport to israel,Exact,,https://ambulancenter.com/,to-israel,to_israel,global
IAA | Search | Air Ambulance TO Israel,Core High Intent,medical transport to israel,Phrase,,https://ambulancenter.com/,to-israel,to_israel,global
IAA | Search | Air Ambulance TO Israel,Core High Intent,critical care flight to israel,Exact,,https://ambulancenter.com/,to-israel,to_israel,global
IAA | Search | Air Ambulance TO Israel,Core High Intent,critical care flight to israel,Phrase,,https://ambulancenter.com/,to-israel,to_israel,global
IAA | Search | Air Ambulance TO Israel,Core High Intent,air ambulance israel from abroad,Exact,,https://ambulancenter.com/,to-israel,to_israel,global
IAA | Search | Air Ambulance TO Israel,Core High Intent,air ambulance israel from abroad,Phrase,,https://ambulancenter.com/,to-israel,to_israel,global
IAA | Search | Air Ambulance TO Israel,Core High Intent,bring patient home to israel,Exact,,https://ambulancenter.com/,to-israel,to_israel,global
IAA | Search | Air Ambulance TO Israel,Core High Intent,bring patient home to israel,Phrase,,https://ambulancenter.com/,to-israel,to_israel,global
IAA | Search | Air Ambulance TO Israel,Core High Intent,medical evacuation to israel,Exact,,https://ambulancenter.com/,to-israel,to_israel,global
IAA | Search | Air Ambulance TO Israel,Core High Intent,medical evacuation to israel,Phrase,,https://ambulancenter.com/,to-israel,to_israel,global
IAA | Search | Air Ambulance TO Israel,Core High Intent,medevac to israel,Exact,,https://ambulancenter.com/,to-israel,to_israel,global
IAA | Search | Air Ambulance TO Israel,Core High Intent,medevac to israel,Phrase,,https://ambulancenter.com/,to-israel,to_israel,global
IAA | Search | Air Ambulance TO Israel,Core High Intent,international air ambulance israel,Exact,,https://ambulancenter.com/,to-israel,to_israel,global
IAA | Search | Air Ambulance TO Israel,Core High Intent,international air ambulance israel,Phrase,,https://ambulancenter.com/,to-israel,to_israel,global
IAA | Search | Air Ambulance TO Israel,Core High Intent,air ambulance tel aviv,Exact,,https://ambulancenter.com/,to-israel,to_israel,global
IAA | Search | Air Ambulance TO Israel,Core High Intent,air ambulance tel aviv,Phrase,,https://ambulancenter.com/,to-israel,to_israel,global
IAA | Search | Air Ambulance TO Israel,Core High Intent,medical flight tel aviv,Exact,,https://ambulancenter.com/,to-israel,to_israel,global
IAA | Search | Air Ambulance TO Israel,Core High Intent,medical flight tel aviv,Phrase,,https://ambulancenter.com/,to-israel,to_israel,global
IAA | Search | Air Ambulance TO Israel,Core High Intent,air ambulance jerusalem,Exact,,https://ambulancenter.com/,to-israel,to_israel,global
IAA | Search | Air Ambulance TO Israel,Core High Intent,air ambulance jerusalem,Phrase,,https://ambulancenter.com/,to-israel,to_israel,global
IAA | Search | Air Ambulance TO Israel,Country — United States,air ambulance from united states to israel,Exact,,https://ambulancenter.com/,to-israel,country,US
IAA | Search | Air Ambulance TO Israel,Country — United States,air ambulance from united states to israel,Phrase,,https://ambulancenter.com/,to-israel,country,US
IAA | Search | Air Ambulance TO Israel,Country — United States,air ambulance to israel from united states,Exact,,https://ambulancenter.com/,to-israel,country,US
IAA | Search | Air Ambulance TO Israel,Country — United States,air ambulance to israel from united states,Phrase,,https://ambulancenter.com/,to-israel,country,US
IAA | Search | Air Ambulance TO Israel,Country — United States,medical flight from united states to israel,Exact,,https://ambulancenter.com/,to-israel,country,US
IAA | Search | Air Ambulance TO Israel,Country — United States,medical flight from united states to israel,Phrase,,https://ambulancenter.com/,to-israel,country,US
IAA | Search | Air Ambulance TO Israel,Country — United States,medical repatriation from united states to israel,Exact,,https://ambulancenter.com/,to-israel,country,US
IAA | Search | Air Ambulance TO Israel,Country — United States,medical repatriation from united states to israel,Phrase,,https://ambulancenter.com/,to-israel,country,US
IAA | Search | Air Ambulance TO Israel,Country — United States,private air ambulance united states israel,Exact,,https://ambulancenter.com/,to-israel,country,US
IAA | Search | Air Ambulance TO Israel,Country — United States,private air ambulance united states israel,Phrase,,https://ambulancenter.com/,to-israel,country,US
IAA | Search | Air Ambulance TO Israel,Country — United States,emergency medical flight united states israel,Exact,,https://ambulancenter.com/,to-israel,country,US
IAA | Search | Air Ambulance TO Israel,Country — United States,emergency medical flight united states israel,Phrase,,https://ambulancenter.com/,to-israel,country,US
IAA | Search | Air Ambulance TO Israel,Country — United States,icu air ambulance united states to israel,Exact,,https://ambulancenter.com/,to-israel,country,US
IAA | Search | Air Ambulance TO Israel,Country — United States,icu air ambulance united states to israel,Phrase,,https://ambulancenter.com/,to-israel,country,US
IAA | Search | Air Ambulance TO Israel,Country — United States,patient transfer from united states to israel,Exact,,https://ambulancenter.com/,to-israel,country,US
IAA | Search | Air Ambulance TO Israel,Country — United States,patient transfer from united states to israel,Phrase,,https://ambulancenter.com/,to-israel,country,US
IAA | Search | Air Ambulance TO Israel,Country — United States,medical escort from united states to israel,Exact,,https://ambulancenter.com/,to-israel,country,US
IAA | Search | Air Ambulance TO Israel,Country — United States,medical escort from united states to israel,Phrase,,https://ambulancenter.com/,to-israel,country,US
IAA | Search | Air Ambulance TO Israel,Country — United States,air ambulance from israel to united states,Exact,,https://ambulancenter.com/,to-israel,country,US
IAA | Search | Air Ambulance TO Israel,Country — United States,air ambulance from israel to united states,Phrase,,https://ambulancenter.com/,to-israel,country,US
IAA | Search | Air Ambulance TO Israel,Country — Canada,air ambulance from canada to israel,Exact,,https://ambulancenter.com/,to-israel,country,CA
IAA | Search | Air Ambulance TO Israel,Country — Canada,air ambulance from canada to israel,Phrase,,https://ambulancenter.com/,to-israel,country,CA
IAA | Search | Air Ambulance TO Israel,Country — Canada,air ambulance to israel from canada,Exact,,https://ambulancenter.com/,to-israel,country,CA
IAA | Search | Air Ambulance TO Israel,Country — Canada,air ambulance to israel from canada,Phrase,,https://ambulancenter.com/,to-israel,country,CA
IAA | Search | Air Ambulance TO Israel,Country — Canada,medical flight from canada to israel,Exact,,https://ambulancenter.com/,to-israel,country,CA
IAA | Search | Air Ambulance TO Israel,Country — Canada,medical flight from canada to israel,Phrase,,https://ambulancenter.com/,to-israel,country,CA
IAA | Search | Air Ambulance TO Israel,Country — Canada,medical repatriation from canada to israel,Exact,,https://ambulancenter.com/,to-israel,country,CA
IAA | Search | Air Ambulance TO Israel,Country — Canada,medical repatriation from canada to israel,Phrase,,https://ambulancenter.com/,to-israel,country,CA
IAA | Search | Air Ambulance TO Israel,Country — Canada,private air ambulance canada israel,Exact,,https://ambulancenter.com/,to-israel,country,CA
IAA | Search | Air Ambulance TO Israel,Country — Canada,private air ambulance canada israel,Phrase,,https://ambulancenter.com/,to-israel,country,CA
IAA | Search | Air Ambulance TO Israel,Country — Canada,emergency medical flight canada israel,Exact,,https://ambulancenter.com/,to-israel,country,CA
IAA | Search | Air Ambulance TO Israel,Country — Canada,emergency medical flight canada israel,Phrase,,https://ambulancenter.com/,to-israel,country,CA
IAA | Search | Air Ambulance TO Israel,Country — Canada,icu air ambulance canada to israel,Exact,,https://ambulancenter.com/,to-israel,country,CA
IAA | Search | Air Ambulance TO Israel,Country — Canada,icu air ambulance canada to israel,Phrase,,https://ambulancenter.com/,to-israel,country,CA
IAA | Search | Air Ambulance TO Israel,Country — Canada,patient transfer from canada to israel,Exact,,https://ambulancenter.com/,to-israel,country,CA
IAA | Search | Air Ambulance TO Israel,Country — Canada,patient transfer from canada to israel,Phrase,,https://ambulancenter.com/,to-israel,country,CA
IAA | Search | Air Ambulance TO Israel,Country — Canada,medical escort from canada to israel,Exact,,https://ambulancenter.com/,to-israel,country,CA
IAA | Search | Air Ambulance TO Israel,Country — Canada,medical escort from canada to israel,Phrase,,https://ambulancenter.com/,to-israel,country,CA
IAA | Search | Air Ambulance TO Israel,Country — Canada,air ambulance from israel to canada,Exact,,https://ambulancenter.com/,to-israel,country,CA
IAA | Search | Air Ambulance TO Israel,Country — Canada,air ambulance from israel to canada,Phrase,,https://ambulancenter.com/,to-israel,country,CA
IAA | Search | Air Ambulance TO Israel,Country — United Kingdom,air ambulance from united kingdom to israel,Exact,,https://ambulancenter.com/,to-israel,country,GB
IAA | Search | Air Ambulance TO Israel,Country — United Kingdom,air ambulance from united kingdom to israel,Phrase,,https://ambulancenter.com/,to-israel,country,GB
IAA | Search | Air Ambulance TO Israel,Country — United Kingdom,air ambulance to israel from united kingdom,Exact,,https://ambulancenter.com/,to-israel,country,GB
IAA | Search | Air Ambulance TO Israel,Country — United Kingdom,air ambulance to israel from united kingdom,Phrase,,https://ambulancenter.com/,to-israel,country,GB
IAA | Search | Air Ambulance TO Israel,Country — United Kingdom,medical flight from united kingdom to israel,Exact,,https://ambulancenter.com/,to-israel,country,GB
IAA | Search | Air Ambulance TO Israel,Country — United Kingdom,medical flight from united kingdom to israel,Phrase,,https://ambulancenter.com/,to-israel,country,GB
IAA | Search | Air Ambulance TO Israel,Country — United Kingdom,medical repatriation from united kingdom to israel,Exact,,https://ambulancenter.com/,to-israel,country,GB
IAA | Search | Air Ambulance TO Israel,Country — United Kingdom,medical repatriation from united kingdom to israel,Phrase,,https://ambulancenter.com/,to-israel,country,GB
IAA | Search | Air Ambulance TO Israel,Country — United Kingdom,private air ambulance united kingdom israel,Exact,,https://ambulancenter.com/,to-israel,country,GB
IAA | Search | Air Ambulance TO Israel,Country — United Kingdom,private air ambulance united kingdom israel,Phrase,,https://ambulancenter.com/,to-israel,country,GB
IAA | Search | Air Ambulance TO Israel,Country — United Kingdom,emergency medical flight united kingdom israel,Exact,,https://ambulancenter.com/,to-israel,country,GB
IAA | Search | Air Ambulance TO Israel,Country — United Kingdom,emergency medical flight united kingdom israel,Phrase,,https://ambulancenter.com/,to-israel,country,GB
IAA | Search | Air Ambulance TO Israel,Country — United Kingdom,icu air ambulance united kingdom to israel,Exact,,https://ambulancenter.com/,to-israel,country,GB
IAA | Search | Air Ambulance TO Israel,Country — United Kingdom,icu air ambulance united kingdom to israel,Phrase,,https://ambulancenter.com/,to-israel,country,GB
IAA | Search | Air Ambulance TO Israel,Country — United Kingdom,patient transfer from united kingdom to israel,Exact,,https://ambulancenter.com/,to-israel,country,GB
IAA | Search | Air Ambulance TO Israel,Country — United Kingdom,patient transfer from united kingdom to israel,Phrase,,https://ambulancenter.com/,to-israel,country,GB
IAA | Search | Air Ambulance TO Israel,Country — United Kingdom,medical escort from united kingdom to israel,Exact,,https://ambulancenter.com/,to-israel,country,GB
IAA | Search | Air Ambulance TO Israel,Country — United Kingdom,medical escort from united kingdom to israel,Phrase,,https://ambulancenter.com/,to-israel,country,GB
IAA | Search | Air Ambulance TO Israel,Country — United Kingdom,air ambulance from israel to united kingdom,Exact,,https://ambulancenter.com/,to-israel,country,GB
IAA | Search | Air Ambulance TO Israel,Country — United Kingdom,air ambulance from israel to united kingdom,Phrase,,https://ambulancenter.com/,to-israel,country,GB
IAA | Search | Air Ambulance TO Israel,Country — France,air ambulance from france to israel,Exact,,https://ambulancenter.com/,to-israel,country,FR
IAA | Search | Air Ambulance TO Israel,Country — France,air ambulance from france to israel,Phrase,,https://ambulancenter.com/,to-israel,country,FR
IAA | Search | Air Ambulance TO Israel,Country — France,air ambulance to israel from france,Exact,,https://ambulancenter.com/,to-israel,country,FR
IAA | Search | Air Ambulance TO Israel,Country — France,air ambulance to israel from france,Phrase,,https://ambulancenter.com/,to-israel,country,FR
IAA | Search | Air Ambulance TO Israel,Country — France,medical flight from france to israel,Exact,,https://ambulancenter.com/,to-israel,country,FR
IAA | Search | Air Ambulance TO Israel,Country — France,medical flight from france to israel,Phrase,,https://ambulancenter.com/,to-israel,country,FR
IAA | Search | Air Ambulance TO Israel,Country — France,medical repatriation from france to israel,Exact,,https://ambulancenter.com/,to-israel,country,FR
IAA | Search | Air Ambulance TO Israel,Country — France,medical repatriation from france to israel,Phrase,,https://ambulancenter.com/,to-israel,country,FR
IAA | Search | Air Ambulance TO Israel,Country — France,private air ambulance france israel,Exact,,https://ambulancenter.com/,to-israel,country,FR
IAA | Search | Air Ambulance TO Israel,Country — France,private air ambulance france israel,Phrase,,https://ambulancenter.com/,to-israel,country,FR
IAA | Search | Air Ambulance TO Israel,Country — France,emergency medical flight france israel,Exact,,https://ambulancenter.com/,to-israel,country,FR
IAA | Search | Air Ambulance TO Israel,Country — France,emergency medical flight france israel,Phrase,,https://ambulancenter.com/,to-israel,country,FR
IAA | Search | Air Ambulance TO Israel,Country — France,icu air ambulance france to israel,Exact,,https://ambulancenter.com/,to-israel,country,FR
IAA | Search | Air Ambulance TO Israel,Country — France,icu air ambulance france to israel,Phrase,,https://ambulancenter.com/,to-israel,country,FR
IAA | Search | Air Ambulance TO Israel,Country — France,patient transfer from france to israel,Exact,,https://ambulancenter.com/,to-israel,country,FR
IAA | Search | Air Ambulance TO Israel,Country — France,patient transfer from france to israel,Phrase,,https://ambulancenter.com/,to-israel,country,FR
IAA | Search | Air Ambulance TO Israel,Country — France,medical escort from france to israel,Exact,,https://ambulancenter.com/,to-israel,country,FR
IAA | Search | Air Ambulance TO Israel,Country — France,medical escort from france to israel,Phrase,,https://ambulancenter.com/,to-israel,country,FR
IAA | Search | Air Ambulance TO Israel,Country — France,air ambulance from israel to france,Exact,,https://ambulancenter.com/,to-israel,country,FR
IAA | Search | Air Ambulance TO Israel,Country — France,air ambulance from israel to france,Phrase,,https://ambulancenter.com/,to-israel,country,FR
IAA | Search | Air Ambulance TO Israel,Country — Germany,air ambulance from germany to israel,Exact,,https://ambulancenter.com/,to-israel,country,DE
IAA | Search | Air Ambulance TO Israel,Country — Germany,air ambulance from germany to israel,Phrase,,https://ambulancenter.com/,to-israel,country,DE
IAA | Search | Air Ambulance TO Israel,Country — Germany,air ambulance to israel from germany,Exact,,https://ambulancenter.com/,to-israel,country,DE
IAA | Search | Air Ambulance TO Israel,Country — Germany,air ambulance to israel from germany,Phrase,,https://ambulancenter.com/,to-israel,country,DE
IAA | Search | Air Ambulance TO Israel,Country — Germany,medical flight from germany to israel,Exact,,https://ambulancenter.com/,to-israel,country,DE
IAA | Search | Air Ambulance TO Israel,Country — Germany,medical flight from germany to israel,Phrase,,https://ambulancenter.com/,to-israel,country,DE
IAA | Search | Air Ambulance TO Israel,Country — Germany,medical repatriation from germany to israel,Exact,,https://ambulancenter.com/,to-israel,country,DE
IAA | Search | Air Ambulance TO Israel,Country — Germany,medical repatriation from germany to israel,Phrase,,https://ambulancenter.com/,to-israel,country,DE
IAA | Search | Air Ambulance TO Israel,Country — Germany,private air ambulance germany israel,Exact,,https://ambulancenter.com/,to-israel,country,DE
IAA | Search | Air Ambulance TO Israel,Country — Germany,private air ambulance germany israel,Phrase,,https://ambulancenter.com/,to-israel,country,DE
IAA | Search | Air Ambulance TO Israel,Country — Germany,emergency medical flight germany israel,Exact,,https://ambulancenter.com/,to-israel,country,DE
IAA | Search | Air Ambulance TO Israel,Country — Germany,emergency medical flight germany israel,Phrase,,https://ambulancenter.com/,to-israel,country,DE
IAA | Search | Air Ambulance TO Israel,Country — Germany,icu air ambulance germany to israel,Exact,,https://ambulancenter.com/,to-israel,country,DE
IAA | Search | Air Ambulance TO Israel,Country — Germany,icu air ambulance germany to israel,Phrase,,https://ambulancenter.com/,to-israel,country,DE
IAA | Search | Air Ambulance TO Israel,Country — Germany,patient transfer from germany to israel,Exact,,https://ambulancenter.com/,to-israel,country,DE
IAA | Search | Air Ambulance TO Israel,Country — Germany,patient transfer from germany to israel,Phrase,,https://ambulancenter.com/,to-israel,country,DE
IAA | Search | Air Ambulance TO Israel,Country — Germany,medical escort from germany to israel,Exact,,https://ambulancenter.com/,to-israel,country,DE
IAA | Search | Air Ambulance TO Israel,Country — Germany,medical escort from germany to israel,Phrase,,https://ambulancenter.com/,to-israel,country,DE
IAA | Search | Air Ambulance TO Israel,Country — Germany,air ambulance from israel to germany,Exact,,https://ambulancenter.com/,to-israel,country,DE
IAA | Search | Air Ambulance TO Israel,Country — Germany,air ambulance from israel to germany,Phrase,,https://ambulancenter.com/,to-israel,country,DE
IAA | Search | Air Ambulance TO Israel,Country — Switzerland,air ambulance from switzerland to israel,Exact,,https://ambulancenter.com/,to-israel,country,CH
IAA | Search | Air Ambulance TO Israel,Country — Switzerland,air ambulance from switzerland to israel,Phrase,,https://ambulancenter.com/,to-israel,country,CH
IAA | Search | Air Ambulance TO Israel,Country — Switzerland,air ambulance to israel from switzerland,Exact,,https://ambulancenter.com/,to-israel,country,CH
IAA | Search | Air Ambulance TO Israel,Country — Switzerland,air ambulance to israel from switzerland,Phrase,,https://ambulancenter.com/,to-israel,country,CH
IAA | Search | Air Ambulance TO Israel,Country — Switzerland,medical flight from switzerland to israel,Exact,,https://ambulancenter.com/,to-israel,country,CH
IAA | Search | Air Ambulance TO Israel,Country — Switzerland,medical flight from switzerland to israel,Phrase,,https://ambulancenter.com/,to-israel,country,CH
IAA | Search | Air Ambulance TO Israel,Country — Switzerland,medical repatriation from switzerland to israel,Exact,,https://ambulancenter.com/,to-israel,country,CH
IAA | Search | Air Ambulance TO Israel,Country — Switzerland,medical repatriation from switzerland to israel,Phrase,,https://ambulancenter.com/,to-israel,country,CH
IAA | Search | Air Ambulance TO Israel,Country — Switzerland,private air ambulance switzerland israel,Exact,,https://ambulancenter.com/,to-israel,country,CH
IAA | Search | Air Ambulance TO Israel,Country — Switzerland,private air ambulance switzerland israel,Phrase,,https://ambulancenter.com/,to-israel,country,CH
IAA | Search | Air Ambulance TO Israel,Country — Switzerland,emergency medical flight switzerland israel,Exact,,https://ambulancenter.com/,to-israel,country,CH
IAA | Search | Air Ambulance TO Israel,Country — Switzerland,emergency medical flight switzerland israel,Phrase,,https://ambulancenter.com/,to-israel,country,CH
IAA | Search | Air Ambulance TO Israel,Country — Switzerland,icu air ambulance switzerland to israel,Exact,,https://ambulancenter.com/,to-israel,country,CH
IAA | Search | Air Ambulance TO Israel,Country — Switzerland,icu air ambulance switzerland to israel,Phrase,,https://ambulancenter.com/,to-israel,country,CH
IAA | Search | Air Ambulance TO Israel,Country — Switzerland,patient transfer from switzerland to israel,Exact,,https://ambulancenter.com/,to-israel,country,CH
IAA | Search | Air Ambulance TO Israel,Country — Switzerland,patient transfer from switzerland to israel,Phrase,,https://ambulancenter.com/,to-israel,country,CH
IAA | Search | Air Ambulance TO Israel,Country — Switzerland,medical escort from switzerland to israel,Exact,,https://ambulancenter.com/,to-israel,country,CH
IAA | Search | Air Ambulance TO Israel,Country — Switzerland,medical escort from switzerland to israel,Phrase,,https://ambulancenter.com/,to-israel,country,CH
IAA | Search | Air Ambulance TO Israel,Country — Switzerland,air ambulance from israel to switzerland,Exact,,https://ambulancenter.com/,to-israel,country,CH
IAA | Search | Air Ambulance TO Israel,Country — Switzerland,air ambulance from israel to switzerland,Phrase,,https://ambulancenter.com/,to-israel,country,CH
IAA | Search | Air Ambulance TO Israel,Country — Italy,air ambulance from italy to israel,Exact,,https://ambulancenter.com/,to-israel,country,IT
IAA | Search | Air Ambulance TO Israel,Country — Italy,air ambulance from italy to israel,Phrase,,https://ambulancenter.com/,to-israel,country,IT
IAA | Search | Air Ambulance TO Israel,Country — Italy,air ambulance to israel from italy,Exact,,https://ambulancenter.com/,to-israel,country,IT
IAA | Search | Air Ambulance TO Israel,Country — Italy,air ambulance to israel from italy,Phrase,,https://ambulancenter.com/,to-israel,country,IT
IAA | Search | Air Ambulance TO Israel,Country — Italy,medical flight from italy to israel,Exact,,https://ambulancenter.com/,to-israel,country,IT
IAA | Search | Air Ambulance TO Israel,Country — Italy,medical flight from italy to israel,Phrase,,https://ambulancenter.com/,to-israel,country,IT
IAA | Search | Air Ambulance TO Israel,Country — Italy,medical repatriation from italy to israel,Exact,,https://ambulancenter.com/,to-israel,country,IT
IAA | Search | Air Ambulance TO Israel,Country — Italy,medical repatriation from italy to israel,Phrase,,https://ambulancenter.com/,to-israel,country,IT
IAA | Search | Air Ambulance TO Israel,Country — Italy,private air ambulance italy israel,Exact,,https://ambulancenter.com/,to-israel,country,IT
IAA | Search | Air Ambulance TO Israel,Country — Italy,private air ambulance italy israel,Phrase,,https://ambulancenter.com/,to-israel,country,IT
IAA | Search | Air Ambulance TO Israel,Country — Italy,emergency medical flight italy israel,Exact,,https://ambulancenter.com/,to-israel,country,IT
IAA | Search | Air Ambulance TO Israel,Country — Italy,emergency medical flight italy israel,Phrase,,https://ambulancenter.com/,to-israel,country,IT
IAA | Search | Air Ambulance TO Israel,Country — Italy,icu air ambulance italy to israel,Exact,,https://ambulancenter.com/,to-israel,country,IT
IAA | Search | Air Ambulance TO Israel,Country — Italy,icu air ambulance italy to israel,Phrase,,https://ambulancenter.com/,to-israel,country,IT
IAA | Search | Air Ambulance TO Israel,Country — Italy,patient transfer from italy to israel,Exact,,https://ambulancenter.com/,to-israel,country,IT
IAA | Search | Air Ambulance TO Israel,Country — Italy,patient transfer from italy to israel,Phrase,,https://ambulancenter.com/,to-israel,country,IT
IAA | Search | Air Ambulance TO Israel,Country — Italy,medical escort from italy to israel,Exact,,https://ambulancenter.com/,to-israel,country,IT
IAA | Search | Air Ambulance TO Israel,Country — Italy,medical escort from italy to israel,Phrase,,https://ambulancenter.com/,to-israel,country,IT
IAA | Search | Air Ambulance TO Israel,Country — Italy,air ambulance from israel to italy,Exact,,https://ambulancenter.com/,to-israel,country,IT
IAA | Search | Air Ambulance TO Israel,Country — Italy,air ambulance from israel to italy,Phrase,,https://ambulancenter.com/,to-israel,country,IT
IAA | Search | Air Ambulance TO Israel,Country — Austria,air ambulance from austria to israel,Exact,,https://ambulancenter.com/,to-israel,country,AT
IAA | Search | Air Ambulance TO Israel,Country — Austria,air ambulance from austria to israel,Phrase,,https://ambulancenter.com/,to-israel,country,AT
IAA | Search | Air Ambulance TO Israel,Country — Austria,air ambulance to israel from austria,Exact,,https://ambulancenter.com/,to-israel,country,AT
IAA | Search | Air Ambulance TO Israel,Country — Austria,air ambulance to israel from austria,Phrase,,https://ambulancenter.com/,to-israel,country,AT
IAA | Search | Air Ambulance TO Israel,Country — Austria,medical flight from austria to israel,Exact,,https://ambulancenter.com/,to-israel,country,AT
IAA | Search | Air Ambulance TO Israel,Country — Austria,medical flight from austria to israel,Phrase,,https://ambulancenter.com/,to-israel,country,AT
IAA | Search | Air Ambulance TO Israel,Country — Austria,medical repatriation from austria to israel,Exact,,https://ambulancenter.com/,to-israel,country,AT
IAA | Search | Air Ambulance TO Israel,Country — Austria,medical repatriation from austria to israel,Phrase,,https://ambulancenter.com/,to-israel,country,AT
IAA | Search | Air Ambulance TO Israel,Country — Austria,private air ambulance austria israel,Exact,,https://ambulancenter.com/,to-israel,country,AT
IAA | Search | Air Ambulance TO Israel,Country — Austria,private air ambulance austria israel,Phrase,,https://ambulancenter.com/,to-israel,country,AT
IAA | Search | Air Ambulance TO Israel,Country — Austria,emergency medical flight austria israel,Exact,,https://ambulancenter.com/,to-israel,country,AT
IAA | Search | Air Ambulance TO Israel,Country — Austria,emergency medical flight austria israel,Phrase,,https://ambulancenter.com/,to-israel,country,AT
IAA | Search | Air Ambulance TO Israel,Country — Austria,icu air ambulance austria to israel,Exact,,https://ambulancenter.com/,to-israel,country,AT
IAA | Search | Air Ambulance TO Israel,Country — Austria,icu air ambulance austria to israel,Phrase,,https://ambulancenter.com/,to-israel,country,AT
IAA | Search | Air Ambulance TO Israel,Country — Austria,patient transfer from austria to israel,Exact,,https://ambulancenter.com/,to-israel,country,AT
IAA | Search | Air Ambulance TO Israel,Country — Austria,patient transfer from austria to israel,Phrase,,https://ambulancenter.com/,to-israel,country,AT
IAA | Search | Air Ambulance TO Israel,Country — Austria,medical escort from austria to israel,Exact,,https://ambulancenter.com/,to-israel,country,AT
IAA | Search | Air Ambulance TO Israel,Country — Austria,medical escort from austria to israel,Phrase,,https://ambulancenter.com/,to-israel,country,AT
IAA | Search | Air Ambulance TO Israel,Country — Austria,air ambulance from israel to austria,Exact,,https://ambulancenter.com/,to-israel,country,AT
IAA | Search | Air Ambulance TO Israel,Country — Austria,air ambulance from israel to austria,Phrase,,https://ambulancenter.com/,to-israel,country,AT
IAA | Search | Air Ambulance TO Israel,Country — Greece,air ambulance from greece to israel,Exact,,https://ambulancenter.com/,to-israel,country,GR
IAA | Search | Air Ambulance TO Israel,Country — Greece,air ambulance from greece to israel,Phrase,,https://ambulancenter.com/,to-israel,country,GR
IAA | Search | Air Ambulance TO Israel,Country — Greece,air ambulance to israel from greece,Exact,,https://ambulancenter.com/,to-israel,country,GR
IAA | Search | Air Ambulance TO Israel,Country — Greece,air ambulance to israel from greece,Phrase,,https://ambulancenter.com/,to-israel,country,GR
IAA | Search | Air Ambulance TO Israel,Country — Greece,medical flight from greece to israel,Exact,,https://ambulancenter.com/,to-israel,country,GR
IAA | Search | Air Ambulance TO Israel,Country — Greece,medical flight from greece to israel,Phrase,,https://ambulancenter.com/,to-israel,country,GR
IAA | Search | Air Ambulance TO Israel,Country — Greece,medical repatriation from greece to israel,Exact,,https://ambulancenter.com/,to-israel,country,GR
IAA | Search | Air Ambulance TO Israel,Country — Greece,medical repatriation from greece to israel,Phrase,,https://ambulancenter.com/,to-israel,country,GR
IAA | Search | Air Ambulance TO Israel,Country — Greece,private air ambulance greece israel,Exact,,https://ambulancenter.com/,to-israel,country,GR
IAA | Search | Air Ambulance TO Israel,Country — Greece,private air ambulance greece israel,Phrase,,https://ambulancenter.com/,to-israel,country,GR
IAA | Search | Air Ambulance TO Israel,Country — Greece,emergency medical flight greece israel,Exact,,https://ambulancenter.com/,to-israel,country,GR
IAA | Search | Air Ambulance TO Israel,Country — Greece,emergency medical flight greece israel,Phrase,,https://ambulancenter.com/,to-israel,country,GR
IAA | Search | Air Ambulance TO Israel,Country — Greece,icu air ambulance greece to israel,Exact,,https://ambulancenter.com/,to-israel,country,GR
IAA | Search | Air Ambulance TO Israel,Country — Greece,icu air ambulance greece to israel,Phrase,,https://ambulancenter.com/,to-israel,country,GR
IAA | Search | Air Ambulance TO Israel,Country — Greece,patient transfer from greece to israel,Exact,,https://ambulancenter.com/,to-israel,country,GR
IAA | Search | Air Ambulance TO Israel,Country — Greece,patient transfer from greece to israel,Phrase,,https://ambulancenter.com/,to-israel,country,GR
IAA | Search | Air Ambulance TO Israel,Country — Greece,medical escort from greece to israel,Exact,,https://ambulancenter.com/,to-israel,country,GR
IAA | Search | Air Ambulance TO Israel,Country — Greece,medical escort from greece to israel,Phrase,,https://ambulancenter.com/,to-israel,country,GR
IAA | Search | Air Ambulance TO Israel,Country — Greece,air ambulance from israel to greece,Exact,,https://ambulancenter.com/,to-israel,country,GR
IAA | Search | Air Ambulance TO Israel,Country — Greece,air ambulance from israel to greece,Phrase,,https://ambulancenter.com/,to-israel,country,GR
IAA | Search | Air Ambulance TO Israel,Country — Cyprus,air ambulance from cyprus to israel,Exact,,https://ambulancenter.com/,to-israel,country,CY
IAA | Search | Air Ambulance TO Israel,Country — Cyprus,air ambulance from cyprus to israel,Phrase,,https://ambulancenter.com/,to-israel,country,CY
IAA | Search | Air Ambulance TO Israel,Country — Cyprus,air ambulance to israel from cyprus,Exact,,https://ambulancenter.com/,to-israel,country,CY
IAA | Search | Air Ambulance TO Israel,Country — Cyprus,air ambulance to israel from cyprus,Phrase,,https://ambulancenter.com/,to-israel,country,CY
IAA | Search | Air Ambulance TO Israel,Country — Cyprus,medical flight from cyprus to israel,Exact,,https://ambulancenter.com/,to-israel,country,CY
IAA | Search | Air Ambulance TO Israel,Country — Cyprus,medical flight from cyprus to israel,Phrase,,https://ambulancenter.com/,to-israel,country,CY
IAA | Search | Air Ambulance TO Israel,Country — Cyprus,medical repatriation from cyprus to israel,Exact,,https://ambulancenter.com/,to-israel,country,CY
IAA | Search | Air Ambulance TO Israel,Country — Cyprus,medical repatriation from cyprus to israel,Phrase,,https://ambulancenter.com/,to-israel,country,CY
IAA | Search | Air Ambulance TO Israel,Country — Cyprus,private air ambulance cyprus israel,Exact,,https://ambulancenter.com/,to-israel,country,CY
IAA | Search | Air Ambulance TO Israel,Country — Cyprus,private air ambulance cyprus israel,Phrase,,https://ambulancenter.com/,to-israel,country,CY
IAA | Search | Air Ambulance TO Israel,Country — Cyprus,emergency medical flight cyprus israel,Exact,,https://ambulancenter.com/,to-israel,country,CY
IAA | Search | Air Ambulance TO Israel,Country — Cyprus,emergency medical flight cyprus israel,Phrase,,https://ambulancenter.com/,to-israel,country,CY
IAA | Search | Air Ambulance TO Israel,Country — Cyprus,icu air ambulance cyprus to israel,Exact,,https://ambulancenter.com/,to-israel,country,CY
IAA | Search | Air Ambulance TO Israel,Country — Cyprus,icu air ambulance cyprus to israel,Phrase,,https://ambulancenter.com/,to-israel,country,CY
IAA | Search | Air Ambulance TO Israel,Country — Cyprus,patient transfer from cyprus to israel,Exact,,https://ambulancenter.com/,to-israel,country,CY
IAA | Search | Air Ambulance TO Israel,Country — Cyprus,patient transfer from cyprus to israel,Phrase,,https://ambulancenter.com/,to-israel,country,CY
IAA | Search | Air Ambulance TO Israel,Country — Cyprus,medical escort from cyprus to israel,Exact,,https://ambulancenter.com/,to-israel,country,CY
IAA | Search | Air Ambulance TO Israel,Country — Cyprus,medical escort from cyprus to israel,Phrase,,https://ambulancenter.com/,to-israel,country,CY
IAA | Search | Air Ambulance TO Israel,Country — Cyprus,air ambulance from israel to cyprus,Exact,,https://ambulancenter.com/,to-israel,country,CY
IAA | Search | Air Ambulance TO Israel,Country — Cyprus,air ambulance from israel to cyprus,Phrase,,https://ambulancenter.com/,to-israel,country,CY
IAA | Search | Air Ambulance TO Israel,Country — United Arab Emirates,air ambulance from united arab emirates to israel,Exact,,https://ambulancenter.com/,to-israel,country,AE
IAA | Search | Air Ambulance TO Israel,Country — United Arab Emirates,air ambulance from united arab emirates to israel,Phrase,,https://ambulancenter.com/,to-israel,country,AE
IAA | Search | Air Ambulance TO Israel,Country — United Arab Emirates,air ambulance to israel from united arab emirates,Exact,,https://ambulancenter.com/,to-israel,country,AE
IAA | Search | Air Ambulance TO Israel,Country — United Arab Emirates,air ambulance to israel from united arab emirates,Phrase,,https://ambulancenter.com/,to-israel,country,AE
IAA | Search | Air Ambulance TO Israel,Country — United Arab Emirates,medical flight from united arab emirates to israel,Exact,,https://ambulancenter.com/,to-israel,country,AE
IAA | Search | Air Ambulance TO Israel,Country — United Arab Emirates,medical flight from united arab emirates to israel,Phrase,,https://ambulancenter.com/,to-israel,country,AE
IAA | Search | Air Ambulance TO Israel,Country — United Arab Emirates,medical repatriation from united arab emirates to israel,Exact,,https://ambulancenter.com/,to-israel,country,AE
IAA | Search | Air Ambulance TO Israel,Country — United Arab Emirates,medical repatriation from united arab emirates to israel,Phrase,,https://ambulancenter.com/,to-israel,country,AE
IAA | Search | Air Ambulance TO Israel,Country — United Arab Emirates,private air ambulance united arab emirates israel,Exact,,https://ambulancenter.com/,to-israel,country,AE
IAA | Search | Air Ambulance TO Israel,Country — United Arab Emirates,private air ambulance united arab emirates israel,Phrase,,https://ambulancenter.com/,to-israel,country,AE
IAA | Search | Air Ambulance TO Israel,Country — United Arab Emirates,emergency medical flight united arab emirates israel,Exact,,https://ambulancenter.com/,to-israel,country,AE
IAA | Search | Air Ambulance TO Israel,Country — United Arab Emirates,emergency medical flight united arab emirates israel,Phrase,,https://ambulancenter.com/,to-israel,country,AE
IAA | Search | Air Ambulance TO Israel,Country — United Arab Emirates,icu air ambulance united arab emirates to israel,Exact,,https://ambulancenter.com/,to-israel,country,AE
IAA | Search | Air Ambulance TO Israel,Country — United Arab Emirates,icu air ambulance united arab emirates to israel,Phrase,,https://ambulancenter.com/,to-israel,country,AE
IAA | Search | Air Ambulance TO Israel,Country — United Arab Emirates,patient transfer from united arab emirates to israel,Exact,,https://ambulancenter.com/,to-israel,country,AE
IAA | Search | Air Ambulance TO Israel,Country — United Arab Emirates,patient transfer from united arab emirates to israel,Phrase,,https://ambulancenter.com/,to-israel,country,AE
IAA | Search | Air Ambulance TO Israel,Country — United Arab Emirates,medical escort from united arab emirates to israel,Exact,,https://ambulancenter.com/,to-israel,country,AE
IAA | Search | Air Ambulance TO Israel,Country — United Arab Emirates,medical escort from united arab emirates to israel,Phrase,,https://ambulancenter.com/,to-israel,country,AE
IAA | Search | Air Ambulance TO Israel,Country — United Arab Emirates,air ambulance from israel to united arab emirates,Exact,,https://ambulancenter.com/,to-israel,country,AE
IAA | Search | Air Ambulance TO Israel,Country — United Arab Emirates,air ambulance from israel to united arab emirates,Phrase,,https://ambulancenter.com/,to-israel,country,AE
IAA | Search | Air Ambulance TO Israel,Country — Thailand,air ambulance from thailand to israel,Exact,,https://ambulancenter.com/,to-israel,country,TH
IAA | Search | Air Ambulance TO Israel,Country — Thailand,air ambulance from thailand to israel,Phrase,,https://ambulancenter.com/,to-israel,country,TH
IAA | Search | Air Ambulance TO Israel,Country — Thailand,air ambulance to israel from thailand,Exact,,https://ambulancenter.com/,to-israel,country,TH
IAA | Search | Air Ambulance TO Israel,Country — Thailand,air ambulance to israel from thailand,Phrase,,https://ambulancenter.com/,to-israel,country,TH
IAA | Search | Air Ambulance TO Israel,Country — Thailand,medical flight from thailand to israel,Exact,,https://ambulancenter.com/,to-israel,country,TH
IAA | Search | Air Ambulance TO Israel,Country — Thailand,medical flight from thailand to israel,Phrase,,https://ambulancenter.com/,to-israel,country,TH
IAA | Search | Air Ambulance TO Israel,Country — Thailand,medical repatriation from thailand to israel,Exact,,https://ambulancenter.com/,to-israel,country,TH
IAA | Search | Air Ambulance TO Israel,Country — Thailand,medical repatriation from thailand to israel,Phrase,,https://ambulancenter.com/,to-israel,country,TH
IAA | Search | Air Ambulance TO Israel,Country — Thailand,private air ambulance thailand israel,Exact,,https://ambulancenter.com/,to-israel,country,TH
IAA | Search | Air Ambulance TO Israel,Country — Thailand,private air ambulance thailand israel,Phrase,,https://ambulancenter.com/,to-israel,country,TH
IAA | Search | Air Ambulance TO Israel,Country — Thailand,emergency medical flight thailand israel,Exact,,https://ambulancenter.com/,to-israel,country,TH
IAA | Search | Air Ambulance TO Israel,Country — Thailand,emergency medical flight thailand israel,Phrase,,https://ambulancenter.com/,to-israel,country,TH
IAA | Search | Air Ambulance TO Israel,Country — Thailand,icu air ambulance thailand to israel,Exact,,https://ambulancenter.com/,to-israel,country,TH
IAA | Search | Air Ambulance TO Israel,Country — Thailand,icu air ambulance thailand to israel,Phrase,,https://ambulancenter.com/,to-israel,country,TH
IAA | Search | Air Ambulance TO Israel,Country — Thailand,patient transfer from thailand to israel,Exact,,https://ambulancenter.com/,to-israel,country,TH
IAA | Search | Air Ambulance TO Israel,Country — Thailand,patient transfer from thailand to israel,Phrase,,https://ambulancenter.com/,to-israel,country,TH
IAA | Search | Air Ambulance TO Israel,Country — Thailand,medical escort from thailand to israel,Exact,,https://ambulancenter.com/,to-israel,country,TH
IAA | Search | Air Ambulance TO Israel,Country — Thailand,medical escort from thailand to israel,Phrase,,https://ambulancenter.com/,to-israel,country,TH
IAA | Search | Air Ambulance TO Israel,Country — Thailand,air ambulance from israel to thailand,Exact,,https://ambulancenter.com/,to-israel,country,TH
IAA | Search | Air Ambulance TO Israel,Country — Thailand,air ambulance from israel to thailand,Phrase,,https://ambulancenter.com/,to-israel,country,TH
IAA | Search | Air Ambulance TO Israel,Country — Australia,air ambulance from australia to israel,Exact,,https://ambulancenter.com/,to-israel,country,AU
IAA | Search | Air Ambulance TO Israel,Country — Australia,air ambulance from australia to israel,Phrase,,https://ambulancenter.com/,to-israel,country,AU
IAA | Search | Air Ambulance TO Israel,Country — Australia,air ambulance to israel from australia,Exact,,https://ambulancenter.com/,to-israel,country,AU
IAA | Search | Air Ambulance TO Israel,Country — Australia,air ambulance to israel from australia,Phrase,,https://ambulancenter.com/,to-israel,country,AU
IAA | Search | Air Ambulance TO Israel,Country — Australia,medical flight from australia to israel,Exact,,https://ambulancenter.com/,to-israel,country,AU
IAA | Search | Air Ambulance TO Israel,Country — Australia,medical flight from australia to israel,Phrase,,https://ambulancenter.com/,to-israel,country,AU
IAA | Search | Air Ambulance TO Israel,Country — Australia,medical repatriation from australia to israel,Exact,,https://ambulancenter.com/,to-israel,country,AU
IAA | Search | Air Ambulance TO Israel,Country — Australia,medical repatriation from australia to israel,Phrase,,https://ambulancenter.com/,to-israel,country,AU
IAA | Search | Air Ambulance TO Israel,Country — Australia,private air ambulance australia israel,Exact,,https://ambulancenter.com/,to-israel,country,AU
IAA | Search | Air Ambulance TO Israel,Country — Australia,private air ambulance australia israel,Phrase,,https://ambulancenter.com/,to-israel,country,AU
IAA | Search | Air Ambulance TO Israel,Country — Australia,emergency medical flight australia israel,Exact,,https://ambulancenter.com/,to-israel,country,AU
IAA | Search | Air Ambulance TO Israel,Country — Australia,emergency medical flight australia israel,Phrase,,https://ambulancenter.com/,to-israel,country,AU
IAA | Search | Air Ambulance TO Israel,Country — Australia,icu air ambulance australia to israel,Exact,,https://ambulancenter.com/,to-israel,country,AU
IAA | Search | Air Ambulance TO Israel,Country — Australia,icu air ambulance australia to israel,Phrase,,https://ambulancenter.com/,to-israel,country,AU
IAA | Search | Air Ambulance TO Israel,Country — Australia,patient transfer from australia to israel,Exact,,https://ambulancenter.com/,to-israel,country,AU
IAA | Search | Air Ambulance TO Israel,Country — Australia,patient transfer from australia to israel,Phrase,,https://ambulancenter.com/,to-israel,country,AU
IAA | Search | Air Ambulance TO Israel,Country — Australia,medical escort from australia to israel,Exact,,https://ambulancenter.com/,to-israel,country,AU
IAA | Search | Air Ambulance TO Israel,Country — Australia,medical escort from australia to israel,Phrase,,https://ambulancenter.com/,to-israel,country,AU
IAA | Search | Air Ambulance TO Israel,Country — Australia,air ambulance from israel to australia,Exact,,https://ambulancenter.com/,to-israel,country,AU
IAA | Search | Air Ambulance TO Israel,Country — Australia,air ambulance from israel to australia,Phrase,,https://ambulancenter.com/,to-israel,country,AU
IAA | Search | Air Ambulance TO Israel,City — New York,air ambulance new york to israel,Phrase,,https://ambulancenter.com/,to-israel,city,New York
IAA | Search | Air Ambulance TO Israel,City — New York,air ambulance israel to new york,Phrase,,https://ambulancenter.com/,to-israel,city,New York
IAA | Search | Air Ambulance TO Israel,City — New York,medical flight new york to israel,Phrase,,https://ambulancenter.com/,to-israel,city,New York
IAA | Search | Air Ambulance TO Israel,City — New York,medical flight from new york to israel,Phrase,,https://ambulancenter.com/,to-israel,city,New York
IAA | Search | Air Ambulance TO Israel,City — New York,medical repatriation from new york,Phrase,,https://ambulancenter.com/,to-israel,city,New York
IAA | Search | Air Ambulance TO Israel,City — New York,patient transfer new york israel,Phrase,,https://ambulancenter.com/,to-israel,city,New York
IAA | Search | Air Ambulance TO Israel,City — New York,icu air ambulance new york,Phrase,,https://ambulancenter.com/,to-israel,city,New York
IAA | Search | Air Ambulance TO Israel,City — New York,emergency medical flight new york,Phrase,,https://ambulancenter.com/,to-israel,city,New York
IAA | Search | Air Ambulance TO Israel,City — New York,private air ambulance new york,Phrase,,https://ambulancenter.com/,to-israel,city,New York
IAA | Search | Air Ambulance TO Israel,City — New York,medical escort flight new york,Phrase,,https://ambulancenter.com/,to-israel,city,New York
IAA | Search | Air Ambulance TO Israel,City — New York,stretcher flight new york israel,Phrase,,https://ambulancenter.com/,to-israel,city,New York
IAA | Search | Air Ambulance TO Israel,City — New York,bed to bed medical transport new york,Phrase,,https://ambulancenter.com/,to-israel,city,New York
IAA | Search | Air Ambulance TO Israel,City — New York,air ambulance nyc to israel,Phrase,,https://ambulancenter.com/,to-israel,city,New York
IAA | Search | Air Ambulance TO Israel,City — New York,air ambulance israel to nyc,Phrase,,https://ambulancenter.com/,to-israel,city,New York
IAA | Search | Air Ambulance TO Israel,City — New York,medical flight nyc to israel,Phrase,,https://ambulancenter.com/,to-israel,city,New York
IAA | Search | Air Ambulance TO Israel,City — New York,medical flight from nyc to israel,Phrase,,https://ambulancenter.com/,to-israel,city,New York
IAA | Search | Air Ambulance TO Israel,City — New York,medical repatriation from nyc,Phrase,,https://ambulancenter.com/,to-israel,city,New York
IAA | Search | Air Ambulance TO Israel,City — New York,patient transfer nyc israel,Phrase,,https://ambulancenter.com/,to-israel,city,New York
IAA | Search | Air Ambulance TO Israel,City — New York,icu air ambulance nyc,Phrase,,https://ambulancenter.com/,to-israel,city,New York
IAA | Search | Air Ambulance TO Israel,City — New York,emergency medical flight nyc,Phrase,,https://ambulancenter.com/,to-israel,city,New York
IAA | Search | Air Ambulance TO Israel,City — New York,private air ambulance nyc,Phrase,,https://ambulancenter.com/,to-israel,city,New York
IAA | Search | Air Ambulance TO Israel,City — New York,medical escort flight nyc,Phrase,,https://ambulancenter.com/,to-israel,city,New York
IAA | Search | Air Ambulance TO Israel,City — New York,stretcher flight nyc israel,Phrase,,https://ambulancenter.com/,to-israel,city,New York
IAA | Search | Air Ambulance TO Israel,City — New York,bed to bed medical transport nyc,Phrase,,https://ambulancenter.com/,to-israel,city,New York
IAA | Search | Air Ambulance TO Israel,City — New York,air ambulance new york city to israel,Phrase,,https://ambulancenter.com/,to-israel,city,New York
IAA | Search | Air Ambulance TO Israel,City — New York,air ambulance israel to new york city,Phrase,,https://ambulancenter.com/,to-israel,city,New York
IAA | Search | Air Ambulance TO Israel,City — New York,medical flight new york city to israel,Phrase,,https://ambulancenter.com/,to-israel,city,New York
IAA | Search | Air Ambulance TO Israel,City — New York,medical flight from new york city to israel,Phrase,,https://ambulancenter.com/,to-israel,city,New York
IAA | Search | Air Ambulance TO Israel,City — New York,medical repatriation from new york city,Phrase,,https://ambulancenter.com/,to-israel,city,New York
IAA | Search | Air Ambulance TO Israel,City — New York,patient transfer new york city israel,Phrase,,https://ambulancenter.com/,to-israel,city,New York
IAA | Search | Air Ambulance TO Israel,City — New York,icu air ambulance new york city,Phrase,,https://ambulancenter.com/,to-israel,city,New York
IAA | Search | Air Ambulance TO Israel,City — New York,emergency medical flight new york city,Phrase,,https://ambulancenter.com/,to-israel,city,New York
IAA | Search | Air Ambulance TO Israel,City — New York,private air ambulance new york city,Phrase,,https://ambulancenter.com/,to-israel,city,New York
IAA | Search | Air Ambulance TO Israel,City — New York,medical escort flight new york city,Phrase,,https://ambulancenter.com/,to-israel,city,New York
IAA | Search | Air Ambulance TO Israel,City — New York,stretcher flight new york city israel,Phrase,,https://ambulancenter.com/,to-israel,city,New York
IAA | Search | Air Ambulance TO Israel,City — New York,bed to bed medical transport new york city,Phrase,,https://ambulancenter.com/,to-israel,city,New York
IAA | Search | Air Ambulance TO Israel,City — New York,air ambulance jfk to israel,Phrase,,https://ambulancenter.com/,to-israel,city,New York
IAA | Search | Air Ambulance TO Israel,City — New York,air ambulance israel to jfk,Phrase,,https://ambulancenter.com/,to-israel,city,New York
IAA | Search | Air Ambulance TO Israel,City — New York,medical flight jfk to israel,Phrase,,https://ambulancenter.com/,to-israel,city,New York
IAA | Search | Air Ambulance TO Israel,City — New York,medical flight from jfk to israel,Phrase,,https://ambulancenter.com/,to-israel,city,New York
IAA | Search | Air Ambulance TO Israel,City — New York,medical repatriation from jfk,Phrase,,https://ambulancenter.com/,to-israel,city,New York
IAA | Search | Air Ambulance TO Israel,City — New York,patient transfer jfk israel,Phrase,,https://ambulancenter.com/,to-israel,city,New York
IAA | Search | Air Ambulance TO Israel,City — New York,icu air ambulance jfk,Phrase,,https://ambulancenter.com/,to-israel,city,New York
IAA | Search | Air Ambulance TO Israel,City — New York,emergency medical flight jfk,Phrase,,https://ambulancenter.com/,to-israel,city,New York
IAA | Search | Air Ambulance TO Israel,City — New York,private air ambulance jfk,Phrase,,https://ambulancenter.com/,to-israel,city,New York
IAA | Search | Air Ambulance TO Israel,City — New York,medical escort flight jfk,Phrase,,https://ambulancenter.com/,to-israel,city,New York
IAA | Search | Air Ambulance TO Israel,City — New York,stretcher flight jfk israel,Phrase,,https://ambulancenter.com/,to-israel,city,New York
IAA | Search | Air Ambulance TO Israel,City — New York,bed to bed medical transport jfk,Phrase,,https://ambulancenter.com/,to-israel,city,New York
IAA | Search | Air Ambulance TO Israel,City — New York,air ambulance newark to israel,Phrase,,https://ambulancenter.com/,to-israel,city,New York
IAA | Search | Air Ambulance TO Israel,City — New York,air ambulance israel to newark,Phrase,,https://ambulancenter.com/,to-israel,city,New York
IAA | Search | Air Ambulance TO Israel,City — New York,medical flight newark to israel,Phrase,,https://ambulancenter.com/,to-israel,city,New York
IAA | Search | Air Ambulance TO Israel,City — New York,medical flight from newark to israel,Phrase,,https://ambulancenter.com/,to-israel,city,New York
IAA | Search | Air Ambulance TO Israel,City — New York,medical repatriation from newark,Phrase,,https://ambulancenter.com/,to-israel,city,New York
IAA | Search | Air Ambulance TO Israel,City — New York,patient transfer newark israel,Phrase,,https://ambulancenter.com/,to-israel,city,New York
IAA | Search | Air Ambulance TO Israel,City — New York,icu air ambulance newark,Phrase,,https://ambulancenter.com/,to-israel,city,New York
IAA | Search | Air Ambulance TO Israel,City — New York,emergency medical flight newark,Phrase,,https://ambulancenter.com/,to-israel,city,New York
IAA | Search | Air Ambulance TO Israel,City — New York,private air ambulance newark,Phrase,,https://ambulancenter.com/,to-israel,city,New York
IAA | Search | Air Ambulance TO Israel,City — New York,medical escort flight newark,Phrase,,https://ambulancenter.com/,to-israel,city,New York
IAA | Search | Air Ambulance TO Israel,City — New York,stretcher flight newark israel,Phrase,,https://ambulancenter.com/,to-israel,city,New York
IAA | Search | Air Ambulance TO Israel,City — New York,bed to bed medical transport newark,Phrase,,https://ambulancenter.com/,to-israel,city,New York
IAA | Search | Air Ambulance TO Israel,City — New York,air ambulance united states to israel,Phrase,,https://ambulancenter.com/,to-israel,city,New York
IAA | Search | Air Ambulance TO Israel,City — New York,air ambulance israel to united states,Phrase,,https://ambulancenter.com/,to-israel,city,New York
IAA | Search | Air Ambulance TO Israel,City — New York,medical flight united states to israel,Phrase,,https://ambulancenter.com/,to-israel,city,New York
IAA | Search | Air Ambulance TO Israel,City — New York,medical repatriation from united states,Phrase,,https://ambulancenter.com/,to-israel,city,New York
IAA | Search | Air Ambulance TO Israel,City — New York,patient transfer united states israel,Phrase,,https://ambulancenter.com/,to-israel,city,New York
IAA | Search | Air Ambulance TO Israel,City — New York,icu air ambulance united states,Phrase,,https://ambulancenter.com/,to-israel,city,New York
IAA | Search | Air Ambulance TO Israel,City — New York,emergency medical flight united states,Phrase,,https://ambulancenter.com/,to-israel,city,New York
IAA | Search | Air Ambulance TO Israel,City — New York,private air ambulance united states,Phrase,,https://ambulancenter.com/,to-israel,city,New York
IAA | Search | Air Ambulance TO Israel,City — New York,medical escort flight united states,Phrase,,https://ambulancenter.com/,to-israel,city,New York
IAA | Search | Air Ambulance TO Israel,City — New York,stretcher flight united states israel,Phrase,,https://ambulancenter.com/,to-israel,city,New York
IAA | Search | Air Ambulance TO Israel,City — New York,bed to bed medical transport united states,Phrase,,https://ambulancenter.com/,to-israel,city,New York
IAA | Search | Air Ambulance TO Israel,City — Miami,air ambulance miami to israel,Phrase,,https://ambulancenter.com/,to-israel,city,Miami
IAA | Search | Air Ambulance TO Israel,City — Miami,air ambulance israel to miami,Phrase,,https://ambulancenter.com/,to-israel,city,Miami
IAA | Search | Air Ambulance TO Israel,City — Miami,medical flight miami to israel,Phrase,,https://ambulancenter.com/,to-israel,city,Miami
IAA | Search | Air Ambulance TO Israel,City — Miami,medical flight from miami to israel,Phrase,,https://ambulancenter.com/,to-israel,city,Miami
IAA | Search | Air Ambulance TO Israel,City — Miami,medical repatriation from miami,Phrase,,https://ambulancenter.com/,to-israel,city,Miami
IAA | Search | Air Ambulance TO Israel,City — Miami,patient transfer miami israel,Phrase,,https://ambulancenter.com/,to-israel,city,Miami
IAA | Search | Air Ambulance TO Israel,City — Miami,icu air ambulance miami,Phrase,,https://ambulancenter.com/,to-israel,city,Miami
IAA | Search | Air Ambulance TO Israel,City — Miami,emergency medical flight miami,Phrase,,https://ambulancenter.com/,to-israel,city,Miami
IAA | Search | Air Ambulance TO Israel,City — Miami,private air ambulance miami,Phrase,,https://ambulancenter.com/,to-israel,city,Miami
IAA | Search | Air Ambulance TO Israel,City — Miami,medical escort flight miami,Phrase,,https://ambulancenter.com/,to-israel,city,Miami
IAA | Search | Air Ambulance TO Israel,City — Miami,stretcher flight miami israel,Phrase,,https://ambulancenter.com/,to-israel,city,Miami
IAA | Search | Air Ambulance TO Israel,City — Miami,bed to bed medical transport miami,Phrase,,https://ambulancenter.com/,to-israel,city,Miami
IAA | Search | Air Ambulance TO Israel,City — Miami,air ambulance mia to israel,Phrase,,https://ambulancenter.com/,to-israel,city,Miami
IAA | Search | Air Ambulance TO Israel,City — Miami,air ambulance israel to mia,Phrase,,https://ambulancenter.com/,to-israel,city,Miami
IAA | Search | Air Ambulance TO Israel,City — Miami,medical flight mia to israel,Phrase,,https://ambulancenter.com/,to-israel,city,Miami
IAA | Search | Air Ambulance TO Israel,City — Miami,medical flight from mia to israel,Phrase,,https://ambulancenter.com/,to-israel,city,Miami
IAA | Search | Air Ambulance TO Israel,City — Miami,medical repatriation from mia,Phrase,,https://ambulancenter.com/,to-israel,city,Miami
IAA | Search | Air Ambulance TO Israel,City — Miami,patient transfer mia israel,Phrase,,https://ambulancenter.com/,to-israel,city,Miami
IAA | Search | Air Ambulance TO Israel,City — Miami,icu air ambulance mia,Phrase,,https://ambulancenter.com/,to-israel,city,Miami
IAA | Search | Air Ambulance TO Israel,City — Miami,emergency medical flight mia,Phrase,,https://ambulancenter.com/,to-israel,city,Miami
IAA | Search | Air Ambulance TO Israel,City — Miami,private air ambulance mia,Phrase,,https://ambulancenter.com/,to-israel,city,Miami
IAA | Search | Air Ambulance TO Israel,City — Miami,medical escort flight mia,Phrase,,https://ambulancenter.com/,to-israel,city,Miami
IAA | Search | Air Ambulance TO Israel,City — Miami,stretcher flight mia israel,Phrase,,https://ambulancenter.com/,to-israel,city,Miami
IAA | Search | Air Ambulance TO Israel,City — Miami,bed to bed medical transport mia,Phrase,,https://ambulancenter.com/,to-israel,city,Miami
IAA | Search | Air Ambulance TO Israel,City — Boston,air ambulance boston to israel,Phrase,,https://ambulancenter.com/,to-israel,city,Boston
IAA | Search | Air Ambulance TO Israel,City — Boston,air ambulance israel to boston,Phrase,,https://ambulancenter.com/,to-israel,city,Boston
IAA | Search | Air Ambulance TO Israel,City — Boston,medical flight boston to israel,Phrase,,https://ambulancenter.com/,to-israel,city,Boston
IAA | Search | Air Ambulance TO Israel,City — Boston,medical flight from boston to israel,Phrase,,https://ambulancenter.com/,to-israel,city,Boston
IAA | Search | Air Ambulance TO Israel,City — Boston,medical repatriation from boston,Phrase,,https://ambulancenter.com/,to-israel,city,Boston
IAA | Search | Air Ambulance TO Israel,City — Boston,patient transfer boston israel,Phrase,,https://ambulancenter.com/,to-israel,city,Boston
IAA | Search | Air Ambulance TO Israel,City — Boston,icu air ambulance boston,Phrase,,https://ambulancenter.com/,to-israel,city,Boston
IAA | Search | Air Ambulance TO Israel,City — Boston,emergency medical flight boston,Phrase,,https://ambulancenter.com/,to-israel,city,Boston
IAA | Search | Air Ambulance TO Israel,City — Boston,private air ambulance boston,Phrase,,https://ambulancenter.com/,to-israel,city,Boston
IAA | Search | Air Ambulance TO Israel,City — Boston,medical escort flight boston,Phrase,,https://ambulancenter.com/,to-israel,city,Boston
IAA | Search | Air Ambulance TO Israel,City — Boston,stretcher flight boston israel,Phrase,,https://ambulancenter.com/,to-israel,city,Boston
IAA | Search | Air Ambulance TO Israel,City — Boston,bed to bed medical transport boston,Phrase,,https://ambulancenter.com/,to-israel,city,Boston
IAA | Search | Air Ambulance TO Israel,City — Boston,air ambulance bos to israel,Phrase,,https://ambulancenter.com/,to-israel,city,Boston
IAA | Search | Air Ambulance TO Israel,City — Boston,air ambulance israel to bos,Phrase,,https://ambulancenter.com/,to-israel,city,Boston
IAA | Search | Air Ambulance TO Israel,City — Boston,medical flight bos to israel,Phrase,,https://ambulancenter.com/,to-israel,city,Boston
IAA | Search | Air Ambulance TO Israel,City — Boston,medical flight from bos to israel,Phrase,,https://ambulancenter.com/,to-israel,city,Boston
IAA | Search | Air Ambulance TO Israel,City — Boston,medical repatriation from bos,Phrase,,https://ambulancenter.com/,to-israel,city,Boston
IAA | Search | Air Ambulance TO Israel,City — Boston,patient transfer bos israel,Phrase,,https://ambulancenter.com/,to-israel,city,Boston
IAA | Search | Air Ambulance TO Israel,City — Boston,icu air ambulance bos,Phrase,,https://ambulancenter.com/,to-israel,city,Boston
IAA | Search | Air Ambulance TO Israel,City — Boston,emergency medical flight bos,Phrase,,https://ambulancenter.com/,to-israel,city,Boston
IAA | Search | Air Ambulance TO Israel,City — Boston,private air ambulance bos,Phrase,,https://ambulancenter.com/,to-israel,city,Boston
IAA | Search | Air Ambulance TO Israel,City — Boston,medical escort flight bos,Phrase,,https://ambulancenter.com/,to-israel,city,Boston
IAA | Search | Air Ambulance TO Israel,City — Boston,stretcher flight bos israel,Phrase,,https://ambulancenter.com/,to-israel,city,Boston
IAA | Search | Air Ambulance TO Israel,City — Boston,bed to bed medical transport bos,Phrase,,https://ambulancenter.com/,to-israel,city,Boston
IAA | Search | Air Ambulance TO Israel,City — Los Angeles,air ambulance los angeles to israel,Phrase,,https://ambulancenter.com/,to-israel,city,Los Angeles
IAA | Search | Air Ambulance TO Israel,City — Los Angeles,air ambulance israel to los angeles,Phrase,,https://ambulancenter.com/,to-israel,city,Los Angeles
IAA | Search | Air Ambulance TO Israel,City — Los Angeles,medical flight los angeles to israel,Phrase,,https://ambulancenter.com/,to-israel,city,Los Angeles
IAA | Search | Air Ambulance TO Israel,City — Los Angeles,medical flight from los angeles to israel,Phrase,,https://ambulancenter.com/,to-israel,city,Los Angeles
IAA | Search | Air Ambulance TO Israel,City — Los Angeles,medical repatriation from los angeles,Phrase,,https://ambulancenter.com/,to-israel,city,Los Angeles
IAA | Search | Air Ambulance TO Israel,City — Los Angeles,patient transfer los angeles israel,Phrase,,https://ambulancenter.com/,to-israel,city,Los Angeles
IAA | Search | Air Ambulance TO Israel,City — Los Angeles,icu air ambulance los angeles,Phrase,,https://ambulancenter.com/,to-israel,city,Los Angeles
IAA | Search | Air Ambulance TO Israel,City — Los Angeles,emergency medical flight los angeles,Phrase,,https://ambulancenter.com/,to-israel,city,Los Angeles
IAA | Search | Air Ambulance TO Israel,City — Los Angeles,private air ambulance los angeles,Phrase,,https://ambulancenter.com/,to-israel,city,Los Angeles
IAA | Search | Air Ambulance TO Israel,City — Los Angeles,medical escort flight los angeles,Phrase,,https://ambulancenter.com/,to-israel,city,Los Angeles
IAA | Search | Air Ambulance TO Israel,City — Los Angeles,stretcher flight los angeles israel,Phrase,,https://ambulancenter.com/,to-israel,city,Los Angeles
IAA | Search | Air Ambulance TO Israel,City — Los Angeles,bed to bed medical transport los angeles,Phrase,,https://ambulancenter.com/,to-israel,city,Los Angeles
IAA | Search | Air Ambulance TO Israel,City — Los Angeles,air ambulance la to israel,Phrase,,https://ambulancenter.com/,to-israel,city,Los Angeles
IAA | Search | Air Ambulance TO Israel,City — Los Angeles,air ambulance israel to la,Phrase,,https://ambulancenter.com/,to-israel,city,Los Angeles
IAA | Search | Air Ambulance TO Israel,City — Los Angeles,medical flight la to israel,Phrase,,https://ambulancenter.com/,to-israel,city,Los Angeles
IAA | Search | Air Ambulance TO Israel,City — Los Angeles,medical flight from la to israel,Phrase,,https://ambulancenter.com/,to-israel,city,Los Angeles
IAA | Search | Air Ambulance TO Israel,City — Los Angeles,medical repatriation from la,Phrase,,https://ambulancenter.com/,to-israel,city,Los Angeles
IAA | Search | Air Ambulance TO Israel,City — Los Angeles,patient transfer la israel,Phrase,,https://ambulancenter.com/,to-israel,city,Los Angeles
IAA | Search | Air Ambulance TO Israel,City — Los Angeles,icu air ambulance la,Phrase,,https://ambulancenter.com/,to-israel,city,Los Angeles
IAA | Search | Air Ambulance TO Israel,City — Los Angeles,emergency medical flight la,Phrase,,https://ambulancenter.com/,to-israel,city,Los Angeles
IAA | Search | Air Ambulance TO Israel,City — Los Angeles,private air ambulance la,Phrase,,https://ambulancenter.com/,to-israel,city,Los Angeles
IAA | Search | Air Ambulance TO Israel,City — Los Angeles,medical escort flight la,Phrase,,https://ambulancenter.com/,to-israel,city,Los Angeles
IAA | Search | Air Ambulance TO Israel,City — Los Angeles,stretcher flight la israel,Phrase,,https://ambulancenter.com/,to-israel,city,Los Angeles
IAA | Search | Air Ambulance TO Israel,City — Los Angeles,bed to bed medical transport la,Phrase,,https://ambulancenter.com/,to-israel,city,Los Angeles
IAA | Search | Air Ambulance TO Israel,City — Los Angeles,air ambulance lax to israel,Phrase,,https://ambulancenter.com/,to-israel,city,Los Angeles
IAA | Search | Air Ambulance TO Israel,City — Los Angeles,air ambulance israel to lax,Phrase,,https://ambulancenter.com/,to-israel,city,Los Angeles
IAA | Search | Air Ambulance TO Israel,City — Los Angeles,medical flight lax to israel,Phrase,,https://ambulancenter.com/,to-israel,city,Los Angeles
IAA | Search | Air Ambulance TO Israel,City — Los Angeles,medical flight from lax to israel,Phrase,,https://ambulancenter.com/,to-israel,city,Los Angeles
IAA | Search | Air Ambulance TO Israel,City — Los Angeles,medical repatriation from lax,Phrase,,https://ambulancenter.com/,to-israel,city,Los Angeles
IAA | Search | Air Ambulance TO Israel,City — Los Angeles,patient transfer lax israel,Phrase,,https://ambulancenter.com/,to-israel,city,Los Angeles
IAA | Search | Air Ambulance TO Israel,City — Los Angeles,icu air ambulance lax,Phrase,,https://ambulancenter.com/,to-israel,city,Los Angeles
IAA | Search | Air Ambulance TO Israel,City — Los Angeles,emergency medical flight lax,Phrase,,https://ambulancenter.com/,to-israel,city,Los Angeles
IAA | Search | Air Ambulance TO Israel,City — Los Angeles,private air ambulance lax,Phrase,,https://ambulancenter.com/,to-israel,city,Los Angeles
IAA | Search | Air Ambulance TO Israel,City — Los Angeles,medical escort flight lax,Phrase,,https://ambulancenter.com/,to-israel,city,Los Angeles
IAA | Search | Air Ambulance TO Israel,City — Los Angeles,stretcher flight lax israel,Phrase,,https://ambulancenter.com/,to-israel,city,Los Angeles
IAA | Search | Air Ambulance TO Israel,City — Los Angeles,bed to bed medical transport lax,Phrase,,https://ambulancenter.com/,to-israel,city,Los Angeles
IAA | Search | Air Ambulance TO Israel,City — Toronto,air ambulance toronto to israel,Phrase,,https://ambulancenter.com/,to-israel,city,Toronto
IAA | Search | Air Ambulance TO Israel,City — Toronto,air ambulance israel to toronto,Phrase,,https://ambulancenter.com/,to-israel,city,Toronto
IAA | Search | Air Ambulance TO Israel,City — Toronto,medical flight toronto to israel,Phrase,,https://ambulancenter.com/,to-israel,city,Toronto
IAA | Search | Air Ambulance TO Israel,City — Toronto,medical flight from toronto to israel,Phrase,,https://ambulancenter.com/,to-israel,city,Toronto
IAA | Search | Air Ambulance TO Israel,City — Toronto,medical repatriation from toronto,Phrase,,https://ambulancenter.com/,to-israel,city,Toronto
IAA | Search | Air Ambulance TO Israel,City — Toronto,patient transfer toronto israel,Phrase,,https://ambulancenter.com/,to-israel,city,Toronto
IAA | Search | Air Ambulance TO Israel,City — Toronto,icu air ambulance toronto,Phrase,,https://ambulancenter.com/,to-israel,city,Toronto
IAA | Search | Air Ambulance TO Israel,City — Toronto,emergency medical flight toronto,Phrase,,https://ambulancenter.com/,to-israel,city,Toronto
IAA | Search | Air Ambulance TO Israel,City — Toronto,private air ambulance toronto,Phrase,,https://ambulancenter.com/,to-israel,city,Toronto
IAA | Search | Air Ambulance TO Israel,City — Toronto,medical escort flight toronto,Phrase,,https://ambulancenter.com/,to-israel,city,Toronto
IAA | Search | Air Ambulance TO Israel,City — Toronto,stretcher flight toronto israel,Phrase,,https://ambulancenter.com/,to-israel,city,Toronto
IAA | Search | Air Ambulance TO Israel,City — Toronto,bed to bed medical transport toronto,Phrase,,https://ambulancenter.com/,to-israel,city,Toronto
IAA | Search | Air Ambulance TO Israel,City — Toronto,air ambulance yyz to israel,Phrase,,https://ambulancenter.com/,to-israel,city,Toronto
IAA | Search | Air Ambulance TO Israel,City — Toronto,air ambulance israel to yyz,Phrase,,https://ambulancenter.com/,to-israel,city,Toronto
IAA | Search | Air Ambulance TO Israel,City — Toronto,medical flight yyz to israel,Phrase,,https://ambulancenter.com/,to-israel,city,Toronto
IAA | Search | Air Ambulance TO Israel,City — Toronto,medical flight from yyz to israel,Phrase,,https://ambulancenter.com/,to-israel,city,Toronto
IAA | Search | Air Ambulance TO Israel,City — Toronto,medical repatriation from yyz,Phrase,,https://ambulancenter.com/,to-israel,city,Toronto
IAA | Search | Air Ambulance TO Israel,City — Toronto,patient transfer yyz israel,Phrase,,https://ambulancenter.com/,to-israel,city,Toronto
IAA | Search | Air Ambulance TO Israel,City — Toronto,icu air ambulance yyz,Phrase,,https://ambulancenter.com/,to-israel,city,Toronto
IAA | Search | Air Ambulance TO Israel,City — Toronto,emergency medical flight yyz,Phrase,,https://ambulancenter.com/,to-israel,city,Toronto
IAA | Search | Air Ambulance TO Israel,City — Toronto,private air ambulance yyz,Phrase,,https://ambulancenter.com/,to-israel,city,Toronto
IAA | Search | Air Ambulance TO Israel,City — Toronto,medical escort flight yyz,Phrase,,https://ambulancenter.com/,to-israel,city,Toronto
IAA | Search | Air Ambulance TO Israel,City — Toronto,stretcher flight yyz israel,Phrase,,https://ambulancenter.com/,to-israel,city,Toronto
IAA | Search | Air Ambulance TO Israel,City — Toronto,bed to bed medical transport yyz,Phrase,,https://ambulancenter.com/,to-israel,city,Toronto
IAA | Search | Air Ambulance TO Israel,City — Toronto,air ambulance canada to israel,Phrase,,https://ambulancenter.com/,to-israel,city,Toronto
IAA | Search | Air Ambulance TO Israel,City — Toronto,air ambulance israel to canada,Phrase,,https://ambulancenter.com/,to-israel,city,Toronto
IAA | Search | Air Ambulance TO Israel,City — Toronto,medical flight canada to israel,Phrase,,https://ambulancenter.com/,to-israel,city,Toronto
IAA | Search | Air Ambulance TO Israel,City — Toronto,medical repatriation from canada,Phrase,,https://ambulancenter.com/,to-israel,city,Toronto
IAA | Search | Air Ambulance TO Israel,City — Toronto,patient transfer canada israel,Phrase,,https://ambulancenter.com/,to-israel,city,Toronto
IAA | Search | Air Ambulance TO Israel,City — Toronto,icu air ambulance canada,Phrase,,https://ambulancenter.com/,to-israel,city,Toronto
IAA | Search | Air Ambulance TO Israel,City — Toronto,emergency medical flight canada,Phrase,,https://ambulancenter.com/,to-israel,city,Toronto
IAA | Search | Air Ambulance TO Israel,City — Toronto,private air ambulance canada,Phrase,,https://ambulancenter.com/,to-israel,city,Toronto
IAA | Search | Air Ambulance TO Israel,City — Toronto,medical escort flight canada,Phrase,,https://ambulancenter.com/,to-israel,city,Toronto
IAA | Search | Air Ambulance TO Israel,City — Toronto,stretcher flight canada israel,Phrase,,https://ambulancenter.com/,to-israel,city,Toronto
IAA | Search | Air Ambulance TO Israel,City — Toronto,bed to bed medical transport canada,Phrase,,https://ambulancenter.com/,to-israel,city,Toronto
IAA | Search | Air Ambulance TO Israel,City — London,air ambulance london to israel,Phrase,,https://ambulancenter.com/,to-israel,city,London
IAA | Search | Air Ambulance TO Israel,City — London,air ambulance israel to london,Phrase,,https://ambulancenter.com/,to-israel,city,London
IAA | Search | Air Ambulance TO Israel,City — London,medical flight london to israel,Phrase,,https://ambulancenter.com/,to-israel,city,London
IAA | Search | Air Ambulance TO Israel,City — London,medical flight from london to israel,Phrase,,https://ambulancenter.com/,to-israel,city,London
IAA | Search | Air Ambulance TO Israel,City — London,medical repatriation from london,Phrase,,https://ambulancenter.com/,to-israel,city,London
IAA | Search | Air Ambulance TO Israel,City — London,patient transfer london israel,Phrase,,https://ambulancenter.com/,to-israel,city,London
IAA | Search | Air Ambulance TO Israel,City — London,icu air ambulance london,Phrase,,https://ambulancenter.com/,to-israel,city,London
IAA | Search | Air Ambulance TO Israel,City — London,emergency medical flight london,Phrase,,https://ambulancenter.com/,to-israel,city,London
IAA | Search | Air Ambulance TO Israel,City — London,private air ambulance london,Phrase,,https://ambulancenter.com/,to-israel,city,London
IAA | Search | Air Ambulance TO Israel,City — London,medical escort flight london,Phrase,,https://ambulancenter.com/,to-israel,city,London
IAA | Search | Air Ambulance TO Israel,City — London,stretcher flight london israel,Phrase,,https://ambulancenter.com/,to-israel,city,London
IAA | Search | Air Ambulance TO Israel,City — London,bed to bed medical transport london,Phrase,,https://ambulancenter.com/,to-israel,city,London
IAA | Search | Air Ambulance TO Israel,City — London,air ambulance lhr to israel,Phrase,,https://ambulancenter.com/,to-israel,city,London
IAA | Search | Air Ambulance TO Israel,City — London,air ambulance israel to lhr,Phrase,,https://ambulancenter.com/,to-israel,city,London
IAA | Search | Air Ambulance TO Israel,City — London,medical flight lhr to israel,Phrase,,https://ambulancenter.com/,to-israel,city,London
IAA | Search | Air Ambulance TO Israel,City — London,medical flight from lhr to israel,Phrase,,https://ambulancenter.com/,to-israel,city,London
IAA | Search | Air Ambulance TO Israel,City — London,medical repatriation from lhr,Phrase,,https://ambulancenter.com/,to-israel,city,London
IAA | Search | Air Ambulance TO Israel,City — London,patient transfer lhr israel,Phrase,,https://ambulancenter.com/,to-israel,city,London
IAA | Search | Air Ambulance TO Israel,City — London,icu air ambulance lhr,Phrase,,https://ambulancenter.com/,to-israel,city,London
IAA | Search | Air Ambulance TO Israel,City — London,emergency medical flight lhr,Phrase,,https://ambulancenter.com/,to-israel,city,London
IAA | Search | Air Ambulance TO Israel,City — London,private air ambulance lhr,Phrase,,https://ambulancenter.com/,to-israel,city,London
IAA | Search | Air Ambulance TO Israel,City — London,medical escort flight lhr,Phrase,,https://ambulancenter.com/,to-israel,city,London
IAA | Search | Air Ambulance TO Israel,City — London,stretcher flight lhr israel,Phrase,,https://ambulancenter.com/,to-israel,city,London
IAA | Search | Air Ambulance TO Israel,City — London,bed to bed medical transport lhr,Phrase,,https://ambulancenter.com/,to-israel,city,London
IAA | Search | Air Ambulance TO Israel,City — London,air ambulance lgw to israel,Phrase,,https://ambulancenter.com/,to-israel,city,London
IAA | Search | Air Ambulance TO Israel,City — London,air ambulance israel to lgw,Phrase,,https://ambulancenter.com/,to-israel,city,London
IAA | Search | Air Ambulance TO Israel,City — London,medical flight lgw to israel,Phrase,,https://ambulancenter.com/,to-israel,city,London
IAA | Search | Air Ambulance TO Israel,City — London,medical flight from lgw to israel,Phrase,,https://ambulancenter.com/,to-israel,city,London
IAA | Search | Air Ambulance TO Israel,City — London,medical repatriation from lgw,Phrase,,https://ambulancenter.com/,to-israel,city,London
IAA | Search | Air Ambulance TO Israel,City — London,patient transfer lgw israel,Phrase,,https://ambulancenter.com/,to-israel,city,London
IAA | Search | Air Ambulance TO Israel,City — London,icu air ambulance lgw,Phrase,,https://ambulancenter.com/,to-israel,city,London
IAA | Search | Air Ambulance TO Israel,City — London,emergency medical flight lgw,Phrase,,https://ambulancenter.com/,to-israel,city,London
IAA | Search | Air Ambulance TO Israel,City — London,private air ambulance lgw,Phrase,,https://ambulancenter.com/,to-israel,city,London
IAA | Search | Air Ambulance TO Israel,City — London,medical escort flight lgw,Phrase,,https://ambulancenter.com/,to-israel,city,London
IAA | Search | Air Ambulance TO Israel,City — London,stretcher flight lgw israel,Phrase,,https://ambulancenter.com/,to-israel,city,London
IAA | Search | Air Ambulance TO Israel,City — London,bed to bed medical transport lgw,Phrase,,https://ambulancenter.com/,to-israel,city,London
IAA | Search | Air Ambulance TO Israel,City — London,air ambulance heathrow to israel,Phrase,,https://ambulancenter.com/,to-israel,city,London
IAA | Search | Air Ambulance TO Israel,City — London,air ambulance israel to heathrow,Phrase,,https://ambulancenter.com/,to-israel,city,London
IAA | Search | Air Ambulance TO Israel,City — London,medical flight heathrow to israel,Phrase,,https://ambulancenter.com/,to-israel,city,London
IAA | Search | Air Ambulance TO Israel,City — London,medical flight from heathrow to israel,Phrase,,https://ambulancenter.com/,to-israel,city,London
IAA | Search | Air Ambulance TO Israel,City — London,medical repatriation from heathrow,Phrase,,https://ambulancenter.com/,to-israel,city,London
IAA | Search | Air Ambulance TO Israel,City — London,patient transfer heathrow israel,Phrase,,https://ambulancenter.com/,to-israel,city,London
IAA | Search | Air Ambulance TO Israel,City — London,icu air ambulance heathrow,Phrase,,https://ambulancenter.com/,to-israel,city,London
IAA | Search | Air Ambulance TO Israel,City — London,emergency medical flight heathrow,Phrase,,https://ambulancenter.com/,to-israel,city,London
IAA | Search | Air Ambulance TO Israel,City — London,private air ambulance heathrow,Phrase,,https://ambulancenter.com/,to-israel,city,London
IAA | Search | Air Ambulance TO Israel,City — London,medical escort flight heathrow,Phrase,,https://ambulancenter.com/,to-israel,city,London
IAA | Search | Air Ambulance TO Israel,City — London,stretcher flight heathrow israel,Phrase,,https://ambulancenter.com/,to-israel,city,London
IAA | Search | Air Ambulance TO Israel,City — London,bed to bed medical transport heathrow,Phrase,,https://ambulancenter.com/,to-israel,city,London
IAA | Search | Air Ambulance TO Israel,City — London,air ambulance united kingdom to israel,Phrase,,https://ambulancenter.com/,to-israel,city,London
IAA | Search | Air Ambulance TO Israel,City — London,air ambulance israel to united kingdom,Phrase,,https://ambulancenter.com/,to-israel,city,London
IAA | Search | Air Ambulance TO Israel,City — London,medical flight united kingdom to israel,Phrase,,https://ambulancenter.com/,to-israel,city,London
IAA | Search | Air Ambulance TO Israel,City — London,medical repatriation from united kingdom,Phrase,,https://ambulancenter.com/,to-israel,city,London
IAA | Search | Air Ambulance TO Israel,City — London,patient transfer united kingdom israel,Phrase,,https://ambulancenter.com/,to-israel,city,London
IAA | Search | Air Ambulance TO Israel,City — London,icu air ambulance united kingdom,Phrase,,https://ambulancenter.com/,to-israel,city,London
IAA | Search | Air Ambulance TO Israel,City — London,emergency medical flight united kingdom,Phrase,,https://ambulancenter.com/,to-israel,city,London
IAA | Search | Air Ambulance TO Israel,City — London,private air ambulance united kingdom,Phrase,,https://ambulancenter.com/,to-israel,city,London
IAA | Search | Air Ambulance TO Israel,City — London,medical escort flight united kingdom,Phrase,,https://ambulancenter.com/,to-israel,city,London
IAA | Search | Air Ambulance TO Israel,City — London,stretcher flight united kingdom israel,Phrase,,https://ambulancenter.com/,to-israel,city,London
IAA | Search | Air Ambulance TO Israel,City — London,bed to bed medical transport united kingdom,Phrase,,https://ambulancenter.com/,to-israel,city,London
IAA | Search | Air Ambulance TO Israel,City — Paris,air ambulance paris to israel,Phrase,,https://ambulancenter.com/,to-israel,city,Paris
IAA | Search | Air Ambulance TO Israel,City — Paris,air ambulance israel to paris,Phrase,,https://ambulancenter.com/,to-israel,city,Paris
IAA | Search | Air Ambulance TO Israel,City — Paris,medical flight paris to israel,Phrase,,https://ambulancenter.com/,to-israel,city,Paris
IAA | Search | Air Ambulance TO Israel,City — Paris,medical flight from paris to israel,Phrase,,https://ambulancenter.com/,to-israel,city,Paris
IAA | Search | Air Ambulance TO Israel,City — Paris,medical repatriation from paris,Phrase,,https://ambulancenter.com/,to-israel,city,Paris
IAA | Search | Air Ambulance TO Israel,City — Paris,patient transfer paris israel,Phrase,,https://ambulancenter.com/,to-israel,city,Paris
IAA | Search | Air Ambulance TO Israel,City — Paris,icu air ambulance paris,Phrase,,https://ambulancenter.com/,to-israel,city,Paris
IAA | Search | Air Ambulance TO Israel,City — Paris,emergency medical flight paris,Phrase,,https://ambulancenter.com/,to-israel,city,Paris
IAA | Search | Air Ambulance TO Israel,City — Paris,private air ambulance paris,Phrase,,https://ambulancenter.com/,to-israel,city,Paris
IAA | Search | Air Ambulance TO Israel,City — Paris,medical escort flight paris,Phrase,,https://ambulancenter.com/,to-israel,city,Paris
IAA | Search | Air Ambulance TO Israel,City — Paris,stretcher flight paris israel,Phrase,,https://ambulancenter.com/,to-israel,city,Paris
IAA | Search | Air Ambulance TO Israel,City — Paris,bed to bed medical transport paris,Phrase,,https://ambulancenter.com/,to-israel,city,Paris
IAA | Search | Air Ambulance TO Israel,City — Paris,air ambulance cdg to israel,Phrase,,https://ambulancenter.com/,to-israel,city,Paris
IAA | Search | Air Ambulance TO Israel,City — Paris,air ambulance israel to cdg,Phrase,,https://ambulancenter.com/,to-israel,city,Paris
IAA | Search | Air Ambulance TO Israel,City — Paris,medical flight cdg to israel,Phrase,,https://ambulancenter.com/,to-israel,city,Paris
IAA | Search | Air Ambulance TO Israel,City — Paris,medical flight from cdg to israel,Phrase,,https://ambulancenter.com/,to-israel,city,Paris
IAA | Search | Air Ambulance TO Israel,City — Paris,medical repatriation from cdg,Phrase,,https://ambulancenter.com/,to-israel,city,Paris
IAA | Search | Air Ambulance TO Israel,City — Paris,patient transfer cdg israel,Phrase,,https://ambulancenter.com/,to-israel,city,Paris
IAA | Search | Air Ambulance TO Israel,City — Paris,icu air ambulance cdg,Phrase,,https://ambulancenter.com/,to-israel,city,Paris
IAA | Search | Air Ambulance TO Israel,City — Paris,emergency medical flight cdg,Phrase,,https://ambulancenter.com/,to-israel,city,Paris
IAA | Search | Air Ambulance TO Israel,City — Paris,private air ambulance cdg,Phrase,,https://ambulancenter.com/,to-israel,city,Paris
IAA | Search | Air Ambulance TO Israel,City — Paris,medical escort flight cdg,Phrase,,https://ambulancenter.com/,to-israel,city,Paris
IAA | Search | Air Ambulance TO Israel,City — Paris,stretcher flight cdg israel,Phrase,,https://ambulancenter.com/,to-israel,city,Paris
IAA | Search | Air Ambulance TO Israel,City — Paris,bed to bed medical transport cdg,Phrase,,https://ambulancenter.com/,to-israel,city,Paris
IAA | Search | Air Ambulance TO Israel,City — Paris,air ambulance orly to israel,Phrase,,https://ambulancenter.com/,to-israel,city,Paris
IAA | Search | Air Ambulance TO Israel,City — Paris,air ambulance israel to orly,Phrase,,https://ambulancenter.com/,to-israel,city,Paris
IAA | Search | Air Ambulance TO Israel,City — Paris,medical flight orly to israel,Phrase,,https://ambulancenter.com/,to-israel,city,Paris
IAA | Search | Air Ambulance TO Israel,City — Paris,medical flight from orly to israel,Phrase,,https://ambulancenter.com/,to-israel,city,Paris
IAA | Search | Air Ambulance TO Israel,City — Paris,medical repatriation from orly,Phrase,,https://ambulancenter.com/,to-israel,city,Paris
IAA | Search | Air Ambulance TO Israel,City — Paris,patient transfer orly israel,Phrase,,https://ambulancenter.com/,to-israel,city,Paris
IAA | Search | Air Ambulance TO Israel,City — Paris,icu air ambulance orly,Phrase,,https://ambulancenter.com/,to-israel,city,Paris
IAA | Search | Air Ambulance TO Israel,City — Paris,emergency medical flight orly,Phrase,,https://ambulancenter.com/,to-israel,city,Paris
IAA | Search | Air Ambulance TO Israel,City — Paris,private air ambulance orly,Phrase,,https://ambulancenter.com/,to-israel,city,Paris
IAA | Search | Air Ambulance TO Israel,City — Paris,medical escort flight orly,Phrase,,https://ambulancenter.com/,to-israel,city,Paris
IAA | Search | Air Ambulance TO Israel,City — Paris,stretcher flight orly israel,Phrase,,https://ambulancenter.com/,to-israel,city,Paris
IAA | Search | Air Ambulance TO Israel,City — Paris,bed to bed medical transport orly,Phrase,,https://ambulancenter.com/,to-israel,city,Paris
IAA | Search | Air Ambulance TO Israel,City — Paris,air ambulance france to israel,Phrase,,https://ambulancenter.com/,to-israel,city,Paris
IAA | Search | Air Ambulance TO Israel,City — Paris,air ambulance israel to france,Phrase,,https://ambulancenter.com/,to-israel,city,Paris
IAA | Search | Air Ambulance TO Israel,City — Paris,medical flight france to israel,Phrase,,https://ambulancenter.com/,to-israel,city,Paris
IAA | Search | Air Ambulance TO Israel,City — Paris,medical repatriation from france,Phrase,,https://ambulancenter.com/,to-israel,city,Paris
IAA | Search | Air Ambulance TO Israel,City — Paris,patient transfer france israel,Phrase,,https://ambulancenter.com/,to-israel,city,Paris
IAA | Search | Air Ambulance TO Israel,City — Paris,icu air ambulance france,Phrase,,https://ambulancenter.com/,to-israel,city,Paris
IAA | Search | Air Ambulance TO Israel,City — Paris,emergency medical flight france,Phrase,,https://ambulancenter.com/,to-israel,city,Paris
IAA | Search | Air Ambulance TO Israel,City — Paris,private air ambulance france,Phrase,,https://ambulancenter.com/,to-israel,city,Paris
IAA | Search | Air Ambulance TO Israel,City — Paris,medical escort flight france,Phrase,,https://ambulancenter.com/,to-israel,city,Paris
IAA | Search | Air Ambulance TO Israel,City — Paris,stretcher flight france israel,Phrase,,https://ambulancenter.com/,to-israel,city,Paris
IAA | Search | Air Ambulance TO Israel,City — Paris,bed to bed medical transport france,Phrase,,https://ambulancenter.com/,to-israel,city,Paris
IAA | Search | Air Ambulance TO Israel,City — Berlin,air ambulance berlin to israel,Phrase,,https://ambulancenter.com/,to-israel,city,Berlin
IAA | Search | Air Ambulance TO Israel,City — Berlin,air ambulance israel to berlin,Phrase,,https://ambulancenter.com/,to-israel,city,Berlin
IAA | Search | Air Ambulance TO Israel,City — Berlin,medical flight berlin to israel,Phrase,,https://ambulancenter.com/,to-israel,city,Berlin
IAA | Search | Air Ambulance TO Israel,City — Berlin,medical flight from berlin to israel,Phrase,,https://ambulancenter.com/,to-israel,city,Berlin
IAA | Search | Air Ambulance TO Israel,City — Berlin,medical repatriation from berlin,Phrase,,https://ambulancenter.com/,to-israel,city,Berlin
IAA | Search | Air Ambulance TO Israel,City — Berlin,patient transfer berlin israel,Phrase,,https://ambulancenter.com/,to-israel,city,Berlin
IAA | Search | Air Ambulance TO Israel,City — Berlin,icu air ambulance berlin,Phrase,,https://ambulancenter.com/,to-israel,city,Berlin
IAA | Search | Air Ambulance TO Israel,City — Berlin,emergency medical flight berlin,Phrase,,https://ambulancenter.com/,to-israel,city,Berlin
IAA | Search | Air Ambulance TO Israel,City — Berlin,private air ambulance berlin,Phrase,,https://ambulancenter.com/,to-israel,city,Berlin
IAA | Search | Air Ambulance TO Israel,City — Berlin,medical escort flight berlin,Phrase,,https://ambulancenter.com/,to-israel,city,Berlin
IAA | Search | Air Ambulance TO Israel,City — Berlin,stretcher flight berlin israel,Phrase,,https://ambulancenter.com/,to-israel,city,Berlin
IAA | Search | Air Ambulance TO Israel,City — Berlin,bed to bed medical transport berlin,Phrase,,https://ambulancenter.com/,to-israel,city,Berlin
IAA | Search | Air Ambulance TO Israel,City — Berlin,air ambulance ber to israel,Phrase,,https://ambulancenter.com/,to-israel,city,Berlin
IAA | Search | Air Ambulance TO Israel,City — Berlin,air ambulance israel to ber,Phrase,,https://ambulancenter.com/,to-israel,city,Berlin
IAA | Search | Air Ambulance TO Israel,City — Berlin,medical flight ber to israel,Phrase,,https://ambulancenter.com/,to-israel,city,Berlin
IAA | Search | Air Ambulance TO Israel,City — Berlin,medical flight from ber to israel,Phrase,,https://ambulancenter.com/,to-israel,city,Berlin
IAA | Search | Air Ambulance TO Israel,City — Berlin,medical repatriation from ber,Phrase,,https://ambulancenter.com/,to-israel,city,Berlin
IAA | Search | Air Ambulance TO Israel,City — Berlin,patient transfer ber israel,Phrase,,https://ambulancenter.com/,to-israel,city,Berlin
IAA | Search | Air Ambulance TO Israel,City — Berlin,icu air ambulance ber,Phrase,,https://ambulancenter.com/,to-israel,city,Berlin
IAA | Search | Air Ambulance TO Israel,City — Berlin,emergency medical flight ber,Phrase,,https://ambulancenter.com/,to-israel,city,Berlin
IAA | Search | Air Ambulance TO Israel,City — Berlin,private air ambulance ber,Phrase,,https://ambulancenter.com/,to-israel,city,Berlin
IAA | Search | Air Ambulance TO Israel,City — Berlin,medical escort flight ber,Phrase,,https://ambulancenter.com/,to-israel,city,Berlin
IAA | Search | Air Ambulance TO Israel,City — Berlin,stretcher flight ber israel,Phrase,,https://ambulancenter.com/,to-israel,city,Berlin
IAA | Search | Air Ambulance TO Israel,City — Berlin,bed to bed medical transport ber,Phrase,,https://ambulancenter.com/,to-israel,city,Berlin
IAA | Search | Air Ambulance TO Israel,City — Berlin,air ambulance germany to israel,Phrase,,https://ambulancenter.com/,to-israel,city,Berlin
IAA | Search | Air Ambulance TO Israel,City — Berlin,air ambulance israel to germany,Phrase,,https://ambulancenter.com/,to-israel,city,Berlin
IAA | Search | Air Ambulance TO Israel,City — Berlin,medical flight germany to israel,Phrase,,https://ambulancenter.com/,to-israel,city,Berlin
IAA | Search | Air Ambulance TO Israel,City — Berlin,medical repatriation from germany,Phrase,,https://ambulancenter.com/,to-israel,city,Berlin
IAA | Search | Air Ambulance TO Israel,City — Berlin,patient transfer germany israel,Phrase,,https://ambulancenter.com/,to-israel,city,Berlin
IAA | Search | Air Ambulance TO Israel,City — Berlin,icu air ambulance germany,Phrase,,https://ambulancenter.com/,to-israel,city,Berlin
IAA | Search | Air Ambulance TO Israel,City — Berlin,emergency medical flight germany,Phrase,,https://ambulancenter.com/,to-israel,city,Berlin
IAA | Search | Air Ambulance TO Israel,City — Berlin,private air ambulance germany,Phrase,,https://ambulancenter.com/,to-israel,city,Berlin
IAA | Search | Air Ambulance TO Israel,City — Berlin,medical escort flight germany,Phrase,,https://ambulancenter.com/,to-israel,city,Berlin
IAA | Search | Air Ambulance TO Israel,City — Berlin,stretcher flight germany israel,Phrase,,https://ambulancenter.com/,to-israel,city,Berlin
IAA | Search | Air Ambulance TO Israel,City — Berlin,bed to bed medical transport germany,Phrase,,https://ambulancenter.com/,to-israel,city,Berlin
IAA | Search | Air Ambulance TO Israel,City — Zurich,air ambulance zurich to israel,Phrase,,https://ambulancenter.com/,to-israel,city,Zurich
IAA | Search | Air Ambulance TO Israel,City — Zurich,air ambulance israel to zurich,Phrase,,https://ambulancenter.com/,to-israel,city,Zurich
IAA | Search | Air Ambulance TO Israel,City — Zurich,medical flight zurich to israel,Phrase,,https://ambulancenter.com/,to-israel,city,Zurich
IAA | Search | Air Ambulance TO Israel,City — Zurich,medical flight from zurich to israel,Phrase,,https://ambulancenter.com/,to-israel,city,Zurich
IAA | Search | Air Ambulance TO Israel,City — Zurich,medical repatriation from zurich,Phrase,,https://ambulancenter.com/,to-israel,city,Zurich
IAA | Search | Air Ambulance TO Israel,City — Zurich,patient transfer zurich israel,Phrase,,https://ambulancenter.com/,to-israel,city,Zurich
IAA | Search | Air Ambulance TO Israel,City — Zurich,icu air ambulance zurich,Phrase,,https://ambulancenter.com/,to-israel,city,Zurich
IAA | Search | Air Ambulance TO Israel,City — Zurich,emergency medical flight zurich,Phrase,,https://ambulancenter.com/,to-israel,city,Zurich
IAA | Search | Air Ambulance TO Israel,City — Zurich,private air ambulance zurich,Phrase,,https://ambulancenter.com/,to-israel,city,Zurich
IAA | Search | Air Ambulance TO Israel,City — Zurich,medical escort flight zurich,Phrase,,https://ambulancenter.com/,to-israel,city,Zurich
IAA | Search | Air Ambulance TO Israel,City — Zurich,stretcher flight zurich israel,Phrase,,https://ambulancenter.com/,to-israel,city,Zurich
IAA | Search | Air Ambulance TO Israel,City — Zurich,bed to bed medical transport zurich,Phrase,,https://ambulancenter.com/,to-israel,city,Zurich
IAA | Search | Air Ambulance TO Israel,City — Zurich,air ambulance zrh to israel,Phrase,,https://ambulancenter.com/,to-israel,city,Zurich
IAA | Search | Air Ambulance TO Israel,City — Zurich,air ambulance israel to zrh,Phrase,,https://ambulancenter.com/,to-israel,city,Zurich
IAA | Search | Air Ambulance TO Israel,City — Zurich,medical flight zrh to israel,Phrase,,https://ambulancenter.com/,to-israel,city,Zurich
IAA | Search | Air Ambulance TO Israel,City — Zurich,medical flight from zrh to israel,Phrase,,https://ambulancenter.com/,to-israel,city,Zurich
IAA | Search | Air Ambulance TO Israel,City — Zurich,medical repatriation from zrh,Phrase,,https://ambulancenter.com/,to-israel,city,Zurich
IAA | Search | Air Ambulance TO Israel,City — Zurich,patient transfer zrh israel,Phrase,,https://ambulancenter.com/,to-israel,city,Zurich
IAA | Search | Air Ambulance TO Israel,City — Zurich,icu air ambulance zrh,Phrase,,https://ambulancenter.com/,to-israel,city,Zurich
IAA | Search | Air Ambulance TO Israel,City — Zurich,emergency medical flight zrh,Phrase,,https://ambulancenter.com/,to-israel,city,Zurich
IAA | Search | Air Ambulance TO Israel,City — Zurich,private air ambulance zrh,Phrase,,https://ambulancenter.com/,to-israel,city,Zurich
IAA | Search | Air Ambulance TO Israel,City — Zurich,medical escort flight zrh,Phrase,,https://ambulancenter.com/,to-israel,city,Zurich
IAA | Search | Air Ambulance TO Israel,City — Zurich,stretcher flight zrh israel,Phrase,,https://ambulancenter.com/,to-israel,city,Zurich
IAA | Search | Air Ambulance TO Israel,City — Zurich,bed to bed medical transport zrh,Phrase,,https://ambulancenter.com/,to-israel,city,Zurich
IAA | Search | Air Ambulance TO Israel,City — Zurich,air ambulance switzerland to israel,Phrase,,https://ambulancenter.com/,to-israel,city,Zurich
IAA | Search | Air Ambulance TO Israel,City — Zurich,air ambulance israel to switzerland,Phrase,,https://ambulancenter.com/,to-israel,city,Zurich
IAA | Search | Air Ambulance TO Israel,City — Zurich,medical flight switzerland to israel,Phrase,,https://ambulancenter.com/,to-israel,city,Zurich
IAA | Search | Air Ambulance TO Israel,City — Zurich,medical repatriation from switzerland,Phrase,,https://ambulancenter.com/,to-israel,city,Zurich
IAA | Search | Air Ambulance TO Israel,City — Zurich,patient transfer switzerland israel,Phrase,,https://ambulancenter.com/,to-israel,city,Zurich
IAA | Search | Air Ambulance TO Israel,City — Zurich,icu air ambulance switzerland,Phrase,,https://ambulancenter.com/,to-israel,city,Zurich
IAA | Search | Air Ambulance TO Israel,City — Zurich,emergency medical flight switzerland,Phrase,,https://ambulancenter.com/,to-israel,city,Zurich
IAA | Search | Air Ambulance TO Israel,City — Zurich,private air ambulance switzerland,Phrase,,https://ambulancenter.com/,to-israel,city,Zurich
IAA | Search | Air Ambulance TO Israel,City — Zurich,medical escort flight switzerland,Phrase,,https://ambulancenter.com/,to-israel,city,Zurich
IAA | Search | Air Ambulance TO Israel,City — Zurich,stretcher flight switzerland israel,Phrase,,https://ambulancenter.com/,to-israel,city,Zurich
IAA | Search | Air Ambulance TO Israel,City — Zurich,bed to bed medical transport switzerland,Phrase,,https://ambulancenter.com/,to-israel,city,Zurich
IAA | Search | Air Ambulance TO Israel,City — Rome,air ambulance rome to israel,Phrase,,https://ambulancenter.com/,to-israel,city,Rome
IAA | Search | Air Ambulance TO Israel,City — Rome,air ambulance israel to rome,Phrase,,https://ambulancenter.com/,to-israel,city,Rome
IAA | Search | Air Ambulance TO Israel,City — Rome,medical flight rome to israel,Phrase,,https://ambulancenter.com/,to-israel,city,Rome
IAA | Search | Air Ambulance TO Israel,City — Rome,medical flight from rome to israel,Phrase,,https://ambulancenter.com/,to-israel,city,Rome
IAA | Search | Air Ambulance TO Israel,City — Rome,medical repatriation from rome,Phrase,,https://ambulancenter.com/,to-israel,city,Rome
IAA | Search | Air Ambulance TO Israel,City — Rome,patient transfer rome israel,Phrase,,https://ambulancenter.com/,to-israel,city,Rome
IAA | Search | Air Ambulance TO Israel,City — Rome,icu air ambulance rome,Phrase,,https://ambulancenter.com/,to-israel,city,Rome
IAA | Search | Air Ambulance TO Israel,City — Rome,emergency medical flight rome,Phrase,,https://ambulancenter.com/,to-israel,city,Rome
IAA | Search | Air Ambulance TO Israel,City — Rome,private air ambulance rome,Phrase,,https://ambulancenter.com/,to-israel,city,Rome
IAA | Search | Air Ambulance TO Israel,City — Rome,medical escort flight rome,Phrase,,https://ambulancenter.com/,to-israel,city,Rome
IAA | Search | Air Ambulance TO Israel,City — Rome,stretcher flight rome israel,Phrase,,https://ambulancenter.com/,to-israel,city,Rome
IAA | Search | Air Ambulance TO Israel,City — Rome,bed to bed medical transport rome,Phrase,,https://ambulancenter.com/,to-israel,city,Rome
IAA | Search | Air Ambulance TO Israel,City — Rome,air ambulance fco to israel,Phrase,,https://ambulancenter.com/,to-israel,city,Rome
IAA | Search | Air Ambulance TO Israel,City — Rome,air ambulance israel to fco,Phrase,,https://ambulancenter.com/,to-israel,city,Rome
IAA | Search | Air Ambulance TO Israel,City — Rome,medical flight fco to israel,Phrase,,https://ambulancenter.com/,to-israel,city,Rome
IAA | Search | Air Ambulance TO Israel,City — Rome,medical flight from fco to israel,Phrase,,https://ambulancenter.com/,to-israel,city,Rome
IAA | Search | Air Ambulance TO Israel,City — Rome,medical repatriation from fco,Phrase,,https://ambulancenter.com/,to-israel,city,Rome
IAA | Search | Air Ambulance TO Israel,City — Rome,patient transfer fco israel,Phrase,,https://ambulancenter.com/,to-israel,city,Rome
IAA | Search | Air Ambulance TO Israel,City — Rome,icu air ambulance fco,Phrase,,https://ambulancenter.com/,to-israel,city,Rome
IAA | Search | Air Ambulance TO Israel,City — Rome,emergency medical flight fco,Phrase,,https://ambulancenter.com/,to-israel,city,Rome
IAA | Search | Air Ambulance TO Israel,City — Rome,private air ambulance fco,Phrase,,https://ambulancenter.com/,to-israel,city,Rome
IAA | Search | Air Ambulance TO Israel,City — Rome,medical escort flight fco,Phrase,,https://ambulancenter.com/,to-israel,city,Rome
IAA | Search | Air Ambulance TO Israel,City — Rome,stretcher flight fco israel,Phrase,,https://ambulancenter.com/,to-israel,city,Rome
IAA | Search | Air Ambulance TO Israel,City — Rome,bed to bed medical transport fco,Phrase,,https://ambulancenter.com/,to-israel,city,Rome
IAA | Search | Air Ambulance TO Israel,City — Rome,air ambulance roma to israel,Phrase,,https://ambulancenter.com/,to-israel,city,Rome
IAA | Search | Air Ambulance TO Israel,City — Rome,air ambulance israel to roma,Phrase,,https://ambulancenter.com/,to-israel,city,Rome
IAA | Search | Air Ambulance TO Israel,City — Rome,medical flight roma to israel,Phrase,,https://ambulancenter.com/,to-israel,city,Rome
IAA | Search | Air Ambulance TO Israel,City — Rome,medical flight from roma to israel,Phrase,,https://ambulancenter.com/,to-israel,city,Rome
IAA | Search | Air Ambulance TO Israel,City — Rome,medical repatriation from roma,Phrase,,https://ambulancenter.com/,to-israel,city,Rome
IAA | Search | Air Ambulance TO Israel,City — Rome,patient transfer roma israel,Phrase,,https://ambulancenter.com/,to-israel,city,Rome
IAA | Search | Air Ambulance TO Israel,City — Rome,icu air ambulance roma,Phrase,,https://ambulancenter.com/,to-israel,city,Rome
IAA | Search | Air Ambulance TO Israel,City — Rome,emergency medical flight roma,Phrase,,https://ambulancenter.com/,to-israel,city,Rome
IAA | Search | Air Ambulance TO Israel,City — Rome,private air ambulance roma,Phrase,,https://ambulancenter.com/,to-israel,city,Rome
IAA | Search | Air Ambulance TO Israel,City — Rome,medical escort flight roma,Phrase,,https://ambulancenter.com/,to-israel,city,Rome
IAA | Search | Air Ambulance TO Israel,City — Rome,stretcher flight roma israel,Phrase,,https://ambulancenter.com/,to-israel,city,Rome
IAA | Search | Air Ambulance TO Israel,City — Rome,bed to bed medical transport roma,Phrase,,https://ambulancenter.com/,to-israel,city,Rome
IAA | Search | Air Ambulance TO Israel,City — Rome,air ambulance italy to israel,Phrase,,https://ambulancenter.com/,to-israel,city,Rome
IAA | Search | Air Ambulance TO Israel,City — Rome,air ambulance israel to italy,Phrase,,https://ambulancenter.com/,to-israel,city,Rome
IAA | Search | Air Ambulance TO Israel,City — Rome,medical flight italy to israel,Phrase,,https://ambulancenter.com/,to-israel,city,Rome
IAA | Search | Air Ambulance TO Israel,City — Rome,medical repatriation from italy,Phrase,,https://ambulancenter.com/,to-israel,city,Rome
IAA | Search | Air Ambulance TO Israel,City — Rome,patient transfer italy israel,Phrase,,https://ambulancenter.com/,to-israel,city,Rome
IAA | Search | Air Ambulance TO Israel,City — Rome,icu air ambulance italy,Phrase,,https://ambulancenter.com/,to-israel,city,Rome
IAA | Search | Air Ambulance TO Israel,City — Rome,emergency medical flight italy,Phrase,,https://ambulancenter.com/,to-israel,city,Rome
IAA | Search | Air Ambulance TO Israel,City — Rome,private air ambulance italy,Phrase,,https://ambulancenter.com/,to-israel,city,Rome
IAA | Search | Air Ambulance TO Israel,City — Rome,medical escort flight italy,Phrase,,https://ambulancenter.com/,to-israel,city,Rome
IAA | Search | Air Ambulance TO Israel,City — Rome,stretcher flight italy israel,Phrase,,https://ambulancenter.com/,to-israel,city,Rome
IAA | Search | Air Ambulance TO Israel,City — Rome,bed to bed medical transport italy,Phrase,,https://ambulancenter.com/,to-israel,city,Rome
IAA | Search | Air Ambulance TO Israel,City — Athens,air ambulance athens to israel,Phrase,,https://ambulancenter.com/,to-israel,city,Athens
IAA | Search | Air Ambulance TO Israel,City — Athens,air ambulance israel to athens,Phrase,,https://ambulancenter.com/,to-israel,city,Athens
IAA | Search | Air Ambulance TO Israel,City — Athens,medical flight athens to israel,Phrase,,https://ambulancenter.com/,to-israel,city,Athens
IAA | Search | Air Ambulance TO Israel,City — Athens,medical flight from athens to israel,Phrase,,https://ambulancenter.com/,to-israel,city,Athens
IAA | Search | Air Ambulance TO Israel,City — Athens,medical repatriation from athens,Phrase,,https://ambulancenter.com/,to-israel,city,Athens
IAA | Search | Air Ambulance TO Israel,City — Athens,patient transfer athens israel,Phrase,,https://ambulancenter.com/,to-israel,city,Athens
IAA | Search | Air Ambulance TO Israel,City — Athens,icu air ambulance athens,Phrase,,https://ambulancenter.com/,to-israel,city,Athens
IAA | Search | Air Ambulance TO Israel,City — Athens,emergency medical flight athens,Phrase,,https://ambulancenter.com/,to-israel,city,Athens
IAA | Search | Air Ambulance TO Israel,City — Athens,private air ambulance athens,Phrase,,https://ambulancenter.com/,to-israel,city,Athens
IAA | Search | Air Ambulance TO Israel,City — Athens,medical escort flight athens,Phrase,,https://ambulancenter.com/,to-israel,city,Athens
IAA | Search | Air Ambulance TO Israel,City — Athens,stretcher flight athens israel,Phrase,,https://ambulancenter.com/,to-israel,city,Athens
IAA | Search | Air Ambulance TO Israel,City — Athens,bed to bed medical transport athens,Phrase,,https://ambulancenter.com/,to-israel,city,Athens
IAA | Search | Air Ambulance TO Israel,City — Athens,air ambulance ath to israel,Phrase,,https://ambulancenter.com/,to-israel,city,Athens
IAA | Search | Air Ambulance TO Israel,City — Athens,air ambulance israel to ath,Phrase,,https://ambulancenter.com/,to-israel,city,Athens
IAA | Search | Air Ambulance TO Israel,City — Athens,medical flight ath to israel,Phrase,,https://ambulancenter.com/,to-israel,city,Athens
IAA | Search | Air Ambulance TO Israel,City — Athens,medical flight from ath to israel,Phrase,,https://ambulancenter.com/,to-israel,city,Athens
IAA | Search | Air Ambulance TO Israel,City — Athens,medical repatriation from ath,Phrase,,https://ambulancenter.com/,to-israel,city,Athens
IAA | Search | Air Ambulance TO Israel,City — Athens,patient transfer ath israel,Phrase,,https://ambulancenter.com/,to-israel,city,Athens
IAA | Search | Air Ambulance TO Israel,City — Athens,icu air ambulance ath,Phrase,,https://ambulancenter.com/,to-israel,city,Athens
IAA | Search | Air Ambulance TO Israel,City — Athens,emergency medical flight ath,Phrase,,https://ambulancenter.com/,to-israel,city,Athens
IAA | Search | Air Ambulance TO Israel,City — Athens,private air ambulance ath,Phrase,,https://ambulancenter.com/,to-israel,city,Athens
IAA | Search | Air Ambulance TO Israel,City — Athens,medical escort flight ath,Phrase,,https://ambulancenter.com/,to-israel,city,Athens
IAA | Search | Air Ambulance TO Israel,City — Athens,stretcher flight ath israel,Phrase,,https://ambulancenter.com/,to-israel,city,Athens
IAA | Search | Air Ambulance TO Israel,City — Athens,bed to bed medical transport ath,Phrase,,https://ambulancenter.com/,to-israel,city,Athens
IAA | Search | Air Ambulance TO Israel,City — Athens,air ambulance greece to israel,Phrase,,https://ambulancenter.com/,to-israel,city,Athens
IAA | Search | Air Ambulance TO Israel,City — Athens,air ambulance israel to greece,Phrase,,https://ambulancenter.com/,to-israel,city,Athens
IAA | Search | Air Ambulance TO Israel,City — Athens,medical flight greece to israel,Phrase,,https://ambulancenter.com/,to-israel,city,Athens
IAA | Search | Air Ambulance TO Israel,City — Athens,medical repatriation from greece,Phrase,,https://ambulancenter.com/,to-israel,city,Athens
IAA | Search | Air Ambulance TO Israel,City — Athens,patient transfer greece israel,Phrase,,https://ambulancenter.com/,to-israel,city,Athens
IAA | Search | Air Ambulance TO Israel,City — Athens,icu air ambulance greece,Phrase,,https://ambulancenter.com/,to-israel,city,Athens
IAA | Search | Air Ambulance TO Israel,City — Athens,emergency medical flight greece,Phrase,,https://ambulancenter.com/,to-israel,city,Athens
IAA | Search | Air Ambulance TO Israel,City — Athens,private air ambulance greece,Phrase,,https://ambulancenter.com/,to-israel,city,Athens
IAA | Search | Air Ambulance TO Israel,City — Athens,medical escort flight greece,Phrase,,https://ambulancenter.com/,to-israel,city,Athens
IAA | Search | Air Ambulance TO Israel,City — Athens,stretcher flight greece israel,Phrase,,https://ambulancenter.com/,to-israel,city,Athens
IAA | Search | Air Ambulance TO Israel,City — Athens,bed to bed medical transport greece,Phrase,,https://ambulancenter.com/,to-israel,city,Athens
IAA | Search | Air Ambulance TO Israel,City — Dubai,air ambulance dubai to israel,Phrase,,https://ambulancenter.com/,to-israel,city,Dubai
IAA | Search | Air Ambulance TO Israel,City — Dubai,air ambulance israel to dubai,Phrase,,https://ambulancenter.com/,to-israel,city,Dubai
IAA | Search | Air Ambulance TO Israel,City — Dubai,medical flight dubai to israel,Phrase,,https://ambulancenter.com/,to-israel,city,Dubai
IAA | Search | Air Ambulance TO Israel,City — Dubai,medical flight from dubai to israel,Phrase,,https://ambulancenter.com/,to-israel,city,Dubai
IAA | Search | Air Ambulance TO Israel,City — Dubai,medical repatriation from dubai,Phrase,,https://ambulancenter.com/,to-israel,city,Dubai
IAA | Search | Air Ambulance TO Israel,City — Dubai,patient transfer dubai israel,Phrase,,https://ambulancenter.com/,to-israel,city,Dubai
IAA | Search | Air Ambulance TO Israel,City — Dubai,icu air ambulance dubai,Phrase,,https://ambulancenter.com/,to-israel,city,Dubai
IAA | Search | Air Ambulance TO Israel,City — Dubai,emergency medical flight dubai,Phrase,,https://ambulancenter.com/,to-israel,city,Dubai
IAA | Search | Air Ambulance TO Israel,City — Dubai,private air ambulance dubai,Phrase,,https://ambulancenter.com/,to-israel,city,Dubai
IAA | Search | Air Ambulance TO Israel,City — Dubai,medical escort flight dubai,Phrase,,https://ambulancenter.com/,to-israel,city,Dubai
IAA | Search | Air Ambulance TO Israel,City — Dubai,stretcher flight dubai israel,Phrase,,https://ambulancenter.com/,to-israel,city,Dubai
IAA | Search | Air Ambulance TO Israel,City — Dubai,bed to bed medical transport dubai,Phrase,,https://ambulancenter.com/,to-israel,city,Dubai
IAA | Search | Air Ambulance TO Israel,City — Dubai,air ambulance dxb to israel,Phrase,,https://ambulancenter.com/,to-israel,city,Dubai
IAA | Search | Air Ambulance TO Israel,City — Dubai,air ambulance israel to dxb,Phrase,,https://ambulancenter.com/,to-israel,city,Dubai
IAA | Search | Air Ambulance TO Israel,City — Dubai,medical flight dxb to israel,Phrase,,https://ambulancenter.com/,to-israel,city,Dubai
IAA | Search | Air Ambulance TO Israel,City — Dubai,medical flight from dxb to israel,Phrase,,https://ambulancenter.com/,to-israel,city,Dubai
IAA | Search | Air Ambulance TO Israel,City — Dubai,medical repatriation from dxb,Phrase,,https://ambulancenter.com/,to-israel,city,Dubai
IAA | Search | Air Ambulance TO Israel,City — Dubai,patient transfer dxb israel,Phrase,,https://ambulancenter.com/,to-israel,city,Dubai
IAA | Search | Air Ambulance TO Israel,City — Dubai,icu air ambulance dxb,Phrase,,https://ambulancenter.com/,to-israel,city,Dubai
IAA | Search | Air Ambulance TO Israel,City — Dubai,emergency medical flight dxb,Phrase,,https://ambulancenter.com/,to-israel,city,Dubai
IAA | Search | Air Ambulance TO Israel,City — Dubai,private air ambulance dxb,Phrase,,https://ambulancenter.com/,to-israel,city,Dubai
IAA | Search | Air Ambulance TO Israel,City — Dubai,medical escort flight dxb,Phrase,,https://ambulancenter.com/,to-israel,city,Dubai
IAA | Search | Air Ambulance TO Israel,City — Dubai,stretcher flight dxb israel,Phrase,,https://ambulancenter.com/,to-israel,city,Dubai
IAA | Search | Air Ambulance TO Israel,City — Dubai,bed to bed medical transport dxb,Phrase,,https://ambulancenter.com/,to-israel,city,Dubai
IAA | Search | Air Ambulance TO Israel,City — Dubai,air ambulance united arab emirates to israel,Phrase,,https://ambulancenter.com/,to-israel,city,Dubai
IAA | Search | Air Ambulance TO Israel,City — Dubai,air ambulance israel to united arab emirates,Phrase,,https://ambulancenter.com/,to-israel,city,Dubai
IAA | Search | Air Ambulance TO Israel,City — Dubai,medical flight united arab emirates to israel,Phrase,,https://ambulancenter.com/,to-israel,city,Dubai
IAA | Search | Air Ambulance TO Israel,City — Dubai,medical repatriation from united arab emirates,Phrase,,https://ambulancenter.com/,to-israel,city,Dubai
IAA | Search | Air Ambulance TO Israel,City — Dubai,patient transfer united arab emirates israel,Phrase,,https://ambulancenter.com/,to-israel,city,Dubai
IAA | Search | Air Ambulance TO Israel,City — Dubai,icu air ambulance united arab emirates,Phrase,,https://ambulancenter.com/,to-israel,city,Dubai
IAA | Search | Air Ambulance TO Israel,City — Dubai,emergency medical flight united arab emirates,Phrase,,https://ambulancenter.com/,to-israel,city,Dubai
IAA | Search | Air Ambulance TO Israel,City — Dubai,private air ambulance united arab emirates,Phrase,,https://ambulancenter.com/,to-israel,city,Dubai
IAA | Search | Air Ambulance TO Israel,City — Dubai,medical escort flight united arab emirates,Phrase,,https://ambulancenter.com/,to-israel,city,Dubai
IAA | Search | Air Ambulance TO Israel,City — Dubai,stretcher flight united arab emirates israel,Phrase,,https://ambulancenter.com/,to-israel,city,Dubai
IAA | Search | Air Ambulance TO Israel,City — Dubai,bed to bed medical transport united arab emirates,Phrase,,https://ambulancenter.com/,to-israel,city,Dubai
IAA | Search | Air Ambulance TO Israel,City — Bangkok,air ambulance bangkok to israel,Phrase,,https://ambulancenter.com/,to-israel,city,Bangkok
IAA | Search | Air Ambulance TO Israel,City — Bangkok,air ambulance israel to bangkok,Phrase,,https://ambulancenter.com/,to-israel,city,Bangkok
IAA | Search | Air Ambulance TO Israel,City — Bangkok,medical flight bangkok to israel,Phrase,,https://ambulancenter.com/,to-israel,city,Bangkok
IAA | Search | Air Ambulance TO Israel,City — Bangkok,medical flight from bangkok to israel,Phrase,,https://ambulancenter.com/,to-israel,city,Bangkok
IAA | Search | Air Ambulance TO Israel,City — Bangkok,medical repatriation from bangkok,Phrase,,https://ambulancenter.com/,to-israel,city,Bangkok
IAA | Search | Air Ambulance TO Israel,City — Bangkok,patient transfer bangkok israel,Phrase,,https://ambulancenter.com/,to-israel,city,Bangkok
IAA | Search | Air Ambulance TO Israel,City — Bangkok,icu air ambulance bangkok,Phrase,,https://ambulancenter.com/,to-israel,city,Bangkok
IAA | Search | Air Ambulance TO Israel,City — Bangkok,emergency medical flight bangkok,Phrase,,https://ambulancenter.com/,to-israel,city,Bangkok
IAA | Search | Air Ambulance TO Israel,City — Bangkok,private air ambulance bangkok,Phrase,,https://ambulancenter.com/,to-israel,city,Bangkok
IAA | Search | Air Ambulance TO Israel,City — Bangkok,medical escort flight bangkok,Phrase,,https://ambulancenter.com/,to-israel,city,Bangkok
IAA | Search | Air Ambulance TO Israel,City — Bangkok,stretcher flight bangkok israel,Phrase,,https://ambulancenter.com/,to-israel,city,Bangkok
IAA | Search | Air Ambulance TO Israel,City — Bangkok,bed to bed medical transport bangkok,Phrase,,https://ambulancenter.com/,to-israel,city,Bangkok
IAA | Search | Air Ambulance TO Israel,City — Bangkok,air ambulance bkk to israel,Phrase,,https://ambulancenter.com/,to-israel,city,Bangkok
IAA | Search | Air Ambulance TO Israel,City — Bangkok,air ambulance israel to bkk,Phrase,,https://ambulancenter.com/,to-israel,city,Bangkok
IAA | Search | Air Ambulance TO Israel,City — Bangkok,medical flight bkk to israel,Phrase,,https://ambulancenter.com/,to-israel,city,Bangkok
IAA | Search | Air Ambulance TO Israel,City — Bangkok,medical flight from bkk to israel,Phrase,,https://ambulancenter.com/,to-israel,city,Bangkok
IAA | Search | Air Ambulance TO Israel,City — Bangkok,medical repatriation from bkk,Phrase,,https://ambulancenter.com/,to-israel,city,Bangkok
IAA | Search | Air Ambulance TO Israel,City — Bangkok,patient transfer bkk israel,Phrase,,https://ambulancenter.com/,to-israel,city,Bangkok
IAA | Search | Air Ambulance TO Israel,City — Bangkok,icu air ambulance bkk,Phrase,,https://ambulancenter.com/,to-israel,city,Bangkok
IAA | Search | Air Ambulance TO Israel,City — Bangkok,emergency medical flight bkk,Phrase,,https://ambulancenter.com/,to-israel,city,Bangkok
IAA | Search | Air Ambulance TO Israel,City — Bangkok,private air ambulance bkk,Phrase,,https://ambulancenter.com/,to-israel,city,Bangkok
IAA | Search | Air Ambulance TO Israel,City — Bangkok,medical escort flight bkk,Phrase,,https://ambulancenter.com/,to-israel,city,Bangkok
IAA | Search | Air Ambulance TO Israel,City — Bangkok,stretcher flight bkk israel,Phrase,,https://ambulancenter.com/,to-israel,city,Bangkok
IAA | Search | Air Ambulance TO Israel,City — Bangkok,bed to bed medical transport bkk,Phrase,,https://ambulancenter.com/,to-israel,city,Bangkok
IAA | Search | Air Ambulance TO Israel,City — Bangkok,air ambulance thailand to israel,Phrase,,https://ambulancenter.com/,to-israel,city,Bangkok
IAA | Search | Air Ambulance TO Israel,City — Bangkok,air ambulance israel to thailand,Phrase,,https://ambulancenter.com/,to-israel,city,Bangkok
IAA | Search | Air Ambulance TO Israel,City — Bangkok,medical flight thailand to israel,Phrase,,https://ambulancenter.com/,to-israel,city,Bangkok
IAA | Search | Air Ambulance TO Israel,City — Bangkok,medical repatriation from thailand,Phrase,,https://ambulancenter.com/,to-israel,city,Bangkok
IAA | Search | Air Ambulance TO Israel,City — Bangkok,patient transfer thailand israel,Phrase,,https://ambulancenter.com/,to-israel,city,Bangkok
IAA | Search | Air Ambulance TO Israel,City — Bangkok,icu air ambulance thailand,Phrase,,https://ambulancenter.com/,to-israel,city,Bangkok
IAA | Search | Air Ambulance TO Israel,City — Bangkok,emergency medical flight thailand,Phrase,,https://ambulancenter.com/,to-israel,city,Bangkok
IAA | Search | Air Ambulance TO Israel,City — Bangkok,private air ambulance thailand,Phrase,,https://ambulancenter.com/,to-israel,city,Bangkok
IAA | Search | Air Ambulance TO Israel,City — Bangkok,medical escort flight thailand,Phrase,,https://ambulancenter.com/,to-israel,city,Bangkok
IAA | Search | Air Ambulance TO Israel,City — Bangkok,stretcher flight thailand israel,Phrase,,https://ambulancenter.com/,to-israel,city,Bangkok
IAA | Search | Air Ambulance TO Israel,City — Bangkok,bed to bed medical transport thailand,Phrase,,https://ambulancenter.com/,to-israel,city,Bangkok
IAA | Search | Air Ambulance FROM Israel,Core High Intent,air ambulance from israel,Exact,,https://ambulancenter.com/,from-israel,from_israel,global
IAA | Search | Air Ambulance FROM Israel,Core High Intent,air ambulance from israel,Phrase,,https://ambulancenter.com/,from-israel,from_israel,global
IAA | Search | Air Ambulance FROM Israel,Core High Intent,medical flight from israel,Exact,,https://ambulancenter.com/,from-israel,from_israel,global
IAA | Search | Air Ambulance FROM Israel,Core High Intent,medical flight from israel,Phrase,,https://ambulancenter.com/,from-israel,from_israel,global
IAA | Search | Air Ambulance FROM Israel,Core High Intent,fly patient from israel,Exact,,https://ambulancenter.com/,from-israel,from_israel,global
IAA | Search | Air Ambulance FROM Israel,Core High Intent,fly patient from israel,Phrase,,https://ambulancenter.com/,from-israel,from_israel,global
IAA | Search | Air Ambulance FROM Israel,Core High Intent,medical repatriation from israel,Exact,,https://ambulancenter.com/,from-israel,from_israel,global
IAA | Search | Air Ambulance FROM Israel,Core High Intent,medical repatriation from israel,Phrase,,https://ambulancenter.com/,from-israel,from_israel,global
IAA | Search | Air Ambulance FROM Israel,Core High Intent,emergency medical flight from israel,Exact,,https://ambulancenter.com/,from-israel,from_israel,global
IAA | Search | Air Ambulance FROM Israel,Core High Intent,emergency medical flight from israel,Phrase,,https://ambulancenter.com/,from-israel,from_israel,global
IAA | Search | Air Ambulance FROM Israel,Core High Intent,private air ambulance from israel,Exact,,https://ambulancenter.com/,from-israel,from_israel,global
IAA | Search | Air Ambulance FROM Israel,Core High Intent,private air ambulance from israel,Phrase,,https://ambulancenter.com/,from-israel,from_israel,global
IAA | Search | Air Ambulance FROM Israel,Core High Intent,patient transfer from israel,Exact,,https://ambulancenter.com/,from-israel,from_israel,global
IAA | Search | Air Ambulance FROM Israel,Core High Intent,patient transfer from israel,Phrase,,https://ambulancenter.com/,from-israel,from_israel,global
IAA | Search | Air Ambulance FROM Israel,Core High Intent,medical transport from israel,Exact,,https://ambulancenter.com/,from-israel,from_israel,global
IAA | Search | Air Ambulance FROM Israel,Core High Intent,medical transport from israel,Phrase,,https://ambulancenter.com/,from-israel,from_israel,global
IAA | Search | Air Ambulance FROM Israel,Core High Intent,air ambulance out of israel,Exact,,https://ambulancenter.com/,from-israel,from_israel,global
IAA | Search | Air Ambulance FROM Israel,Core High Intent,air ambulance out of israel,Phrase,,https://ambulancenter.com/,from-israel,from_israel,global
IAA | Search | Air Ambulance FROM Israel,Core High Intent,leave israel medical flight,Exact,,https://ambulancenter.com/,from-israel,from_israel,global
IAA | Search | Air Ambulance FROM Israel,Core High Intent,leave israel medical flight,Phrase,,https://ambulancenter.com/,from-israel,from_israel,global
IAA | Search | Air Ambulance FROM Israel,Core High Intent,international transfer from israel,Exact,,https://ambulancenter.com/,from-israel,from_israel,global
IAA | Search | Air Ambulance FROM Israel,Core High Intent,international transfer from israel,Phrase,,https://ambulancenter.com/,from-israel,from_israel,global
IAA | Search | Air Ambulance FROM Israel,Core High Intent,icu transport from israel,Exact,,https://ambulancenter.com/,from-israel,from_israel,global
IAA | Search | Air Ambulance FROM Israel,Core High Intent,icu transport from israel,Phrase,,https://ambulancenter.com/,from-israel,from_israel,global
IAA | Search | Air Ambulance FROM Israel,Core High Intent,air ambulance tel aviv to abroad,Exact,,https://ambulancenter.com/,from-israel,from_israel,global
IAA | Search | Air Ambulance FROM Israel,Core High Intent,air ambulance tel aviv to abroad,Phrase,,https://ambulancenter.com/,from-israel,from_israel,global
IAA | Search | Air Ambulance FROM Israel,City — New York,air ambulance from israel to new york,Phrase,,https://ambulancenter.com/,from-israel,city_from,New York
IAA | Search | Air Ambulance FROM Israel,City — New York,medical flight israel to new york,Phrase,,https://ambulancenter.com/,from-israel,city_from,New York
IAA | Search | Air Ambulance FROM Israel,City — New York,patient transfer israel to new york,Phrase,,https://ambulancenter.com/,from-israel,city_from,New York
IAA | Search | Air Ambulance FROM Israel,City — Miami,air ambulance from israel to miami,Phrase,,https://ambulancenter.com/,from-israel,city_from,Miami
IAA | Search | Air Ambulance FROM Israel,City — Miami,medical flight israel to miami,Phrase,,https://ambulancenter.com/,from-israel,city_from,Miami
IAA | Search | Air Ambulance FROM Israel,City — Miami,patient transfer israel to miami,Phrase,,https://ambulancenter.com/,from-israel,city_from,Miami
IAA | Search | Air Ambulance FROM Israel,City — Boston,air ambulance from israel to boston,Phrase,,https://ambulancenter.com/,from-israel,city_from,Boston
IAA | Search | Air Ambulance FROM Israel,City — Boston,medical flight israel to boston,Phrase,,https://ambulancenter.com/,from-israel,city_from,Boston
IAA | Search | Air Ambulance FROM Israel,City — Boston,patient transfer israel to boston,Phrase,,https://ambulancenter.com/,from-israel,city_from,Boston
IAA | Search | Air Ambulance FROM Israel,City — Los Angeles,air ambulance from israel to los angeles,Phrase,,https://ambulancenter.com/,from-israel,city_from,Los Angeles
IAA | Search | Air Ambulance FROM Israel,City — Los Angeles,medical flight israel to los angeles,Phrase,,https://ambulancenter.com/,from-israel,city_from,Los Angeles
IAA | Search | Air Ambulance FROM Israel,City — Los Angeles,patient transfer israel to los angeles,Phrase,,https://ambulancenter.com/,from-israel,city_from,Los Angeles
IAA | Search | Air Ambulance FROM Israel,City — Toronto,air ambulance from israel to toronto,Phrase,,https://ambulancenter.com/,from-israel,city_from,Toronto
IAA | Search | Air Ambulance FROM Israel,City — Toronto,medical flight israel to toronto,Phrase,,https://ambulancenter.com/,from-israel,city_from,Toronto
IAA | Search | Air Ambulance FROM Israel,City — Toronto,patient transfer israel to toronto,Phrase,,https://ambulancenter.com/,from-israel,city_from,Toronto
IAA | Search | Air Ambulance FROM Israel,City — London,air ambulance from israel to london,Phrase,,https://ambulancenter.com/,from-israel,city_from,London
IAA | Search | Air Ambulance FROM Israel,City — London,medical flight israel to london,Phrase,,https://ambulancenter.com/,from-israel,city_from,London
IAA | Search | Air Ambulance FROM Israel,City — London,patient transfer israel to london,Phrase,,https://ambulancenter.com/,from-israel,city_from,London
IAA | Search | Air Ambulance FROM Israel,City — Paris,air ambulance from israel to paris,Phrase,,https://ambulancenter.com/,from-israel,city_from,Paris
IAA | Search | Air Ambulance FROM Israel,City — Paris,medical flight israel to paris,Phrase,,https://ambulancenter.com/,from-israel,city_from,Paris
IAA | Search | Air Ambulance FROM Israel,City — Paris,patient transfer israel to paris,Phrase,,https://ambulancenter.com/,from-israel,city_from,Paris
IAA | Search | Air Ambulance FROM Israel,City — Berlin,air ambulance from israel to berlin,Phrase,,https://ambulancenter.com/,from-israel,city_from,Berlin
IAA | Search | Air Ambulance FROM Israel,City — Berlin,medical flight israel to berlin,Phrase,,https://ambulancenter.com/,from-israel,city_from,Berlin
IAA | Search | Air Ambulance FROM Israel,City — Berlin,patient transfer israel to berlin,Phrase,,https://ambulancenter.com/,from-israel,city_from,Berlin
IAA | Search | Air Ambulance FROM Israel,City — Zurich,air ambulance from israel to zurich,Phrase,,https://ambulancenter.com/,from-israel,city_from,Zurich
IAA | Search | Air Ambulance FROM Israel,City — Zurich,medical flight israel to zurich,Phrase,,https://ambulancenter.com/,from-israel,city_from,Zurich
IAA | Search | Air Ambulance FROM Israel,City — Zurich,patient transfer israel to zurich,Phrase,,https://ambulancenter.com/,from-israel,city_from,Zurich
IAA | Search | Air Ambulance FROM Israel,City — Rome,air ambulance from israel to rome,Phrase,,https://ambulancenter.com/,from-israel,city_from,Rome
IAA | Search | Air Ambulance FROM Israel,City — Rome,medical flight israel to rome,Phrase,,https://ambulancenter.com/,from-israel,city_from,Rome
IAA | Search | Air Ambulance FROM Israel,City — Rome,patient transfer israel to rome,Phrase,,https://ambulancenter.com/,from-israel,city_from,Rome
IAA | Search | Air Ambulance FROM Israel,City — Athens,air ambulance from israel to athens,Phrase,,https://ambulancenter.com/,from-israel,city_from,Athens
IAA | Search | Air Ambulance FROM Israel,City — Athens,medical flight israel to athens,Phrase,,https://ambulancenter.com/,from-israel,city_from,Athens
IAA | Search | Air Ambulance FROM Israel,City — Athens,patient transfer israel to athens,Phrase,,https://ambulancenter.com/,from-israel,city_from,Athens
IAA | Search | Air Ambulance FROM Israel,City — Dubai,air ambulance from israel to dubai,Phrase,,https://ambulancenter.com/,from-israel,city_from,Dubai
IAA | Search | Air Ambulance FROM Israel,City — Dubai,medical flight israel to dubai,Phrase,,https://ambulancenter.com/,from-israel,city_from,Dubai
IAA | Search | Air Ambulance FROM Israel,City — Dubai,patient transfer israel to dubai,Phrase,,https://ambulancenter.com/,from-israel,city_from,Dubai
IAA | Search | Air Ambulance FROM Israel,City — Bangkok,air ambulance from israel to bangkok,Phrase,,https://ambulancenter.com/,from-israel,city_from,Bangkok
IAA | Search | Air Ambulance FROM Israel,City — Bangkok,medical flight israel to bangkok,Phrase,,https://ambulancenter.com/,from-israel,city_from,Bangkok
IAA | Search | Air Ambulance FROM Israel,City — Bangkok,patient transfer israel to bangkok,Phrase,,https://ambulancenter.com/,from-israel,city_from,Bangkok
IAA | Search | Medical Repatriation,Core High Intent,medical repatriation,Exact,,https://ambulancenter.com/,medical-repatriation,repatriation,global
IAA | Search | Medical Repatriation,Core High Intent,medical repatriation,Phrase,,https://ambulancenter.com/,medical-repatriation,repatriation,global
IAA | Search | Medical Repatriation,Core High Intent,medical repatriation israel,Exact,,https://ambulancenter.com/,medical-repatriation,repatriation,global
IAA | Search | Medical Repatriation,Core High Intent,medical repatriation israel,Phrase,,https://ambulancenter.com/,medical-repatriation,repatriation,global
IAA | Search | Medical Repatriation,Core High Intent,patient repatriation flight,Exact,,https://ambulancenter.com/,medical-repatriation,repatriation,global
IAA | Search | Medical Repatriation,Core High Intent,patient repatriation flight,Phrase,,https://ambulancenter.com/,medical-repatriation,repatriation,global
IAA | Search | Medical Repatriation,Core High Intent,repatriation medical flight,Exact,,https://ambulancenter.com/,medical-repatriation,repatriation,global
IAA | Search | Medical Repatriation,Core High Intent,repatriation medical flight,Phrase,,https://ambulancenter.com/,medical-repatriation,repatriation,global
IAA | Search | Medical Repatriation,Core High Intent,repatriation air ambulance,Exact,,https://ambulancenter.com/,medical-repatriation,repatriation,global
IAA | Search | Medical Repatriation,Core High Intent,repatriation air ambulance,Phrase,,https://ambulancenter.com/,medical-repatriation,repatriation,global
IAA | Search | Medical Repatriation,Core High Intent,fly home medical repatriation,Exact,,https://ambulancenter.com/,medical-repatriation,repatriation,global
IAA | Search | Medical Repatriation,Core High Intent,fly home medical repatriation,Phrase,,https://ambulancenter.com/,medical-repatriation,repatriation,global
IAA | Search | Medical Repatriation,Core High Intent,international medical repatriation,Exact,,https://ambulancenter.com/,medical-repatriation,repatriation,global
IAA | Search | Medical Repatriation,Core High Intent,international medical repatriation,Phrase,,https://ambulancenter.com/,medical-repatriation,repatriation,global
IAA | Search | Medical Repatriation,Core High Intent,repatriation with medical escort,Exact,,https://ambulancenter.com/,medical-repatriation,repatriation,global
IAA | Search | Medical Repatriation,Core High Intent,repatriation with medical escort,Phrase,,https://ambulancenter.com/,medical-repatriation,repatriation,global
IAA | Search | Medical Repatriation,Core High Intent,private medical repatriation,Exact,,https://ambulancenter.com/,medical-repatriation,repatriation,global
IAA | Search | Medical Repatriation,Core High Intent,private medical repatriation,Phrase,,https://ambulancenter.com/,medical-repatriation,repatriation,global
IAA | Search | Medical Repatriation,Core High Intent,emergency medical repatriation,Exact,,https://ambulancenter.com/,medical-repatriation,repatriation,global
IAA | Search | Medical Repatriation,Core High Intent,emergency medical repatriation,Phrase,,https://ambulancenter.com/,medical-repatriation,repatriation,global
IAA | Search | ICU Air Ambulance,Core High Intent,icu air ambulance,Exact,,https://ambulancenter.com/,icu-air-ambulance,icu,global
IAA | Search | ICU Air Ambulance,Core High Intent,icu air ambulance,Phrase,,https://ambulancenter.com/,icu-air-ambulance,icu,global
IAA | Search | ICU Air Ambulance,Core High Intent,icu medical flight,Exact,,https://ambulancenter.com/,icu-air-ambulance,icu,global
IAA | Search | ICU Air Ambulance,Core High Intent,icu medical flight,Phrase,,https://ambulancenter.com/,icu-air-ambulance,icu,global
IAA | Search | ICU Air Ambulance,Core High Intent,intensive care air ambulance,Exact,,https://ambulancenter.com/,icu-air-ambulance,icu,global
IAA | Search | ICU Air Ambulance,Core High Intent,intensive care air ambulance,Phrase,,https://ambulancenter.com/,icu-air-ambulance,icu,global
IAA | Search | ICU Air Ambulance,Core High Intent,critical care air ambulance,Exact,,https://ambulancenter.com/,icu-air-ambulance,icu,global
IAA | Search | ICU Air Ambulance,Core High Intent,critical care air ambulance,Phrase,,https://ambulancenter.com/,icu-air-ambulance,icu,global
IAA | Search | ICU Air Ambulance,Core High Intent,icu patient transport flight,Exact,,https://ambulancenter.com/,icu-air-ambulance,icu,global
IAA | Search | ICU Air Ambulance,Core High Intent,icu patient transport flight,Phrase,,https://ambulancenter.com/,icu-air-ambulance,icu,global
IAA | Search | ICU Air Ambulance,Core High Intent,ventilator air ambulance,Exact,,https://ambulancenter.com/,icu-air-ambulance,icu,global
IAA | Search | ICU Air Ambulance,Core High Intent,ventilator air ambulance,Phrase,,https://ambulancenter.com/,icu-air-ambulance,icu,global
IAA | Search | ICU Air Ambulance,Core High Intent,critical care medical flight,Exact,,https://ambulancenter.com/,icu-air-ambulance,icu,global
IAA | Search | ICU Air Ambulance,Core High Intent,critical care medical flight,Phrase,,https://ambulancenter.com/,icu-air-ambulance,icu,global
IAA | Search | ICU Air Ambulance,Core High Intent,mobile icu flight,Exact,,https://ambulancenter.com/,icu-air-ambulance,icu,global
IAA | Search | ICU Air Ambulance,Core High Intent,mobile icu flight,Phrase,,https://ambulancenter.com/,icu-air-ambulance,icu,global
IAA | Search | ICU Air Ambulance,Core High Intent,icu transport israel,Exact,,https://ambulancenter.com/,icu-air-ambulance,icu,global
IAA | Search | ICU Air Ambulance,Core High Intent,icu transport israel,Phrase,,https://ambulancenter.com/,icu-air-ambulance,icu,global
IAA | Search | ICU Air Ambulance,Core High Intent,intensive care medical transport,Exact,,https://ambulancenter.com/,icu-air-ambulance,icu,global
IAA | Search | ICU Air Ambulance,Core High Intent,intensive care medical transport,Phrase,,https://ambulancenter.com/,icu-air-ambulance,icu,global
IAA | Search | Emergency Medical Flight,Core High Intent,emergency medical flight,Exact,,https://ambulancenter.com/,emergency-medical-flight,emergency,global
IAA | Search | Emergency Medical Flight,Core High Intent,emergency medical flight,Phrase,,https://ambulancenter.com/,emergency-medical-flight,emergency,global
IAA | Search | Emergency Medical Flight,Core High Intent,emergency air ambulance,Exact,,https://ambulancenter.com/,emergency-medical-flight,emergency,global
IAA | Search | Emergency Medical Flight,Core High Intent,emergency air ambulance,Phrase,,https://ambulancenter.com/,emergency-medical-flight,emergency,global
IAA | Search | Emergency Medical Flight,Core High Intent,urgent medical flight,Exact,,https://ambulancenter.com/,emergency-medical-flight,emergency,global
IAA | Search | Emergency Medical Flight,Core High Intent,urgent medical flight,Phrase,,https://ambulancenter.com/,emergency-medical-flight,emergency,global
IAA | Search | Emergency Medical Flight,Core High Intent,emergency patient transfer flight,Exact,,https://ambulancenter.com/,emergency-medical-flight,emergency,global
IAA | Search | Emergency Medical Flight,Core High Intent,emergency patient transfer flight,Phrase,,https://ambulancenter.com/,emergency-medical-flight,emergency,global
IAA | Search | Emergency Medical Flight,Core High Intent,24 hour air ambulance,Exact,,https://ambulancenter.com/,emergency-medical-flight,emergency,global
IAA | Search | Emergency Medical Flight,Core High Intent,24 hour air ambulance,Phrase,,https://ambulancenter.com/,emergency-medical-flight,emergency,global
IAA | Search | Emergency Medical Flight,Core High Intent,emergency medevac,Exact,,https://ambulancenter.com/,emergency-medical-flight,emergency,global
IAA | Search | Emergency Medical Flight,Core High Intent,emergency medevac,Phrase,,https://ambulancenter.com/,emergency-medical-flight,emergency,global
IAA | Search | Emergency Medical Flight,Core High Intent,urgent air ambulance israel,Exact,,https://ambulancenter.com/,emergency-medical-flight,emergency,global
IAA | Search | Emergency Medical Flight,Core High Intent,urgent air ambulance israel,Phrase,,https://ambulancenter.com/,emergency-medical-flight,emergency,global
IAA | Search | Emergency Medical Flight,Core High Intent,emergency medical transport flight,Exact,,https://ambulancenter.com/,emergency-medical-flight,emergency,global
IAA | Search | Emergency Medical Flight,Core High Intent,emergency medical transport flight,Phrase,,https://ambulancenter.com/,emergency-medical-flight,emergency,global
IAA | Search | Emergency Medical Flight,Core High Intent,same day air ambulance,Exact,,https://ambulancenter.com/,emergency-medical-flight,emergency,global
IAA | Search | Emergency Medical Flight,Core High Intent,same day air ambulance,Phrase,,https://ambulancenter.com/,emergency-medical-flight,emergency,global
IAA | Search | Emergency Medical Flight,Core High Intent,emergency medical evacuation flight,Exact,,https://ambulancenter.com/,emergency-medical-flight,emergency,global
IAA | Search | Emergency Medical Flight,Core High Intent,emergency medical evacuation flight,Phrase,,https://ambulancenter.com/,emergency-medical-flight,emergency,global
IAA | Search | Fly Patient Home,Core High Intent,fly patient home,Exact,,https://ambulancenter.com/,fly-patient-home,fly_home,global
IAA | Search | Fly Patient Home,Core High Intent,fly patient home,Phrase,,https://ambulancenter.com/,fly-patient-home,fly_home,global
IAA | Search | Fly Patient Home,Core High Intent,fly loved one home medical,Exact,,https://ambulancenter.com/,fly-patient-home,fly_home,global
IAA | Search | Fly Patient Home,Core High Intent,fly loved one home medical,Phrase,,https://ambulancenter.com/,fly-patient-home,fly_home,global
IAA | Search | Fly Patient Home,Core High Intent,fly family member home sick,Exact,,https://ambulancenter.com/,fly-patient-home,fly_home,global
IAA | Search | Fly Patient Home,Core High Intent,fly family member home sick,Phrase,,https://ambulancenter.com/,fly-patient-home,fly_home,global
IAA | Search | Fly Patient Home,Core High Intent,bring patient home by air,Exact,,https://ambulancenter.com/,fly-patient-home,fly_home,global
IAA | Search | Fly Patient Home,Core High Intent,bring patient home by air,Phrase,,https://ambulancenter.com/,fly-patient-home,fly_home,global
IAA | Search | Fly Patient Home,Core High Intent,fly sick relative home,Exact,,https://ambulancenter.com/,fly-patient-home,fly_home,global
IAA | Search | Fly Patient Home,Core High Intent,fly sick relative home,Phrase,,https://ambulancenter.com/,fly-patient-home,fly_home,global
IAA | Search | Fly Patient Home,Core High Intent,medical flight home,Exact,,https://ambulancenter.com/,fly-patient-home,fly_home,global
IAA | Search | Fly Patient Home,Core High Intent,medical flight home,Phrase,,https://ambulancenter.com/,fly-patient-home,fly_home,global
IAA | Search | Fly Patient Home,Core High Intent,fly patient home to israel,Exact,,https://ambulancenter.com/,fly-patient-home,fly_home,global
IAA | Search | Fly Patient Home,Core High Intent,fly patient home to israel,Phrase,,https://ambulancenter.com/,fly-patient-home,fly_home,global
IAA | Search | Fly Patient Home,Core High Intent,fly patient home from israel,Exact,,https://ambulancenter.com/,fly-patient-home,fly_home,global
IAA | Search | Fly Patient Home,Core High Intent,fly patient home from israel,Phrase,,https://ambulancenter.com/,fly-patient-home,fly_home,global
IAA | Search | Fly Patient Home,Core High Intent,bring them home medical flight,Exact,,https://ambulancenter.com/,fly-patient-home,fly_home,global
IAA | Search | Fly Patient Home,Core High Intent,bring them home medical flight,Phrase,,https://ambulancenter.com/,fly-patient-home,fly_home,global
IAA | Search | Fly Patient Home,Core High Intent,fly home after hospitalization abroad,Exact,,https://ambulancenter.com/,fly-patient-home,fly_home,global
IAA | Search | Fly Patient Home,Core High Intent,fly home after hospitalization abroad,Phrase,,https://ambulancenter.com/,fly-patient-home,fly_home,global
IAA | Search | Fly Patient Home,Core High Intent,patient flight home international,Exact,,https://ambulancenter.com/,fly-patient-home,fly_home,global
IAA | Search | Fly Patient Home,Core High Intent,patient flight home international,Phrase,,https://ambulancenter.com/,fly-patient-home,fly_home,global
IAA | Search | Fly Patient Home,Core High Intent,arrange flight home for patient,Exact,,https://ambulancenter.com/,fly-patient-home,fly_home,global
IAA | Search | Fly Patient Home,Core High Intent,arrange flight home for patient,Phrase,,https://ambulancenter.com/,fly-patient-home,fly_home,global
IAA | Search | Emergency Patient Return,Core High Intent,emergency patient return,Exact,,https://ambulancenter.com/,emergency-patient-return,patient_return,global
IAA | Search | Emergency Patient Return,Core High Intent,emergency patient return,Phrase,,https://ambulancenter.com/,emergency-patient-return,patient_return,global
IAA | Search | Emergency Patient Return,Core High Intent,emergency return of patient,Exact,,https://ambulancenter.com/,emergency-patient-return,patient_return,global
IAA | Search | Emergency Patient Return,Core High Intent,emergency return of patient,Phrase,,https://ambulancenter.com/,emergency-patient-return,patient_return,global
IAA | Search | Emergency Patient Return,Core High Intent,urgent patient return home,Exact,,https://ambulancenter.com/,emergency-patient-return,patient_return,global
IAA | Search | Emergency Patient Return,Core High Intent,urgent patient return home,Phrase,,https://ambulancenter.com/,emergency-patient-return,patient_return,global
IAA | Search | Emergency Patient Return,Core High Intent,emergency medical return flight,Exact,,https://ambulancenter.com/,emergency-patient-return,patient_return,global
IAA | Search | Emergency Patient Return,Core High Intent,emergency medical return flight,Phrase,,https://ambulancenter.com/,emergency-patient-return,patient_return,global
IAA | Search | Emergency Patient Return,Core High Intent,return patient to israel emergency,Exact,,https://ambulancenter.com/,emergency-patient-return,patient_return,global
IAA | Search | Emergency Patient Return,Core High Intent,return patient to israel emergency,Phrase,,https://ambulancenter.com/,emergency-patient-return,patient_return,global
IAA | Search | Emergency Patient Return,Core High Intent,emergency return from abroad medical,Exact,,https://ambulancenter.com/,emergency-patient-return,patient_return,global
IAA | Search | Emergency Patient Return,Core High Intent,emergency return from abroad medical,Phrase,,https://ambulancenter.com/,emergency-patient-return,patient_return,global
IAA | Search | Emergency Patient Return,Core High Intent,urgent repatriation flight,Exact,,https://ambulancenter.com/,emergency-patient-return,patient_return,global
IAA | Search | Emergency Patient Return,Core High Intent,urgent repatriation flight,Phrase,,https://ambulancenter.com/,emergency-patient-return,patient_return,global
IAA | Search | Emergency Patient Return,Core High Intent,emergency patient transfer home,Exact,,https://ambulancenter.com/,emergency-patient-return,patient_return,global
IAA | Search | Emergency Patient Return,Core High Intent,emergency patient transfer home,Phrase,,https://ambulancenter.com/,emergency-patient-return,patient_return,global
IAA | Search | Emergency Patient Return,Core High Intent,bring patient back urgently,Exact,,https://ambulancenter.com/,emergency-patient-return,patient_return,global
IAA | Search | Emergency Patient Return,Core High Intent,bring patient back urgently,Phrase,,https://ambulancenter.com/,emergency-patient-return,patient_return,global
IAA | Search | Emergency Patient Return,Core High Intent,emergency return medical transport,Exact,,https://ambulancenter.com/,emergency-patient-return,patient_return,global
IAA | Search | Emergency Patient Return,Core High Intent,emergency return medical transport,Phrase,,https://ambulancenter.com/,emergency-patient-return,patient_return,global
IAA | Search | Brand,Brand — Exact/Phrase,israel air ambulance,Exact,,https://ambulancenter.com/,brand,brand,global
IAA | Search | Brand,Brand — Exact/Phrase,israel air ambulance,Phrase,,https://ambulancenter.com/,brand,brand,global
IAA | Search | Brand,Brand — Exact/Phrase,israel air & ambulance,Exact,,https://ambulancenter.com/,brand,brand,global
IAA | Search | Brand,Brand — Exact/Phrase,israel air & ambulance,Phrase,,https://ambulancenter.com/,brand,brand,global
IAA | Search | Brand,Brand — Exact/Phrase,ambulancenter,Exact,,https://ambulancenter.com/,brand,brand,global
IAA | Search | Brand,Brand — Exact/Phrase,ambulancenter,Phrase,,https://ambulancenter.com/,brand,brand,global
IAA | Search | Brand,Brand — Exact/Phrase,ambulance center israel,Phrase,,https://ambulancenter.com/,brand,brand,global
IAA | Search | Brand,Brand — Exact/Phrase,israel airambulance,Phrase,,https://ambulancenter.com/,brand,brand,global
